[0.000000] (-) TimerEvent: {}
[0.000370] (bill_interfaces) JobQueued: {'identifier': 'bill_interfaces', 'dependencies': OrderedDict()}
[0.000438] (person_identification_mission) JobQueued: {'identifier': 'person_identification_mission', 'dependencies': OrderedDict([('bill_interfaces', '/home/vic/billeagle_ws/personal_ws/install/bill_interfaces')])}
[0.000474] (bill_bringup) JobQueued: {'identifier': 'bill_bringup', 'dependencies': OrderedDict([('bill_interfaces', '/home/vic/billeagle_ws/personal_ws/install/bill_interfaces'), ('person_identification_mission', '/home/vic/billeagle_ws/personal_ws/install/person_identification_mission')])}
[0.000501] (bill_interfaces) JobStarted: {'identifier': 'bill_interfaces'}
[0.004966] (bill_interfaces) JobProgress: {'identifier': 'bill_interfaces', 'progress': 'cmake'}
[0.005237] (bill_interfaces) Command: {'cmd': ['/usr/bin/cmake', '/home/vic/billeagle_ws/personal_ws/src/bill_interfaces', '-DCMAKE_INSTALL_PREFIX=/home/vic/billeagle_ws/personal_ws/install/bill_interfaces'], 'cwd': '/home/vic/billeagle_ws/personal_ws/build/bill_interfaces', 'env': OrderedDict([('LESSOPEN', '| /usr/bin/lesspipe %s'), ('USER', 'vic'), ('LC_TIME', 'pt_BR.UTF-8'), ('XDG_SESSION_TYPE', 'x11'), ('SHLVL', '1'), ('LD_LIBRARY_PATH', '/home/vic/billeagle_ws/personal_ws/install/bill_interfaces/lib:/opt/ros/humble/opt/rviz_ogre_vendor/lib:/opt/ros/humble/lib/x86_64-linux-gnu:/opt/ros/humble/lib'), ('HOME', '/home/vic'), ('OLDPWD', '/home/vic'), ('DESKTOP_SESSION', 'ubuntu'), ('ROS_PYTHON_VERSION', '3'), ('GNOME_SHELL_SESSION_MODE', 'ubuntu'), ('GTK_MODULES', 'gail:atk-bridge'), ('LC_MONETARY', 'pt_BR.UTF-8'), ('MANAGERPID', '7518'), ('LC_CTYPE', 'pt_BR.UTF-8'), ('SYSTEMD_EXEC_PID', '8049'), ('DBUS_SESSION_BUS_ADDRESS', 'unix:path=/run/user/1001/bus'), ('COLORTERM', 'truecolor'), ('TERMINATOR_DBUS_NAME', 'net.tenshu.Terminator23558193cd9818af7fe4d2c2f5bd9d00f'), ('GIO_LAUNCHED_DESKTOP_FILE_PID', '8994'), ('COLCON_PREFIX_PATH', '/home/vic/billeagle_ws/personal_ws/install'), ('ROS_DISTRO', 'humble'), ('GTK_IM_MODULE', 'ibus'), ('LOGNAME', 'vic'), ('JOURNAL_STREAM', '8:47867'), ('_', '/usr/bin/colcon'), ('ROS_VERSION', '2'), ('XDG_SESSION_CLASS', 'user'), ('USERNAME', 'vic'), ('TERM', 'xterm-256color'), ('GNOME_DESKTOP_SESSION_ID', 'this-is-deprecated'), ('ROS_LOCALHOST_ONLY', '0'), ('WINDOWPATH', '2'), ('PATH', '/opt/ros/humble/bin:/usr/local/sbin:/usr/local/bin:/usr/sbin:/usr/bin:/sbin:/bin:/usr/games:/usr/local/games:/snap/bin:/snap/bin'), ('SESSION_MANAGER', 'local/bill8-Dell-G15-5520:@/tmp/.ICE-unix/7809,unix/bill8-Dell-G15-5520:/tmp/.ICE-unix/7809'), ('INVOCATION_ID', '1a1902976b484525b38f026e0a8bfdeb'), ('XDG_MENU_PREFIX', 'gnome-'), ('LC_ADDRESS', 'pt_BR.UTF-8'), ('XDG_RUNTIME_DIR', '/run/user/1001'), ('DISPLAY', ':1'), ('TERMINATOR_DBUS_PATH', '/net/tenshu/Terminator2'), ('LANG', 'en_US.UTF-8'), ('XDG_CURRENT_DESKTOP', 'ubuntu:GNOME'), ('IBUS_DISABLE_SNOOPER', '1'), ('LC_TELEPHONE', 'pt_BR.UTF-8'), ('XMODIFIERS', '@im=ibus'), ('XDG_SESSION_DESKTOP', 'ubuntu'), ('XAUTHORITY', '/run/user/1001/gdm/Xauthority'), ('LS_COLORS', 'rs=0:di=01;34:ln=01;36:mh=00:pi=40;33:so=01;35:do=01;35:bd=40;33;01:cd=40;33;01:or=40;31;01:mi=00:su=37;41:sg=30;43:ca=30;41:tw=30;42:ow=34;42:st=37;44:ex=01;32:*.tar=01;31:*.tgz=01;31:*.arc=01;31:*.arj=01;31:*.taz=01;31:*.lha=01;31:*.lz4=01;31:*.lzh=01;31:*.lzma=01;31:*.tlz=01;31:*.txz=01;31:*.tzo=01;31:*.t7z=01;31:*.zip=01;31:*.z=01;31:*.dz=01;31:*.gz=01;31:*.lrz=01;31:*.lz=01;31:*.lzo=01;31:*.xz=01;31:*.zst=01;31:*.tzst=01;31:*.bz2=01;31:*.bz=01;31:*.tbz=01;31:*.tbz2=01;31:*.tz=01;31:*.deb=01;31:*.rpm=01;31:*.jar=01;31:*.war=01;31:*.ear=01;31:*.sar=01;31:*.rar=01;31:*.alz=01;31:*.ace=01;31:*.zoo=01;31:*.cpio=01;31:*.7z=01;31:*.rz=01;31:*.cab=01;31:*.wim=01;31:*.swm=01;31:*.dwm=01;31:*.esd=01;31:*.jpg=01;35:*.jpeg=01;35:*.mjpg=01;35:*.mjpeg=01;35:*.gif=01;35:*.bmp=01;35:*.pbm=01;35:*.pgm=01;35:*.ppm=01;35:*.tga=01;35:*.xbm=01;35:*.xpm=01;35:*.tif=01;35:*.tiff=01;35:*.png=01;35:*.svg=01;35:*.svgz=01;35:*.mng=01;35:*.pcx=01;35:*.mov=01;35:*.mpg=01;35:*.mpeg=01;35:*.m2v=01;35:*.mkv=01;35:*.webm=01;35:*.webp=01;35:*.ogm=01;35:*.mp4=01;35:*.m4v=01;35:*.mp4v=01;35:*.vob=01;35:*.qt=01;35:*.nuv=01;35:*.wmv=01;35:*.asf=01;35:*.rm=01;35:*.rmvb=01;35:*.flc=01;35:*.avi=01;35:*.fli=01;35:*.flv=01;35:*.gl=01;35:*.dl=01;35:*.xcf=01;35:*.xwd=01;35:*.yuv=01;35:*.cgm=01;35:*.emf=01;35:*.ogv=01;35:*.ogx=01;35:*.aac=00;36:*.au=00;36:*.flac=00;36:*.m4a=00;36:*.mid=00;36:*.midi=00;36:*.mka=00;36:*.mp3=00;36:*.mpc=00;36:*.ogg=00;36:*.ra=00;36:*.wav=00;36:*.oga=00;36:*.opus=00;36:*.spx=00;36:*.xspf=00;36:'), ('SSH_AGENT_LAUNCHER', 'gnome-keyring'), ('SSH_AUTH_SOCK', '/run/user/1001/keyring/ssh'), ('AMENT_PREFIX_PATH', '/home/vic/billeagle_ws/personal_ws/install/bill_bringup:/home/vic/billeagle_ws/personal_ws/install/person_identification_mission:/home/vic/billeagle_ws/personal_ws/install/bill_interfaces:/opt/ros/humble'), ('SHELL', '/bin/bash'), ('LC_NAME', 'pt_BR.UTF-8'), ('TERMINATOR_UUID', 'urn:uuid:199f9e16-ddad-4394-820a-901dc74e591a'), ('QT_ACCESSIBILITY', '1'), ('GDMSESSION', 'ubuntu'), ('LESSCLOSE', '/usr/bin/lesspipe %s %s'), ('LC_MEASUREMENT', 'pt_BR.UTF-8'), ('GPG_AGENT_INFO', '/run/user/1001/gnupg/S.gpg-agent:0:1'), ('LC_IDENTIFICATION', 'pt_BR.UTF-8'), ('QT_IM_MODULE', 'ibus'), ('PWD', '/home/vic/billeagle_ws/personal_ws/build/bill_interfaces'), ('LC_ALL', 'en_US.UTF-8'), ('XDG_CONFIG_DIRS', '/etc/xdg/xdg-ubuntu:/etc/xdg'), ('XDG_DATA_DIRS', '/usr/share/ubuntu:/usr/share/gnome:/usr/local/share/:/usr/share/:/var/lib/snapd/desktop'), ('PYTHONPATH', '/home/vic/billeagle_ws/personal_ws/install/person_identification_mission/lib/python3.10/site-packages:/home/vic/billeagle_ws/personal_ws/install/bill_interfaces/local/lib/python3.10/dist-packages:/opt/ros/humble/lib/python3.10/site-packages:/opt/ros/humble/local/lib/python3.10/dist-packages'), ('LC_NUMERIC', 'pt_BR.UTF-8'), ('LC_PAPER', 'pt_BR.UTF-8'), ('COLCON', '1'), ('VTE_VERSION', '6800'), ('CMAKE_PREFIX_PATH', '/home/vic/billeagle_ws/personal_ws/install/bill_bringup:/home/vic/billeagle_ws/personal_ws/install/bill_interfaces:/opt/ros/humble::/home/vic/billeagle_ws/personal_ws/install/person_identification_mission')]), 'shell': False}
[0.057746] (bill_interfaces) StdoutLine: {'line': b'-- The C compiler identification is GNU 11.4.0\n'}
[0.097079] (bill_interfaces) StdoutLine: {'line': b'-- The CXX compiler identification is GNU 11.4.0\n'}
[0.099813] (-) TimerEvent: {}
[0.101654] (bill_interfaces) StdoutLine: {'line': b'-- Detecting C compiler ABI info\n'}
[0.156889] (bill_interfaces) StdoutLine: {'line': b'-- Detecting C compiler ABI info - done\n'}
[0.161136] (bill_interfaces) StdoutLine: {'line': b'-- Check for working C compiler: /usr/bin/cc - skipped\n'}
[0.161300] (bill_interfaces) StdoutLine: {'line': b'-- Detecting C compile features\n'}
[0.161406] (bill_interfaces) StdoutLine: {'line': b'-- Detecting C compile features - done\n'}
[0.163250] (bill_interfaces) StdoutLine: {'line': b'-- Detecting CXX compiler ABI info\n'}
[0.200011] (-) TimerEvent: {}
[0.220068] (bill_interfaces) StdoutLine: {'line': b'-- Detecting CXX compiler ABI info - done\n'}
[0.224262] (bill_interfaces) StdoutLine: {'line': b'-- Check for working CXX compiler: /usr/bin/c++ - skipped\n'}
[0.224450] (bill_interfaces) StdoutLine: {'line': b'-- Detecting CXX compile features\n'}
[0.224677] (bill_interfaces) StdoutLine: {'line': b'-- Detecting CXX compile features - done\n'}
[0.225814] (bill_interfaces) StdoutLine: {'line': b'-- Found ament_cmake: 1.3.11 (/opt/ros/humble/share/ament_cmake/cmake)\n'}
[0.300221] (-) TimerEvent: {}
[0.325234] (bill_interfaces) StdoutLine: {'line': b'-- Found Python3: /usr/bin/python3 (found version "3.10.12") found components: Interpreter \n'}
[0.383791] (bill_interfaces) StdoutLine: {'line': b'-- Found rosidl_default_generators: 1.2.0 (/opt/ros/humble/share/rosidl_default_generators/cmake)\n'}
[0.385415] (bill_interfaces) StdoutLine: {'line': b'-- Using all available rosidl_typesupport_c: rosidl_typesupport_fastrtps_c;rosidl_typesupport_introspection_c\n'}
[0.388472] (bill_interfaces) StdoutLine: {'line': b'-- Found rosidl_adapter: 3.1.6 (/opt/ros/humble/share/rosidl_adapter/cmake)\n'}
[0.400438] (-) TimerEvent: {}
[0.410472] (bill_interfaces) StdoutLine: {'line': b'-- Using all available rosidl_typesupport_cpp: rosidl_typesupport_fastrtps_cpp;rosidl_typesupport_introspection_cpp\n'}
[0.500666] (-) TimerEvent: {}
[0.601022] (-) TimerEvent: {}
[0.621388] (bill_interfaces) StdoutLine: {'line': b'-- Found ament_cmake_ros: 0.10.0 (/opt/ros/humble/share/ament_cmake_ros/cmake)\n'}
[0.701239] (-) TimerEvent: {}
[0.736492] (bill_interfaces) StdoutLine: {'line': b'-- Using all available rosidl_typesupport_c: rosidl_typesupport_fastrtps_c;rosidl_typesupport_introspection_c\n'}
[0.801475] (-) TimerEvent: {}
[0.891662] (bill_interfaces) StdoutLine: {'line': b'-- Using all available rosidl_typesupport_cpp: rosidl_typesupport_fastrtps_cpp;rosidl_typesupport_introspection_cpp\n'}
[0.901595] (-) TimerEvent: {}
[0.906349] (bill_interfaces) StdoutLine: {'line': b'-- Found PythonInterp: /usr/bin/python3 (found suitable version "3.10.12", minimum required is "3.6") \n'}
[0.907940] (bill_interfaces) StdoutLine: {'line': b'-- Found python_cmake_module: 0.10.0 (/opt/ros/humble/share/python_cmake_module/cmake)\n'}
[0.925776] (bill_interfaces) StdoutLine: {'line': b'-- Found PythonLibs: /usr/lib/x86_64-linux-gnu/libpython3.10.so (found suitable version "3.10.12", minimum required is "3.5") \n'}
[0.925905] (bill_interfaces) StdoutLine: {'line': b'-- Using PYTHON_EXECUTABLE: /usr/bin/python3\n'}
[0.925971] (bill_interfaces) StdoutLine: {'line': b'-- Using PYTHON_INCLUDE_DIRS: /usr/include/python3.10\n'}
[0.926031] (bill_interfaces) StdoutLine: {'line': b'-- Using PYTHON_LIBRARIES: /usr/lib/x86_64-linux-gnu/libpython3.10.so\n'}
[0.938617] (bill_interfaces) StdoutLine: {'line': b'-- Found PythonExtra: .so  \n'}
[0.960910] (bill_interfaces) StdoutLine: {'line': b'-- Configuring done\n'}
[0.978394] (bill_interfaces) StdoutLine: {'line': b'-- Generating done\n'}
[0.983918] (bill_interfaces) StdoutLine: {'line': b'-- Build files have been written to: /home/vic/billeagle_ws/personal_ws/build/bill_interfaces\n'}
[0.989236] (bill_interfaces) CommandEnded: {'returncode': 0}
[0.990053] (bill_interfaces) JobProgress: {'identifier': 'bill_interfaces', 'progress': 'build'}
[0.990531] (bill_interfaces) Command: {'cmd': ['/usr/bin/cmake', '--build', '/home/vic/billeagle_ws/personal_ws/build/bill_interfaces', '--', '-j16', '-l16'], 'cwd': '/home/vic/billeagle_ws/personal_ws/build/bill_interfaces', 'env': OrderedDict([('LESSOPEN', '| /usr/bin/lesspipe %s'), ('USER', 'vic'), ('LC_TIME', 'pt_BR.UTF-8'), ('XDG_SESSION_TYPE', 'x11'), ('SHLVL', '1'), ('LD_LIBRARY_PATH', '/home/vic/billeagle_ws/personal_ws/install/bill_interfaces/lib:/opt/ros/humble/opt/rviz_ogre_vendor/lib:/opt/ros/humble/lib/x86_64-linux-gnu:/opt/ros/humble/lib'), ('HOME', '/home/vic'), ('OLDPWD', '/home/vic'), ('DESKTOP_SESSION', 'ubuntu'), ('ROS_PYTHON_VERSION', '3'), ('GNOME_SHELL_SESSION_MODE', 'ubuntu'), ('GTK_MODULES', 'gail:atk-bridge'), ('LC_MONETARY', 'pt_BR.UTF-8'), ('MANAGERPID', '7518'), ('LC_CTYPE', 'pt_BR.UTF-8'), ('SYSTEMD_EXEC_PID', '8049'), ('DBUS_SESSION_BUS_ADDRESS', 'unix:path=/run/user/1001/bus'), ('COLORTERM', 'truecolor'), ('TERMINATOR_DBUS_NAME', 'net.tenshu.Terminator23558193cd9818af7fe4d2c2f5bd9d00f'), ('GIO_LAUNCHED_DESKTOP_FILE_PID', '8994'), ('COLCON_PREFIX_PATH', '/home/vic/billeagle_ws/personal_ws/install'), ('ROS_DISTRO', 'humble'), ('GTK_IM_MODULE', 'ibus'), ('LOGNAME', 'vic'), ('JOURNAL_STREAM', '8:47867'), ('_', '/usr/bin/colcon'), ('ROS_VERSION', '2'), ('XDG_SESSION_CLASS', 'user'), ('USERNAME', 'vic'), ('TERM', 'xterm-256color'), ('GNOME_DESKTOP_SESSION_ID', 'this-is-deprecated'), ('ROS_LOCALHOST_ONLY', '0'), ('WINDOWPATH', '2'), ('PATH', '/opt/ros/humble/bin:/usr/local/sbin:/usr/local/bin:/usr/sbin:/usr/bin:/sbin:/bin:/usr/games:/usr/local/games:/snap/bin:/snap/bin'), ('SESSION_MANAGER', 'local/bill8-Dell-G15-5520:@/tmp/.ICE-unix/7809,unix/bill8-Dell-G15-5520:/tmp/.ICE-unix/7809'), ('INVOCATION_ID', '1a1902976b484525b38f026e0a8bfdeb'), ('XDG_MENU_PREFIX', 'gnome-'), ('LC_ADDRESS', 'pt_BR.UTF-8'), ('XDG_RUNTIME_DIR', '/run/user/1001'), ('DISPLAY', ':1'), ('TERMINATOR_DBUS_PATH', '/net/tenshu/Terminator2'), ('LANG', 'en_US.UTF-8'), ('XDG_CURRENT_DESKTOP', 'ubuntu:GNOME'), ('IBUS_DISABLE_SNOOPER', '1'), ('LC_TELEPHONE', 'pt_BR.UTF-8'), ('XMODIFIERS', '@im=ibus'), ('XDG_SESSION_DESKTOP', 'ubuntu'), ('XAUTHORITY', '/run/user/1001/gdm/Xauthority'), ('LS_COLORS', 'rs=0:di=01;34:ln=01;36:mh=00:pi=40;33:so=01;35:do=01;35:bd=40;33;01:cd=40;33;01:or=40;31;01:mi=00:su=37;41:sg=30;43:ca=30;41:tw=30;42:ow=34;42:st=37;44:ex=01;32:*.tar=01;31:*.tgz=01;31:*.arc=01;31:*.arj=01;31:*.taz=01;31:*.lha=01;31:*.lz4=01;31:*.lzh=01;31:*.lzma=01;31:*.tlz=01;31:*.txz=01;31:*.tzo=01;31:*.t7z=01;31:*.zip=01;31:*.z=01;31:*.dz=01;31:*.gz=01;31:*.lrz=01;31:*.lz=01;31:*.lzo=01;31:*.xz=01;31:*.zst=01;31:*.tzst=01;31:*.bz2=01;31:*.bz=01;31:*.tbz=01;31:*.tbz2=01;31:*.tz=01;31:*.deb=01;31:*.rpm=01;31:*.jar=01;31:*.war=01;31:*.ear=01;31:*.sar=01;31:*.rar=01;31:*.alz=01;31:*.ace=01;31:*.zoo=01;31:*.cpio=01;31:*.7z=01;31:*.rz=01;31:*.cab=01;31:*.wim=01;31:*.swm=01;31:*.dwm=01;31:*.esd=01;31:*.jpg=01;35:*.jpeg=01;35:*.mjpg=01;35:*.mjpeg=01;35:*.gif=01;35:*.bmp=01;35:*.pbm=01;35:*.pgm=01;35:*.ppm=01;35:*.tga=01;35:*.xbm=01;35:*.xpm=01;35:*.tif=01;35:*.tiff=01;35:*.png=01;35:*.svg=01;35:*.svgz=01;35:*.mng=01;35:*.pcx=01;35:*.mov=01;35:*.mpg=01;35:*.mpeg=01;35:*.m2v=01;35:*.mkv=01;35:*.webm=01;35:*.webp=01;35:*.ogm=01;35:*.mp4=01;35:*.m4v=01;35:*.mp4v=01;35:*.vob=01;35:*.qt=01;35:*.nuv=01;35:*.wmv=01;35:*.asf=01;35:*.rm=01;35:*.rmvb=01;35:*.flc=01;35:*.avi=01;35:*.fli=01;35:*.flv=01;35:*.gl=01;35:*.dl=01;35:*.xcf=01;35:*.xwd=01;35:*.yuv=01;35:*.cgm=01;35:*.emf=01;35:*.ogv=01;35:*.ogx=01;35:*.aac=00;36:*.au=00;36:*.flac=00;36:*.m4a=00;36:*.mid=00;36:*.midi=00;36:*.mka=00;36:*.mp3=00;36:*.mpc=00;36:*.ogg=00;36:*.ra=00;36:*.wav=00;36:*.oga=00;36:*.opus=00;36:*.spx=00;36:*.xspf=00;36:'), ('SSH_AGENT_LAUNCHER', 'gnome-keyring'), ('SSH_AUTH_SOCK', '/run/user/1001/keyring/ssh'), ('AMENT_PREFIX_PATH', '/home/vic/billeagle_ws/personal_ws/install/bill_bringup:/home/vic/billeagle_ws/personal_ws/install/person_identification_mission:/home/vic/billeagle_ws/personal_ws/install/bill_interfaces:/opt/ros/humble'), ('SHELL', '/bin/bash'), ('LC_NAME', 'pt_BR.UTF-8'), ('TERMINATOR_UUID', 'urn:uuid:199f9e16-ddad-4394-820a-901dc74e591a'), ('QT_ACCESSIBILITY', '1'), ('GDMSESSION', 'ubuntu'), ('LESSCLOSE', '/usr/bin/lesspipe %s %s'), ('LC_MEASUREMENT', 'pt_BR.UTF-8'), ('GPG_AGENT_INFO', '/run/user/1001/gnupg/S.gpg-agent:0:1'), ('LC_IDENTIFICATION', 'pt_BR.UTF-8'), ('QT_IM_MODULE', 'ibus'), ('PWD', '/home/vic/billeagle_ws/personal_ws/build/bill_interfaces'), ('LC_ALL', 'en_US.UTF-8'), ('XDG_CONFIG_DIRS', '/etc/xdg/xdg-ubuntu:/etc/xdg'), ('XDG_DATA_DIRS', '/usr/share/ubuntu:/usr/share/gnome:/usr/local/share/:/usr/share/:/var/lib/snapd/desktop'), ('PYTHONPATH', '/home/vic/billeagle_ws/personal_ws/install/person_identification_mission/lib/python3.10/site-packages:/home/vic/billeagle_ws/personal_ws/install/bill_interfaces/local/lib/python3.10/dist-packages:/opt/ros/humble/lib/python3.10/site-packages:/opt/ros/humble/local/lib/python3.10/dist-packages'), ('LC_NUMERIC', 'pt_BR.UTF-8'), ('LC_PAPER', 'pt_BR.UTF-8'), ('COLCON', '1'), ('VTE_VERSION', '6800'), ('CMAKE_PREFIX_PATH', '/home/vic/billeagle_ws/personal_ws/install/bill_bringup:/home/vic/billeagle_ws/personal_ws/install/bill_interfaces:/opt/ros/humble::/home/vic/billeagle_ws/personal_ws/install/person_identification_mission')]), 'shell': False}
[1.001661] (-) TimerEvent: {}
[1.021372] (bill_interfaces) StdoutLine: {'line': b'[  1%] \x1b[34m\x1b[1mGenerating C code for ROS interfaces\x1b[0m\n'}
[1.029524] (bill_interfaces) StdoutLine: {'line': b'[  2%] \x1b[34m\x1b[1mGenerating C++ code for ROS interfaces\x1b[0m\n'}
[1.033731] (bill_interfaces) StdoutLine: {'line': b'[  2%] Built target ament_cmake_python_copy_bill_interfaces\n'}
[1.101745] (-) TimerEvent: {}
[1.168621] (bill_interfaces) StdoutLine: {'line': b'running egg_info\n'}
[1.168871] (bill_interfaces) StdoutLine: {'line': b'creating bill_interfaces.egg-info\n'}
[1.169037] (bill_interfaces) StdoutLine: {'line': b'writing bill_interfaces.egg-info/PKG-INFO\n'}
[1.169108] (bill_interfaces) StdoutLine: {'line': b'writing dependency_links to bill_interfaces.egg-info/dependency_links.txt\n'}
[1.169250] (bill_interfaces) StdoutLine: {'line': b'writing top-level names to bill_interfaces.egg-info/top_level.txt\n'}
[1.169294] (bill_interfaces) StdoutLine: {'line': b"writing manifest file 'bill_interfaces.egg-info/SOURCES.txt'\n"}
[1.170338] (bill_interfaces) StdoutLine: {'line': b"reading manifest file 'bill_interfaces.egg-info/SOURCES.txt'\n"}
[1.170572] (bill_interfaces) StdoutLine: {'line': b"writing manifest file 'bill_interfaces.egg-info/SOURCES.txt'\n"}
[1.188348] (bill_interfaces) StdoutLine: {'line': b'[  2%] Built target ament_cmake_python_build_bill_interfaces_egg\n'}
[1.201808] (-) TimerEvent: {}
[1.301966] (-) TimerEvent: {}
[1.350584] (bill_interfaces) StdoutLine: {'line': b'[  5%] \x1b[32mBuilding C object CMakeFiles/bill_interfaces__rosidl_generator_c.dir/rosidl_generator_c/bill_interfaces/msg/detail/mission_status__functions.c.o\x1b[0m\n'}
[1.350795] (bill_interfaces) StdoutLine: {'line': b'[  5%] \x1b[32mBuilding C object CMakeFiles/bill_interfaces__rosidl_generator_c.dir/rosidl_generator_c/bill_interfaces/srv/detail/get_trained__functions.c.o\x1b[0m\n'}
[1.350881] (bill_interfaces) StdoutLine: {'line': b'[  7%] \x1b[32mBuilding C object CMakeFiles/bill_interfaces__rosidl_generator_c.dir/rosidl_generator_c/bill_interfaces/srv/detail/execute_spin__functions.c.o\x1b[0m\n'}
[1.351163] (bill_interfaces) StdoutLine: {'line': b'[  8%] \x1b[32mBuilding C object CMakeFiles/bill_interfaces__rosidl_generator_c.dir/rosidl_generator_c/bill_interfaces/srv/detail/say_something__functions.c.o\x1b[0m\n'}
[1.351957] (bill_interfaces) StdoutLine: {'line': b'[  9%] \x1b[32mBuilding C object CMakeFiles/bill_interfaces__rosidl_generator_c.dir/rosidl_generator_c/bill_interfaces/srv/detail/search_for__functions.c.o\x1b[0m\n'}
[1.352274] (bill_interfaces) StdoutLine: {'line': b'[ 11%] \x1b[32mBuilding C object CMakeFiles/bill_interfaces__rosidl_generator_c.dir/rosidl_generator_c/bill_interfaces/srv/detail/get_name__functions.c.o\x1b[0m\n'}
[1.355045] (bill_interfaces) StdoutLine: {'line': b'[ 11%] Built target bill_interfaces__cpp\n'}
[1.363803] (bill_interfaces) StdoutLine: {'line': b'[ 15%] \x1b[34m\x1b[1mGenerating C++ type support for eProsima Fast-RTPS\x1b[0m\n'}
[1.363972] (bill_interfaces) StdoutLine: {'line': b'[ 15%] \x1b[34m\x1b[1mGenerating C++ type support dispatch for ROS interfaces\x1b[0m\n'}
[1.364047] (bill_interfaces) StdoutLine: {'line': b'[ 15%] \x1b[34m\x1b[1mGenerating C++ introspection for ROS interfaces\x1b[0m\n'}
[1.402064] (-) TimerEvent: {}
[1.436698] (bill_interfaces) StdoutLine: {'line': b'[ 16%] \x1b[32m\x1b[1mLinking C shared library libbill_interfaces__rosidl_generator_c.so\x1b[0m\n'}
[1.469153] (bill_interfaces) StdoutLine: {'line': b'[ 16%] Built target bill_interfaces__rosidl_generator_c\n'}
[1.478102] (bill_interfaces) StdoutLine: {'line': b'[ 21%] \x1b[34m\x1b[1mGenerating C type support dispatch for ROS interfaces\x1b[0m\n'}
[1.478277] (bill_interfaces) StdoutLine: {'line': b'[ 21%] \x1b[34m\x1b[1mGenerating C type support for eProsima Fast-RTPS\x1b[0m\n'}
[1.478344] (bill_interfaces) StdoutLine: {'line': b'[ 21%] \x1b[34m\x1b[1mGenerating C introspection for ROS interfaces\x1b[0m\n'}
[1.502184] (-) TimerEvent: {}
[1.601461] (bill_interfaces) StdoutLine: {'line': b'[ 22%] \x1b[32mBuilding CXX object CMakeFiles/bill_interfaces__rosidl_typesupport_cpp.dir/rosidl_typesupport_cpp/bill_interfaces/srv/get_trained__type_support.cpp.o\x1b[0m\n'}
[1.602289] (bill_interfaces) StdoutLine: {'line': b'[ 23%] \x1b[32mBuilding CXX object CMakeFiles/bill_interfaces__rosidl_typesupport_cpp.dir/rosidl_typesupport_cpp/bill_interfaces/srv/search_for__type_support.cpp.o\x1b[0m\n'}
[1.602429] (-) TimerEvent: {}
[1.602715] (bill_interfaces) StdoutLine: {'line': b'[ 25%] \x1b[32mBuilding CXX object CMakeFiles/bill_interfaces__rosidl_typesupport_cpp.dir/rosidl_typesupport_cpp/bill_interfaces/srv/execute_spin__type_support.cpp.o\x1b[0m\n'}
[1.603084] (bill_interfaces) StdoutLine: {'line': b'[ 28%] \x1b[32mBuilding CXX object CMakeFiles/bill_interfaces__rosidl_typesupport_cpp.dir/rosidl_typesupport_cpp/bill_interfaces/msg/mission_status__type_support.cpp.o\x1b[0m\n'}
[1.603181] (bill_interfaces) StdoutLine: {'line': b'[ 28%] \x1b[32mBuilding CXX object CMakeFiles/bill_interfaces__rosidl_typesupport_cpp.dir/rosidl_typesupport_cpp/bill_interfaces/srv/get_name__type_support.cpp.o\x1b[0m\n'}
[1.604252] (bill_interfaces) StdoutLine: {'line': b'[ 29%] \x1b[32mBuilding CXX object CMakeFiles/bill_interfaces__rosidl_typesupport_cpp.dir/rosidl_typesupport_cpp/bill_interfaces/srv/say_something__type_support.cpp.o\x1b[0m\n'}
[1.649065] (bill_interfaces) StdoutLine: {'line': b'[ 30%] \x1b[32mBuilding CXX object CMakeFiles/bill_interfaces__rosidl_typesupport_introspection_cpp.dir/rosidl_typesupport_introspection_cpp/bill_interfaces/srv/detail/get_trained__type_support.cpp.o\x1b[0m\n'}
[1.650096] (bill_interfaces) StdoutLine: {'line': b'[ 33%] \x1b[32mBuilding CXX object CMakeFiles/bill_interfaces__rosidl_typesupport_introspection_cpp.dir/rosidl_typesupport_introspection_cpp/bill_interfaces/msg/detail/mission_status__type_support.cpp.o\x1b[0m\n'}
[1.650243] (bill_interfaces) StdoutLine: {'line': b'[ 33%] \x1b[32mBuilding CXX object CMakeFiles/bill_interfaces__rosidl_typesupport_introspection_cpp.dir/rosidl_typesupport_introspection_cpp/bill_interfaces/srv/detail/search_for__type_support.cpp.o\x1b[0m\n'}
[1.650307] (bill_interfaces) StdoutLine: {'line': b'[ 36%] \x1b[32mBuilding CXX object CMakeFiles/bill_interfaces__rosidl_typesupport_introspection_cpp.dir/rosidl_typesupport_introspection_cpp/bill_interfaces/srv/detail/get_name__type_support.cpp.o\x1b[0m\n'}
[1.650355] (bill_interfaces) StdoutLine: {'line': b'[ 36%] \x1b[32mBuilding CXX object CMakeFiles/bill_interfaces__rosidl_typesupport_introspection_cpp.dir/rosidl_typesupport_introspection_cpp/bill_interfaces/srv/detail/say_something__type_support.cpp.o\x1b[0m\n'}
[1.650788] (bill_interfaces) StdoutLine: {'line': b'[ 38%] \x1b[32mBuilding CXX object CMakeFiles/bill_interfaces__rosidl_typesupport_introspection_cpp.dir/rosidl_typesupport_introspection_cpp/bill_interfaces/srv/detail/execute_spin__type_support.cpp.o\x1b[0m\n'}
[1.704573] (-) TimerEvent: {}
[1.804817] (-) TimerEvent: {}
[1.814537] (bill_interfaces) StdoutLine: {'line': b'[ 39%] \x1b[32mBuilding CXX object CMakeFiles/bill_interfaces__rosidl_typesupport_fastrtps_cpp.dir/rosidl_typesupport_fastrtps_cpp/bill_interfaces/msg/detail/dds_fastrtps/mission_status__type_support.cpp.o\x1b[0m\n'}
[1.833579] (bill_interfaces) StdoutLine: {'line': b'[ 40%] \x1b[32mBuilding CXX object CMakeFiles/bill_interfaces__rosidl_typesupport_fastrtps_cpp.dir/rosidl_typesupport_fastrtps_cpp/bill_interfaces/srv/detail/dds_fastrtps/get_name__type_support.cpp.o\x1b[0m\n'}
[1.848104] (bill_interfaces) StdoutLine: {'line': b'[ 42%] \x1b[32mBuilding CXX object CMakeFiles/bill_interfaces__rosidl_typesupport_fastrtps_cpp.dir/rosidl_typesupport_fastrtps_cpp/bill_interfaces/srv/detail/dds_fastrtps/search_for__type_support.cpp.o\x1b[0m\n'}
[1.881596] (bill_interfaces) StdoutLine: {'line': b'[ 43%] \x1b[32mBuilding CXX object CMakeFiles/bill_interfaces__rosidl_typesupport_fastrtps_cpp.dir/rosidl_typesupport_fastrtps_cpp/bill_interfaces/srv/detail/dds_fastrtps/get_trained__type_support.cpp.o\x1b[0m\n'}
[1.895518] (bill_interfaces) StdoutLine: {'line': b'[ 45%] \x1b[32mBuilding CXX object CMakeFiles/bill_interfaces__rosidl_typesupport_fastrtps_cpp.dir/rosidl_typesupport_fastrtps_cpp/bill_interfaces/srv/detail/dds_fastrtps/execute_spin__type_support.cpp.o\x1b[0m\n'}
[1.895758] (bill_interfaces) StdoutLine: {'line': b'[ 46%] \x1b[32mBuilding CXX object CMakeFiles/bill_interfaces__rosidl_typesupport_fastrtps_cpp.dir/rosidl_typesupport_fastrtps_cpp/bill_interfaces/srv/detail/dds_fastrtps/say_something__type_support.cpp.o\x1b[0m\n'}
[1.898001] (bill_interfaces) StdoutLine: {'line': b'[ 47%] \x1b[32m\x1b[1mLinking CXX shared library libbill_interfaces__rosidl_typesupport_cpp.so\x1b[0m\n'}
[1.900372] (bill_interfaces) StdoutLine: {'line': b'[ 49%] \x1b[32mBuilding CXX object CMakeFiles/bill_interfaces__rosidl_typesupport_c.dir/rosidl_typesupport_c/bill_interfaces/msg/mission_status__type_support.cpp.o\x1b[0m\n'}
[1.905104] (-) TimerEvent: {}
[1.941577] (bill_interfaces) StdoutLine: {'line': b'[ 50%] \x1b[32mBuilding CXX object CMakeFiles/bill_interfaces__rosidl_typesupport_c.dir/rosidl_typesupport_c/bill_interfaces/srv/get_name__type_support.cpp.o\x1b[0m\n'}
[1.943450] (bill_interfaces) StdoutLine: {'line': b'[ 50%] Built target bill_interfaces__rosidl_typesupport_cpp\n'}
[1.950810] (bill_interfaces) StdoutLine: {'line': b'[ 52%] \x1b[32mBuilding CXX object CMakeFiles/bill_interfaces__rosidl_typesupport_c.dir/rosidl_typesupport_c/bill_interfaces/srv/search_for__type_support.cpp.o\x1b[0m\n'}
[1.977301] (bill_interfaces) StdoutLine: {'line': b'[ 53%] \x1b[32mBuilding CXX object CMakeFiles/bill_interfaces__rosidl_typesupport_c.dir/rosidl_typesupport_c/bill_interfaces/srv/get_trained__type_support.cpp.o\x1b[0m\n'}
[1.995288] (bill_interfaces) StdoutLine: {'line': b'[ 54%] \x1b[32mBuilding CXX object CMakeFiles/bill_interfaces__rosidl_typesupport_c.dir/rosidl_typesupport_c/bill_interfaces/srv/execute_spin__type_support.cpp.o\x1b[0m\n'}
[2.007505] (bill_interfaces) StdoutLine: {'line': b'[ 56%] \x1b[32mBuilding CXX object CMakeFiles/bill_interfaces__rosidl_typesupport_fastrtps_c.dir/rosidl_typesupport_fastrtps_c/bill_interfaces/msg/detail/mission_status__type_support_c.cpp.o\x1b[0m\n'}
[2.007728] (-) TimerEvent: {}
[2.011176] (bill_interfaces) StdoutLine: {'line': b'[ 59%] \x1b[32mBuilding CXX object CMakeFiles/bill_interfaces__rosidl_typesupport_fastrtps_c.dir/rosidl_typesupport_fastrtps_c/bill_interfaces/srv/detail/get_name__type_support_c.cpp.o\x1b[0m\n'}
[2.011374] (bill_interfaces) StdoutLine: {'line': b'[ 59%] \x1b[32mBuilding CXX object CMakeFiles/bill_interfaces__rosidl_typesupport_c.dir/rosidl_typesupport_c/bill_interfaces/srv/say_something__type_support.cpp.o\x1b[0m\n'}
[2.019363] (bill_interfaces) StdoutLine: {'line': b'[ 60%] \x1b[32mBuilding CXX object CMakeFiles/bill_interfaces__rosidl_typesupport_fastrtps_c.dir/rosidl_typesupport_fastrtps_c/bill_interfaces/srv/detail/search_for__type_support_c.cpp.o\x1b[0m\n'}
[2.022145] (bill_interfaces) StdoutLine: {'line': b'[ 61%] \x1b[32mBuilding CXX object CMakeFiles/bill_interfaces__rosidl_typesupport_fastrtps_c.dir/rosidl_typesupport_fastrtps_c/bill_interfaces/srv/detail/get_trained__type_support_c.cpp.o\x1b[0m\n'}
[2.026926] (bill_interfaces) StdoutLine: {'line': b'[ 63%] \x1b[32mBuilding CXX object CMakeFiles/bill_interfaces__rosidl_typesupport_fastrtps_c.dir/rosidl_typesupport_fastrtps_c/bill_interfaces/srv/detail/execute_spin__type_support_c.cpp.o\x1b[0m\n'}
[2.035524] (bill_interfaces) StdoutLine: {'line': b'[ 64%] \x1b[32mBuilding C object CMakeFiles/bill_interfaces__rosidl_typesupport_introspection_c.dir/rosidl_typesupport_introspection_c/bill_interfaces/msg/detail/mission_status__type_support.c.o\x1b[0m\n'}
[2.040589] (bill_interfaces) StdoutLine: {'line': b'[ 66%] \x1b[32mBuilding CXX object CMakeFiles/bill_interfaces__rosidl_typesupport_fastrtps_c.dir/rosidl_typesupport_fastrtps_c/bill_interfaces/srv/detail/say_something__type_support_c.cpp.o\x1b[0m\n'}
[2.044621] (bill_interfaces) StdoutLine: {'line': b'[ 67%] \x1b[32m\x1b[1mLinking CXX shared library libbill_interfaces__rosidl_typesupport_c.so\x1b[0m\n'}
[2.068827] (bill_interfaces) StdoutLine: {'line': b'[ 69%] \x1b[32mBuilding C object CMakeFiles/bill_interfaces__rosidl_typesupport_introspection_c.dir/rosidl_typesupport_introspection_c/bill_interfaces/srv/detail/get_name__type_support.c.o\x1b[0m\n'}
[2.069737] (bill_interfaces) StdoutLine: {'line': b'[ 70%] \x1b[32mBuilding C object CMakeFiles/bill_interfaces__rosidl_typesupport_introspection_c.dir/rosidl_typesupport_introspection_c/bill_interfaces/srv/detail/search_for__type_support.c.o\x1b[0m\n'}
[2.076307] (bill_interfaces) StdoutLine: {'line': b'[ 71%] \x1b[32m\x1b[1mLinking CXX shared library libbill_interfaces__rosidl_typesupport_introspection_cpp.so\x1b[0m\n'}
[2.090036] (bill_interfaces) StdoutLine: {'line': b'[ 71%] Built target bill_interfaces__rosidl_typesupport_c\n'}
[2.099104] (bill_interfaces) StdoutLine: {'line': b'[ 73%] \x1b[32mBuilding C object CMakeFiles/bill_interfaces__rosidl_typesupport_introspection_c.dir/rosidl_typesupport_introspection_c/bill_interfaces/srv/detail/get_trained__type_support.c.o\x1b[0m\n'}
[2.104770] (bill_interfaces) StdoutLine: {'line': b'[ 74%] \x1b[32mBuilding C object CMakeFiles/bill_interfaces__rosidl_typesupport_introspection_c.dir/rosidl_typesupport_introspection_c/bill_interfaces/srv/detail/execute_spin__type_support.c.o\x1b[0m\n'}
[2.105815] (bill_interfaces) StdoutLine: {'line': b'[ 76%] \x1b[32mBuilding C object CMakeFiles/bill_interfaces__rosidl_typesupport_introspection_c.dir/rosidl_typesupport_introspection_c/bill_interfaces/srv/detail/say_something__type_support.c.o\x1b[0m\n'}
[2.107840] (-) TimerEvent: {}
[2.144217] (bill_interfaces) StdoutLine: {'line': b'[ 77%] \x1b[32m\x1b[1mLinking C shared library libbill_interfaces__rosidl_typesupport_introspection_c.so\x1b[0m\n'}
[2.152753] (bill_interfaces) StdoutLine: {'line': b'[ 77%] Built target bill_interfaces__rosidl_typesupport_introspection_cpp\n'}
[2.172468] (bill_interfaces) StdoutLine: {'line': b'[ 77%] Built target bill_interfaces__rosidl_typesupport_introspection_c\n'}
[2.207951] (-) TimerEvent: {}
[2.308196] (-) TimerEvent: {}
[2.318797] (bill_interfaces) StdoutLine: {'line': b'[ 78%] \x1b[32m\x1b[1mLinking CXX shared library libbill_interfaces__rosidl_typesupport_fastrtps_cpp.so\x1b[0m\n'}
[2.369789] (bill_interfaces) StdoutLine: {'line': b'[ 80%] \x1b[32m\x1b[1mLinking CXX shared library libbill_interfaces__rosidl_typesupport_fastrtps_c.so\x1b[0m\n'}
[2.370050] (bill_interfaces) StdoutLine: {'line': b'[ 80%] Built target bill_interfaces__rosidl_typesupport_fastrtps_cpp\n'}
[2.408314] (-) TimerEvent: {}
[2.417922] (bill_interfaces) StdoutLine: {'line': b'[ 80%] Built target bill_interfaces__rosidl_typesupport_fastrtps_c\n'}
[2.432297] (bill_interfaces) StdoutLine: {'line': b'[ 80%] Built target bill_interfaces\n'}
[2.446368] (bill_interfaces) StdoutLine: {'line': b'[ 81%] \x1b[34m\x1b[1mGenerating Python code for ROS interfaces\x1b[0m\n'}
[2.508543] (-) TimerEvent: {}
[2.608908] (-) TimerEvent: {}
[2.709258] (-) TimerEvent: {}
[2.809593] (-) TimerEvent: {}
[2.909803] (-) TimerEvent: {}
[2.941967] (bill_interfaces) StdoutLine: {'line': b'[ 81%] Built target bill_interfaces__py\n'}
[2.957187] (bill_interfaces) StdoutLine: {'line': b'[ 84%] \x1b[32mBuilding C object CMakeFiles/bill_interfaces__rosidl_generator_py.dir/rosidl_generator_py/bill_interfaces/srv/_execute_spin_s.c.o\x1b[0m\n'}
[2.957362] (bill_interfaces) StdoutLine: {'line': b'[ 84%] \x1b[32mBuilding C object CMakeFiles/bill_interfaces__rosidl_generator_py.dir/rosidl_generator_py/bill_interfaces/srv/_say_something_s.c.o\x1b[0m\n'}
[2.958234] (bill_interfaces) StdoutLine: {'line': b'[ 85%] \x1b[32mBuilding C object CMakeFiles/bill_interfaces__rosidl_generator_py.dir/rosidl_generator_py/bill_interfaces/msg/_mission_status_s.c.o\x1b[0m\n'}
[2.958385] (bill_interfaces) StdoutLine: {'line': b'[ 88%] \x1b[32mBuilding C object CMakeFiles/bill_interfaces__rosidl_generator_py.dir/rosidl_generator_py/bill_interfaces/srv/_get_name_s.c.o\x1b[0m\n'}
[2.958474] (bill_interfaces) StdoutLine: {'line': b'[ 88%] \x1b[32mBuilding C object CMakeFiles/bill_interfaces__rosidl_generator_py.dir/rosidl_generator_py/bill_interfaces/srv/_search_for_s.c.o\x1b[0m\n'}
[2.958549] (bill_interfaces) StdoutLine: {'line': b'[ 90%] \x1b[32mBuilding C object CMakeFiles/bill_interfaces__rosidl_generator_py.dir/rosidl_generator_py/bill_interfaces/srv/_get_trained_s.c.o\x1b[0m\n'}
[3.009933] (-) TimerEvent: {}
[3.030833] (bill_interfaces) StdoutLine: {'line': b'[ 91%] \x1b[32m\x1b[1mLinking C shared library rosidl_generator_py/bill_interfaces/libbill_interfaces__rosidl_generator_py.so\x1b[0m\n'}
[3.057818] (bill_interfaces) StdoutLine: {'line': b'[ 91%] Built target bill_interfaces__rosidl_generator_py\n'}
[3.073095] (bill_interfaces) StdoutLine: {'line': b'[ 92%] \x1b[32mBuilding C object CMakeFiles/bill_interfaces__rosidl_typesupport_introspection_c__pyext.dir/rosidl_generator_py/bill_interfaces/_bill_interfaces_s.ep.rosidl_typesupport_introspection_c.c.o\x1b[0m\n'}
[3.073540] (bill_interfaces) StdoutLine: {'line': b'[ 94%] \x1b[32mBuilding C object CMakeFiles/bill_interfaces__rosidl_typesupport_fastrtps_c__pyext.dir/rosidl_generator_py/bill_interfaces/_bill_interfaces_s.ep.rosidl_typesupport_fastrtps_c.c.o\x1b[0m\n'}
[3.073699] (bill_interfaces) StdoutLine: {'line': b'[ 95%] \x1b[32mBuilding C object CMakeFiles/bill_interfaces__rosidl_typesupport_c__pyext.dir/rosidl_generator_py/bill_interfaces/_bill_interfaces_s.ep.rosidl_typesupport_c.c.o\x1b[0m\n'}
[3.110056] (-) TimerEvent: {}
[3.146909] (bill_interfaces) StdoutLine: {'line': b'[ 97%] \x1b[32m\x1b[1mLinking C shared library rosidl_generator_py/bill_interfaces/bill_interfaces_s__rosidl_typesupport_introspection_c.cpython-310-x86_64-linux-gnu.so\x1b[0m\n'}
[3.155127] (bill_interfaces) StdoutLine: {'line': b'[ 98%] \x1b[32m\x1b[1mLinking C shared library rosidl_generator_py/bill_interfaces/bill_interfaces_s__rosidl_typesupport_fastrtps_c.cpython-310-x86_64-linux-gnu.so\x1b[0m\n'}
[3.159051] (bill_interfaces) StdoutLine: {'line': b'[100%] \x1b[32m\x1b[1mLinking C shared library rosidl_generator_py/bill_interfaces/bill_interfaces_s__rosidl_typesupport_c.cpython-310-x86_64-linux-gnu.so\x1b[0m\n'}
[3.169967] (bill_interfaces) StdoutLine: {'line': b'[100%] Built target bill_interfaces__rosidl_typesupport_introspection_c__pyext\n'}
[3.177876] (bill_interfaces) StdoutLine: {'line': b'[100%] Built target bill_interfaces__rosidl_typesupport_fastrtps_c__pyext\n'}
[3.185226] (bill_interfaces) StdoutLine: {'line': b'[100%] Built target bill_interfaces__rosidl_typesupport_c__pyext\n'}
[3.194385] (bill_interfaces) CommandEnded: {'returncode': 0}
[3.194833] (bill_interfaces) JobProgress: {'identifier': 'bill_interfaces', 'progress': 'install'}
[3.201865] (bill_interfaces) Command: {'cmd': ['/usr/bin/cmake', '--install', '/home/vic/billeagle_ws/personal_ws/build/bill_interfaces'], 'cwd': '/home/vic/billeagle_ws/personal_ws/build/bill_interfaces', 'env': OrderedDict([('LESSOPEN', '| /usr/bin/lesspipe %s'), ('USER', 'vic'), ('LC_TIME', 'pt_BR.UTF-8'), ('XDG_SESSION_TYPE', 'x11'), ('SHLVL', '1'), ('LD_LIBRARY_PATH', '/home/vic/billeagle_ws/personal_ws/install/bill_interfaces/lib:/opt/ros/humble/opt/rviz_ogre_vendor/lib:/opt/ros/humble/lib/x86_64-linux-gnu:/opt/ros/humble/lib'), ('HOME', '/home/vic'), ('OLDPWD', '/home/vic'), ('DESKTOP_SESSION', 'ubuntu'), ('ROS_PYTHON_VERSION', '3'), ('GNOME_SHELL_SESSION_MODE', 'ubuntu'), ('GTK_MODULES', 'gail:atk-bridge'), ('LC_MONETARY', 'pt_BR.UTF-8'), ('MANAGERPID', '7518'), ('LC_CTYPE', 'pt_BR.UTF-8'), ('SYSTEMD_EXEC_PID', '8049'), ('DBUS_SESSION_BUS_ADDRESS', 'unix:path=/run/user/1001/bus'), ('COLORTERM', 'truecolor'), ('TERMINATOR_DBUS_NAME', 'net.tenshu.Terminator23558193cd9818af7fe4d2c2f5bd9d00f'), ('GIO_LAUNCHED_DESKTOP_FILE_PID', '8994'), ('COLCON_PREFIX_PATH', '/home/vic/billeagle_ws/personal_ws/install'), ('ROS_DISTRO', 'humble'), ('GTK_IM_MODULE', 'ibus'), ('LOGNAME', 'vic'), ('JOURNAL_STREAM', '8:47867'), ('_', '/usr/bin/colcon'), ('ROS_VERSION', '2'), ('XDG_SESSION_CLASS', 'user'), ('USERNAME', 'vic'), ('TERM', 'xterm-256color'), ('GNOME_DESKTOP_SESSION_ID', 'this-is-deprecated'), ('ROS_LOCALHOST_ONLY', '0'), ('WINDOWPATH', '2'), ('PATH', '/opt/ros/humble/bin:/usr/local/sbin:/usr/local/bin:/usr/sbin:/usr/bin:/sbin:/bin:/usr/games:/usr/local/games:/snap/bin:/snap/bin'), ('SESSION_MANAGER', 'local/bill8-Dell-G15-5520:@/tmp/.ICE-unix/7809,unix/bill8-Dell-G15-5520:/tmp/.ICE-unix/7809'), ('INVOCATION_ID', '1a1902976b484525b38f026e0a8bfdeb'), ('XDG_MENU_PREFIX', 'gnome-'), ('LC_ADDRESS', 'pt_BR.UTF-8'), ('XDG_RUNTIME_DIR', '/run/user/1001'), ('DISPLAY', ':1'), ('TERMINATOR_DBUS_PATH', '/net/tenshu/Terminator2'), ('LANG', 'en_US.UTF-8'), ('XDG_CURRENT_DESKTOP', 'ubuntu:GNOME'), ('IBUS_DISABLE_SNOOPER', '1'), ('LC_TELEPHONE', 'pt_BR.UTF-8'), ('XMODIFIERS', '@im=ibus'), ('XDG_SESSION_DESKTOP', 'ubuntu'), ('XAUTHORITY', '/run/user/1001/gdm/Xauthority'), ('LS_COLORS', 'rs=0:di=01;34:ln=01;36:mh=00:pi=40;33:so=01;35:do=01;35:bd=40;33;01:cd=40;33;01:or=40;31;01:mi=00:su=37;41:sg=30;43:ca=30;41:tw=30;42:ow=34;42:st=37;44:ex=01;32:*.tar=01;31:*.tgz=01;31:*.arc=01;31:*.arj=01;31:*.taz=01;31:*.lha=01;31:*.lz4=01;31:*.lzh=01;31:*.lzma=01;31:*.tlz=01;31:*.txz=01;31:*.tzo=01;31:*.t7z=01;31:*.zip=01;31:*.z=01;31:*.dz=01;31:*.gz=01;31:*.lrz=01;31:*.lz=01;31:*.lzo=01;31:*.xz=01;31:*.zst=01;31:*.tzst=01;31:*.bz2=01;31:*.bz=01;31:*.tbz=01;31:*.tbz2=01;31:*.tz=01;31:*.deb=01;31:*.rpm=01;31:*.jar=01;31:*.war=01;31:*.ear=01;31:*.sar=01;31:*.rar=01;31:*.alz=01;31:*.ace=01;31:*.zoo=01;31:*.cpio=01;31:*.7z=01;31:*.rz=01;31:*.cab=01;31:*.wim=01;31:*.swm=01;31:*.dwm=01;31:*.esd=01;31:*.jpg=01;35:*.jpeg=01;35:*.mjpg=01;35:*.mjpeg=01;35:*.gif=01;35:*.bmp=01;35:*.pbm=01;35:*.pgm=01;35:*.ppm=01;35:*.tga=01;35:*.xbm=01;35:*.xpm=01;35:*.tif=01;35:*.tiff=01;35:*.png=01;35:*.svg=01;35:*.svgz=01;35:*.mng=01;35:*.pcx=01;35:*.mov=01;35:*.mpg=01;35:*.mpeg=01;35:*.m2v=01;35:*.mkv=01;35:*.webm=01;35:*.webp=01;35:*.ogm=01;35:*.mp4=01;35:*.m4v=01;35:*.mp4v=01;35:*.vob=01;35:*.qt=01;35:*.nuv=01;35:*.wmv=01;35:*.asf=01;35:*.rm=01;35:*.rmvb=01;35:*.flc=01;35:*.avi=01;35:*.fli=01;35:*.flv=01;35:*.gl=01;35:*.dl=01;35:*.xcf=01;35:*.xwd=01;35:*.yuv=01;35:*.cgm=01;35:*.emf=01;35:*.ogv=01;35:*.ogx=01;35:*.aac=00;36:*.au=00;36:*.flac=00;36:*.m4a=00;36:*.mid=00;36:*.midi=00;36:*.mka=00;36:*.mp3=00;36:*.mpc=00;36:*.ogg=00;36:*.ra=00;36:*.wav=00;36:*.oga=00;36:*.opus=00;36:*.spx=00;36:*.xspf=00;36:'), ('SSH_AGENT_LAUNCHER', 'gnome-keyring'), ('SSH_AUTH_SOCK', '/run/user/1001/keyring/ssh'), ('AMENT_PREFIX_PATH', '/home/vic/billeagle_ws/personal_ws/install/bill_bringup:/home/vic/billeagle_ws/personal_ws/install/person_identification_mission:/home/vic/billeagle_ws/personal_ws/install/bill_interfaces:/opt/ros/humble'), ('SHELL', '/bin/bash'), ('LC_NAME', 'pt_BR.UTF-8'), ('TERMINATOR_UUID', 'urn:uuid:199f9e16-ddad-4394-820a-901dc74e591a'), ('QT_ACCESSIBILITY', '1'), ('GDMSESSION', 'ubuntu'), ('LESSCLOSE', '/usr/bin/lesspipe %s %s'), ('LC_MEASUREMENT', 'pt_BR.UTF-8'), ('GPG_AGENT_INFO', '/run/user/1001/gnupg/S.gpg-agent:0:1'), ('LC_IDENTIFICATION', 'pt_BR.UTF-8'), ('QT_IM_MODULE', 'ibus'), ('PWD', '/home/vic/billeagle_ws/personal_ws/build/bill_interfaces'), ('LC_ALL', 'en_US.UTF-8'), ('XDG_CONFIG_DIRS', '/etc/xdg/xdg-ubuntu:/etc/xdg'), ('XDG_DATA_DIRS', '/usr/share/ubuntu:/usr/share/gnome:/usr/local/share/:/usr/share/:/var/lib/snapd/desktop'), ('PYTHONPATH', '/home/vic/billeagle_ws/personal_ws/install/person_identification_mission/lib/python3.10/site-packages:/home/vic/billeagle_ws/personal_ws/install/bill_interfaces/local/lib/python3.10/dist-packages:/opt/ros/humble/lib/python3.10/site-packages:/opt/ros/humble/local/lib/python3.10/dist-packages'), ('LC_NUMERIC', 'pt_BR.UTF-8'), ('LC_PAPER', 'pt_BR.UTF-8'), ('COLCON', '1'), ('VTE_VERSION', '6800'), ('CMAKE_PREFIX_PATH', '/home/vic/billeagle_ws/personal_ws/install/bill_bringup:/home/vic/billeagle_ws/personal_ws/install/bill_interfaces:/opt/ros/humble::/home/vic/billeagle_ws/personal_ws/install/person_identification_mission')]), 'shell': False}
[3.208593] (bill_interfaces) StdoutLine: {'line': b'-- Install configuration: ""\n'}
[3.208833] (bill_interfaces) StdoutLine: {'line': b'-- Installing: /home/vic/billeagle_ws/personal_ws/install/bill_interfaces/share/ament_index/resource_index/rosidl_interfaces/bill_interfaces\n'}
[3.208928] (bill_interfaces) StdoutLine: {'line': b'-- Installing: /home/vic/billeagle_ws/personal_ws/install/bill_interfaces/include/bill_interfaces/bill_interfaces\n'}
[3.208993] (bill_interfaces) StdoutLine: {'line': b'-- Installing: /home/vic/billeagle_ws/personal_ws/install/bill_interfaces/include/bill_interfaces/bill_interfaces/msg\n'}
[3.209053] (bill_interfaces) StdoutLine: {'line': b'-- Installing: /home/vic/billeagle_ws/personal_ws/install/bill_interfaces/include/bill_interfaces/bill_interfaces/msg/rosidl_generator_c__visibility_control.h\n'}
[3.209113] (bill_interfaces) StdoutLine: {'line': b'-- Installing: /home/vic/billeagle_ws/personal_ws/install/bill_interfaces/include/bill_interfaces/bill_interfaces/msg/mission_status.h\n'}
[3.209291] (bill_interfaces) StdoutLine: {'line': b'-- Installing: /home/vic/billeagle_ws/personal_ws/install/bill_interfaces/include/bill_interfaces/bill_interfaces/msg/detail\n'}
[3.209361] (bill_interfaces) StdoutLine: {'line': b'-- Installing: /home/vic/billeagle_ws/personal_ws/install/bill_interfaces/include/bill_interfaces/bill_interfaces/msg/detail/mission_status__struct.h\n'}
[3.209423] (bill_interfaces) StdoutLine: {'line': b'-- Installing: /home/vic/billeagle_ws/personal_ws/install/bill_interfaces/include/bill_interfaces/bill_interfaces/msg/detail/mission_status__functions.c\n'}
[3.209517] (bill_interfaces) StdoutLine: {'line': b'-- Installing: /home/vic/billeagle_ws/personal_ws/install/bill_interfaces/include/bill_interfaces/bill_interfaces/msg/detail/mission_status__type_support.h\n'}
[3.209591] (bill_interfaces) StdoutLine: {'line': b'-- Installing: /home/vic/billeagle_ws/personal_ws/install/bill_interfaces/include/bill_interfaces/bill_interfaces/msg/detail/mission_status__functions.h\n'}
[3.209650] (bill_interfaces) StdoutLine: {'line': b'-- Installing: /home/vic/billeagle_ws/personal_ws/install/bill_interfaces/include/bill_interfaces/bill_interfaces/srv\n'}
[3.209725] (bill_interfaces) StdoutLine: {'line': b'-- Installing: /home/vic/billeagle_ws/personal_ws/install/bill_interfaces/include/bill_interfaces/bill_interfaces/srv/execute_spin.h\n'}
[3.209780] (bill_interfaces) StdoutLine: {'line': b'-- Installing: /home/vic/billeagle_ws/personal_ws/install/bill_interfaces/include/bill_interfaces/bill_interfaces/srv/get_name.h\n'}
[3.209838] (bill_interfaces) StdoutLine: {'line': b'-- Installing: /home/vic/billeagle_ws/personal_ws/install/bill_interfaces/include/bill_interfaces/bill_interfaces/srv/search_for.h\n'}
[3.209896] (bill_interfaces) StdoutLine: {'line': b'-- Installing: /home/vic/billeagle_ws/personal_ws/install/bill_interfaces/include/bill_interfaces/bill_interfaces/srv/detail\n'}
[3.209971] (bill_interfaces) StdoutLine: {'line': b'-- Installing: /home/vic/billeagle_ws/personal_ws/install/bill_interfaces/include/bill_interfaces/bill_interfaces/srv/detail/get_name__struct.h\n'}
[3.210027] (bill_interfaces) StdoutLine: {'line': b'-- Installing: /home/vic/billeagle_ws/personal_ws/install/bill_interfaces/include/bill_interfaces/bill_interfaces/srv/detail/get_name__type_support.h\n'}
[3.210083] (-) TimerEvent: {}
[3.210193] (bill_interfaces) StdoutLine: {'line': b'-- Installing: /home/vic/billeagle_ws/personal_ws/install/bill_interfaces/include/bill_interfaces/bill_interfaces/srv/detail/say_something__functions.c\n'}
[3.210258] (bill_interfaces) StdoutLine: {'line': b'-- Installing: /home/vic/billeagle_ws/personal_ws/install/bill_interfaces/include/bill_interfaces/bill_interfaces/srv/detail/search_for__struct.h\n'}
[3.210327] (bill_interfaces) StdoutLine: {'line': b'-- Installing: /home/vic/billeagle_ws/personal_ws/install/bill_interfaces/include/bill_interfaces/bill_interfaces/srv/detail/execute_spin__functions.c\n'}
[3.210386] (bill_interfaces) StdoutLine: {'line': b'-- Installing: /home/vic/billeagle_ws/personal_ws/install/bill_interfaces/include/bill_interfaces/bill_interfaces/srv/detail/get_name__functions.h\n'}
[3.210466] (bill_interfaces) StdoutLine: {'line': b'-- Installing: /home/vic/billeagle_ws/personal_ws/install/bill_interfaces/include/bill_interfaces/bill_interfaces/srv/detail/get_trained__type_support.h\n'}
[3.210527] (bill_interfaces) StdoutLine: {'line': b'-- Installing: /home/vic/billeagle_ws/personal_ws/install/bill_interfaces/include/bill_interfaces/bill_interfaces/srv/detail/say_something__struct.h\n'}
[3.210767] (bill_interfaces) StdoutLine: {'line': b'-- Installing: /home/vic/billeagle_ws/personal_ws/install/bill_interfaces/include/bill_interfaces/bill_interfaces/srv/detail/get_trained__functions.h\n'}
[3.210813] (bill_interfaces) StdoutLine: {'line': b'-- Installing: /home/vic/billeagle_ws/personal_ws/install/bill_interfaces/include/bill_interfaces/bill_interfaces/srv/detail/execute_spin__type_support.h\n'}
[3.210855] (bill_interfaces) StdoutLine: {'line': b'-- Installing: /home/vic/billeagle_ws/personal_ws/install/bill_interfaces/include/bill_interfaces/bill_interfaces/srv/detail/say_something__functions.h\n'}
[3.210884] (bill_interfaces) StdoutLine: {'line': b'-- Installing: /home/vic/billeagle_ws/personal_ws/install/bill_interfaces/include/bill_interfaces/bill_interfaces/srv/detail/search_for__functions.c\n'}
[3.210911] (bill_interfaces) StdoutLine: {'line': b'-- Installing: /home/vic/billeagle_ws/personal_ws/install/bill_interfaces/include/bill_interfaces/bill_interfaces/srv/detail/get_trained__struct.h\n'}
[3.210937] (bill_interfaces) StdoutLine: {'line': b'-- Installing: /home/vic/billeagle_ws/personal_ws/install/bill_interfaces/include/bill_interfaces/bill_interfaces/srv/detail/get_trained__functions.c\n'}
[3.210962] (bill_interfaces) StdoutLine: {'line': b'-- Installing: /home/vic/billeagle_ws/personal_ws/install/bill_interfaces/include/bill_interfaces/bill_interfaces/srv/detail/search_for__functions.h\n'}
[3.210987] (bill_interfaces) StdoutLine: {'line': b'-- Installing: /home/vic/billeagle_ws/personal_ws/install/bill_interfaces/include/bill_interfaces/bill_interfaces/srv/detail/get_name__functions.c\n'}
[3.211012] (bill_interfaces) StdoutLine: {'line': b'-- Installing: /home/vic/billeagle_ws/personal_ws/install/bill_interfaces/include/bill_interfaces/bill_interfaces/srv/detail/search_for__type_support.h\n'}
[3.211037] (bill_interfaces) StdoutLine: {'line': b'-- Installing: /home/vic/billeagle_ws/personal_ws/install/bill_interfaces/include/bill_interfaces/bill_interfaces/srv/detail/execute_spin__struct.h\n'}
[3.211062] (bill_interfaces) StdoutLine: {'line': b'-- Installing: /home/vic/billeagle_ws/personal_ws/install/bill_interfaces/include/bill_interfaces/bill_interfaces/srv/detail/say_something__type_support.h\n'}
[3.211086] (bill_interfaces) StdoutLine: {'line': b'-- Installing: /home/vic/billeagle_ws/personal_ws/install/bill_interfaces/include/bill_interfaces/bill_interfaces/srv/detail/execute_spin__functions.h\n'}
[3.211111] (bill_interfaces) StdoutLine: {'line': b'-- Installing: /home/vic/billeagle_ws/personal_ws/install/bill_interfaces/include/bill_interfaces/bill_interfaces/srv/say_something.h\n'}
[3.211135] (bill_interfaces) StdoutLine: {'line': b'-- Installing: /home/vic/billeagle_ws/personal_ws/install/bill_interfaces/include/bill_interfaces/bill_interfaces/srv/get_trained.h\n'}
[3.211160] (bill_interfaces) StdoutLine: {'line': b'-- Installing: /home/vic/billeagle_ws/personal_ws/install/bill_interfaces/share/bill_interfaces/environment/library_path.sh\n'}
[3.211185] (bill_interfaces) StdoutLine: {'line': b'-- Installing: /home/vic/billeagle_ws/personal_ws/install/bill_interfaces/share/bill_interfaces/environment/library_path.dsv\n'}
[3.211209] (bill_interfaces) StdoutLine: {'line': b'-- Installing: /home/vic/billeagle_ws/personal_ws/install/bill_interfaces/lib/libbill_interfaces__rosidl_generator_c.so\n'}
[3.211233] (bill_interfaces) StdoutLine: {'line': b'-- Set runtime path of "/home/vic/billeagle_ws/personal_ws/install/bill_interfaces/lib/libbill_interfaces__rosidl_generator_c.so" to ""\n'}
[3.211258] (bill_interfaces) StdoutLine: {'line': b'-- Up-to-date: /home/vic/billeagle_ws/personal_ws/install/bill_interfaces/include/bill_interfaces/bill_interfaces\n'}
[3.211282] (bill_interfaces) StdoutLine: {'line': b'-- Up-to-date: /home/vic/billeagle_ws/personal_ws/install/bill_interfaces/include/bill_interfaces/bill_interfaces/msg\n'}
[3.211307] (bill_interfaces) StdoutLine: {'line': b'-- Installing: /home/vic/billeagle_ws/personal_ws/install/bill_interfaces/include/bill_interfaces/bill_interfaces/msg/rosidl_typesupport_fastrtps_c__visibility_control.h\n'}
[3.211355] (bill_interfaces) StdoutLine: {'line': b'-- Up-to-date: /home/vic/billeagle_ws/personal_ws/install/bill_interfaces/include/bill_interfaces/bill_interfaces/msg/detail\n'}
[3.211378] (bill_interfaces) StdoutLine: {'line': b'-- Installing: /home/vic/billeagle_ws/personal_ws/install/bill_interfaces/include/bill_interfaces/bill_interfaces/msg/detail/mission_status__rosidl_typesupport_fastrtps_c.h\n'}
[3.211412] (bill_interfaces) StdoutLine: {'line': b'-- Up-to-date: /home/vic/billeagle_ws/personal_ws/install/bill_interfaces/include/bill_interfaces/bill_interfaces/srv\n'}
[3.211440] (bill_interfaces) StdoutLine: {'line': b'-- Up-to-date: /home/vic/billeagle_ws/personal_ws/install/bill_interfaces/include/bill_interfaces/bill_interfaces/srv/detail\n'}
[3.211480] (bill_interfaces) StdoutLine: {'line': b'-- Installing: /home/vic/billeagle_ws/personal_ws/install/bill_interfaces/include/bill_interfaces/bill_interfaces/srv/detail/search_for__rosidl_typesupport_fastrtps_c.h\n'}
[3.211505] (bill_interfaces) StdoutLine: {'line': b'-- Installing: /home/vic/billeagle_ws/personal_ws/install/bill_interfaces/include/bill_interfaces/bill_interfaces/srv/detail/get_trained__rosidl_typesupport_fastrtps_c.h\n'}
[3.211542] (bill_interfaces) StdoutLine: {'line': b'-- Installing: /home/vic/billeagle_ws/personal_ws/install/bill_interfaces/include/bill_interfaces/bill_interfaces/srv/detail/say_something__rosidl_typesupport_fastrtps_c.h\n'}
[3.211567] (bill_interfaces) StdoutLine: {'line': b'-- Installing: /home/vic/billeagle_ws/personal_ws/install/bill_interfaces/include/bill_interfaces/bill_interfaces/srv/detail/execute_spin__rosidl_typesupport_fastrtps_c.h\n'}
[3.211591] (bill_interfaces) StdoutLine: {'line': b'-- Installing: /home/vic/billeagle_ws/personal_ws/install/bill_interfaces/include/bill_interfaces/bill_interfaces/srv/detail/get_name__rosidl_typesupport_fastrtps_c.h\n'}
[3.211615] (bill_interfaces) StdoutLine: {'line': b'-- Installing: /home/vic/billeagle_ws/personal_ws/install/bill_interfaces/lib/libbill_interfaces__rosidl_typesupport_fastrtps_c.so\n'}
[3.211640] (bill_interfaces) StdoutLine: {'line': b'-- Set runtime path of "/home/vic/billeagle_ws/personal_ws/install/bill_interfaces/lib/libbill_interfaces__rosidl_typesupport_fastrtps_c.so" to ""\n'}
[3.211665] (bill_interfaces) StdoutLine: {'line': b'-- Up-to-date: /home/vic/billeagle_ws/personal_ws/install/bill_interfaces/include/bill_interfaces/bill_interfaces\n'}
[3.211690] (bill_interfaces) StdoutLine: {'line': b'-- Up-to-date: /home/vic/billeagle_ws/personal_ws/install/bill_interfaces/include/bill_interfaces/bill_interfaces/msg\n'}
[3.211714] (bill_interfaces) StdoutLine: {'line': b'-- Installing: /home/vic/billeagle_ws/personal_ws/install/bill_interfaces/include/bill_interfaces/bill_interfaces/msg/rosidl_typesupport_introspection_c__visibility_control.h\n'}
[3.211738] (bill_interfaces) StdoutLine: {'line': b'-- Up-to-date: /home/vic/billeagle_ws/personal_ws/install/bill_interfaces/include/bill_interfaces/bill_interfaces/msg/detail\n'}
[3.211762] (bill_interfaces) StdoutLine: {'line': b'-- Installing: /home/vic/billeagle_ws/personal_ws/install/bill_interfaces/include/bill_interfaces/bill_interfaces/msg/detail/mission_status__type_support.c\n'}
[3.211786] (bill_interfaces) StdoutLine: {'line': b'-- Installing: /home/vic/billeagle_ws/personal_ws/install/bill_interfaces/include/bill_interfaces/bill_interfaces/msg/detail/mission_status__rosidl_typesupport_introspection_c.h\n'}
[3.211811] (bill_interfaces) StdoutLine: {'line': b'-- Up-to-date: /home/vic/billeagle_ws/personal_ws/install/bill_interfaces/include/bill_interfaces/bill_interfaces/srv\n'}
[3.211836] (bill_interfaces) StdoutLine: {'line': b'-- Up-to-date: /home/vic/billeagle_ws/personal_ws/install/bill_interfaces/include/bill_interfaces/bill_interfaces/srv/detail\n'}
[3.211860] (bill_interfaces) StdoutLine: {'line': b'-- Installing: /home/vic/billeagle_ws/personal_ws/install/bill_interfaces/include/bill_interfaces/bill_interfaces/srv/detail/say_something__rosidl_typesupport_introspection_c.h\n'}
[3.211884] (bill_interfaces) StdoutLine: {'line': b'-- Installing: /home/vic/billeagle_ws/personal_ws/install/bill_interfaces/include/bill_interfaces/bill_interfaces/srv/detail/get_trained__type_support.c\n'}
[3.211907] (bill_interfaces) StdoutLine: {'line': b'-- Installing: /home/vic/billeagle_ws/personal_ws/install/bill_interfaces/include/bill_interfaces/bill_interfaces/srv/detail/search_for__rosidl_typesupport_introspection_c.h\n'}
[3.211940] (bill_interfaces) StdoutLine: {'line': b'-- Installing: /home/vic/billeagle_ws/personal_ws/install/bill_interfaces/include/bill_interfaces/bill_interfaces/srv/detail/say_something__type_support.c\n'}
[3.211964] (bill_interfaces) StdoutLine: {'line': b'-- Installing: /home/vic/billeagle_ws/personal_ws/install/bill_interfaces/include/bill_interfaces/bill_interfaces/srv/detail/get_name__type_support.c\n'}
[3.211988] (bill_interfaces) StdoutLine: {'line': b'-- Installing: /home/vic/billeagle_ws/personal_ws/install/bill_interfaces/include/bill_interfaces/bill_interfaces/srv/detail/get_name__rosidl_typesupport_introspection_c.h\n'}
[3.212013] (bill_interfaces) StdoutLine: {'line': b'-- Installing: /home/vic/billeagle_ws/personal_ws/install/bill_interfaces/include/bill_interfaces/bill_interfaces/srv/detail/get_trained__rosidl_typesupport_introspection_c.h\n'}
[3.212037] (bill_interfaces) StdoutLine: {'line': b'-- Installing: /home/vic/billeagle_ws/personal_ws/install/bill_interfaces/include/bill_interfaces/bill_interfaces/srv/detail/execute_spin__rosidl_typesupport_introspection_c.h\n'}
[3.212091] (bill_interfaces) StdoutLine: {'line': b'-- Installing: /home/vic/billeagle_ws/personal_ws/install/bill_interfaces/include/bill_interfaces/bill_interfaces/srv/detail/search_for__type_support.c\n'}
[3.212116] (bill_interfaces) StdoutLine: {'line': b'-- Installing: /home/vic/billeagle_ws/personal_ws/install/bill_interfaces/include/bill_interfaces/bill_interfaces/srv/detail/execute_spin__type_support.c\n'}
[3.212141] (bill_interfaces) StdoutLine: {'line': b'-- Installing: /home/vic/billeagle_ws/personal_ws/install/bill_interfaces/lib/libbill_interfaces__rosidl_typesupport_introspection_c.so\n'}
[3.212165] (bill_interfaces) StdoutLine: {'line': b'-- Set runtime path of "/home/vic/billeagle_ws/personal_ws/install/bill_interfaces/lib/libbill_interfaces__rosidl_typesupport_introspection_c.so" to ""\n'}
[3.212205] (bill_interfaces) StdoutLine: {'line': b'-- Installing: /home/vic/billeagle_ws/personal_ws/install/bill_interfaces/lib/libbill_interfaces__rosidl_typesupport_c.so\n'}
[3.212228] (bill_interfaces) StdoutLine: {'line': b'-- Set runtime path of "/home/vic/billeagle_ws/personal_ws/install/bill_interfaces/lib/libbill_interfaces__rosidl_typesupport_c.so" to ""\n'}
[3.212253] (bill_interfaces) StdoutLine: {'line': b'-- Up-to-date: /home/vic/billeagle_ws/personal_ws/install/bill_interfaces/include/bill_interfaces/bill_interfaces\n'}
[3.212277] (bill_interfaces) StdoutLine: {'line': b'-- Up-to-date: /home/vic/billeagle_ws/personal_ws/install/bill_interfaces/include/bill_interfaces/bill_interfaces/msg\n'}
[3.212301] (bill_interfaces) StdoutLine: {'line': b'-- Installing: /home/vic/billeagle_ws/personal_ws/install/bill_interfaces/include/bill_interfaces/bill_interfaces/msg/rosidl_generator_cpp__visibility_control.hpp\n'}
[3.212327] (bill_interfaces) StdoutLine: {'line': b'-- Up-to-date: /home/vic/billeagle_ws/personal_ws/install/bill_interfaces/include/bill_interfaces/bill_interfaces/msg/detail\n'}
[3.212352] (bill_interfaces) StdoutLine: {'line': b'-- Installing: /home/vic/billeagle_ws/personal_ws/install/bill_interfaces/include/bill_interfaces/bill_interfaces/msg/detail/mission_status__type_support.hpp\n'}
[3.212376] (bill_interfaces) StdoutLine: {'line': b'-- Installing: /home/vic/billeagle_ws/personal_ws/install/bill_interfaces/include/bill_interfaces/bill_interfaces/msg/detail/mission_status__traits.hpp\n'}
[3.212400] (bill_interfaces) StdoutLine: {'line': b'-- Installing: /home/vic/billeagle_ws/personal_ws/install/bill_interfaces/include/bill_interfaces/bill_interfaces/msg/detail/mission_status__builder.hpp\n'}
[3.212424] (bill_interfaces) StdoutLine: {'line': b'-- Installing: /home/vic/billeagle_ws/personal_ws/install/bill_interfaces/include/bill_interfaces/bill_interfaces/msg/detail/mission_status__struct.hpp\n'}
[3.212454] (bill_interfaces) StdoutLine: {'line': b'-- Installing: /home/vic/billeagle_ws/personal_ws/install/bill_interfaces/include/bill_interfaces/bill_interfaces/msg/mission_status.hpp\n'}
[3.212497] (bill_interfaces) StdoutLine: {'line': b'-- Up-to-date: /home/vic/billeagle_ws/personal_ws/install/bill_interfaces/include/bill_interfaces/bill_interfaces/srv\n'}
[3.212523] (bill_interfaces) StdoutLine: {'line': b'-- Installing: /home/vic/billeagle_ws/personal_ws/install/bill_interfaces/include/bill_interfaces/bill_interfaces/srv/get_trained.hpp\n'}
[3.212548] (bill_interfaces) StdoutLine: {'line': b'-- Installing: /home/vic/billeagle_ws/personal_ws/install/bill_interfaces/include/bill_interfaces/bill_interfaces/srv/get_name.hpp\n'}
[3.212572] (bill_interfaces) StdoutLine: {'line': b'-- Installing: /home/vic/billeagle_ws/personal_ws/install/bill_interfaces/include/bill_interfaces/bill_interfaces/srv/search_for.hpp\n'}
[3.212597] (bill_interfaces) StdoutLine: {'line': b'-- Installing: /home/vic/billeagle_ws/personal_ws/install/bill_interfaces/include/bill_interfaces/bill_interfaces/srv/execute_spin.hpp\n'}
[3.212621] (bill_interfaces) StdoutLine: {'line': b'-- Up-to-date: /home/vic/billeagle_ws/personal_ws/install/bill_interfaces/include/bill_interfaces/bill_interfaces/srv/detail\n'}
[3.212645] (bill_interfaces) StdoutLine: {'line': b'-- Installing: /home/vic/billeagle_ws/personal_ws/install/bill_interfaces/include/bill_interfaces/bill_interfaces/srv/detail/say_something__traits.hpp\n'}
[3.212669] (bill_interfaces) StdoutLine: {'line': b'-- Installing: /home/vic/billeagle_ws/personal_ws/install/bill_interfaces/include/bill_interfaces/bill_interfaces/srv/detail/search_for__traits.hpp\n'}
[3.212692] (bill_interfaces) StdoutLine: {'line': b'-- Installing: /home/vic/billeagle_ws/personal_ws/install/bill_interfaces/include/bill_interfaces/bill_interfaces/srv/detail/get_name__struct.hpp\n'}
[3.212716] (bill_interfaces) StdoutLine: {'line': b'-- Installing: /home/vic/billeagle_ws/personal_ws/install/bill_interfaces/include/bill_interfaces/bill_interfaces/srv/detail/get_trained__builder.hpp\n'}
[3.212741] (bill_interfaces) StdoutLine: {'line': b'-- Installing: /home/vic/billeagle_ws/personal_ws/install/bill_interfaces/include/bill_interfaces/bill_interfaces/srv/detail/search_for__type_support.hpp\n'}
[3.212765] (bill_interfaces) StdoutLine: {'line': b'-- Installing: /home/vic/billeagle_ws/personal_ws/install/bill_interfaces/include/bill_interfaces/bill_interfaces/srv/detail/say_something__struct.hpp\n'}
[3.212789] (bill_interfaces) StdoutLine: {'line': b'-- Installing: /home/vic/billeagle_ws/personal_ws/install/bill_interfaces/include/bill_interfaces/bill_interfaces/srv/detail/execute_spin__traits.hpp\n'}
[3.212839] (bill_interfaces) StdoutLine: {'line': b'-- Installing: /home/vic/billeagle_ws/personal_ws/install/bill_interfaces/include/bill_interfaces/bill_interfaces/srv/detail/execute_spin__builder.hpp\n'}
[3.212863] (bill_interfaces) StdoutLine: {'line': b'-- Installing: /home/vic/billeagle_ws/personal_ws/install/bill_interfaces/include/bill_interfaces/bill_interfaces/srv/detail/say_something__builder.hpp\n'}
[3.212888] (bill_interfaces) StdoutLine: {'line': b'-- Installing: /home/vic/billeagle_ws/personal_ws/install/bill_interfaces/include/bill_interfaces/bill_interfaces/srv/detail/get_name__builder.hpp\n'}
[3.212927] (bill_interfaces) StdoutLine: {'line': b'-- Installing: /home/vic/billeagle_ws/personal_ws/install/bill_interfaces/include/bill_interfaces/bill_interfaces/srv/detail/get_trained__struct.hpp\n'}
[3.212952] (bill_interfaces) StdoutLine: {'line': b'-- Installing: /home/vic/billeagle_ws/personal_ws/install/bill_interfaces/include/bill_interfaces/bill_interfaces/srv/detail/get_trained__type_support.hpp\n'}
[3.212983] (bill_interfaces) StdoutLine: {'line': b'-- Installing: /home/vic/billeagle_ws/personal_ws/install/bill_interfaces/include/bill_interfaces/bill_interfaces/srv/detail/execute_spin__struct.hpp\n'}
[3.213008] (bill_interfaces) StdoutLine: {'line': b'-- Installing: /home/vic/billeagle_ws/personal_ws/install/bill_interfaces/include/bill_interfaces/bill_interfaces/srv/detail/get_trained__traits.hpp\n'}
[3.213045] (bill_interfaces) StdoutLine: {'line': b'-- Installing: /home/vic/billeagle_ws/personal_ws/install/bill_interfaces/include/bill_interfaces/bill_interfaces/srv/detail/execute_spin__type_support.hpp\n'}
[3.213069] (bill_interfaces) StdoutLine: {'line': b'-- Installing: /home/vic/billeagle_ws/personal_ws/install/bill_interfaces/include/bill_interfaces/bill_interfaces/srv/detail/get_name__traits.hpp\n'}
[3.213092] (bill_interfaces) StdoutLine: {'line': b'-- Installing: /home/vic/billeagle_ws/personal_ws/install/bill_interfaces/include/bill_interfaces/bill_interfaces/srv/detail/get_name__type_support.hpp\n'}
[3.213116] (bill_interfaces) StdoutLine: {'line': b'-- Installing: /home/vic/billeagle_ws/personal_ws/install/bill_interfaces/include/bill_interfaces/bill_interfaces/srv/detail/search_for__builder.hpp\n'}
[3.213139] (bill_interfaces) StdoutLine: {'line': b'-- Installing: /home/vic/billeagle_ws/personal_ws/install/bill_interfaces/include/bill_interfaces/bill_interfaces/srv/detail/search_for__struct.hpp\n'}
[3.213163] (bill_interfaces) StdoutLine: {'line': b'-- Installing: /home/vic/billeagle_ws/personal_ws/install/bill_interfaces/include/bill_interfaces/bill_interfaces/srv/detail/say_something__type_support.hpp\n'}
[3.213187] (bill_interfaces) StdoutLine: {'line': b'-- Installing: /home/vic/billeagle_ws/personal_ws/install/bill_interfaces/include/bill_interfaces/bill_interfaces/srv/say_something.hpp\n'}
[3.213210] (bill_interfaces) StdoutLine: {'line': b'-- Up-to-date: /home/vic/billeagle_ws/personal_ws/install/bill_interfaces/include/bill_interfaces/bill_interfaces\n'}
[3.213235] (bill_interfaces) StdoutLine: {'line': b'-- Up-to-date: /home/vic/billeagle_ws/personal_ws/install/bill_interfaces/include/bill_interfaces/bill_interfaces/msg\n'}
[3.213259] (bill_interfaces) StdoutLine: {'line': b'-- Installing: /home/vic/billeagle_ws/personal_ws/install/bill_interfaces/include/bill_interfaces/bill_interfaces/msg/rosidl_typesupport_fastrtps_cpp__visibility_control.h\n'}
[3.213283] (bill_interfaces) StdoutLine: {'line': b'-- Up-to-date: /home/vic/billeagle_ws/personal_ws/install/bill_interfaces/include/bill_interfaces/bill_interfaces/msg/detail\n'}
[3.213306] (bill_interfaces) StdoutLine: {'line': b'-- Installing: /home/vic/billeagle_ws/personal_ws/install/bill_interfaces/include/bill_interfaces/bill_interfaces/msg/detail/dds_fastrtps\n'}
[3.213331] (bill_interfaces) StdoutLine: {'line': b'-- Installing: /home/vic/billeagle_ws/personal_ws/install/bill_interfaces/include/bill_interfaces/bill_interfaces/msg/detail/mission_status__rosidl_typesupport_fastrtps_cpp.hpp\n'}
[3.213355] (bill_interfaces) StdoutLine: {'line': b'-- Up-to-date: /home/vic/billeagle_ws/personal_ws/install/bill_interfaces/include/bill_interfaces/bill_interfaces/srv\n'}
[3.213379] (bill_interfaces) StdoutLine: {'line': b'-- Up-to-date: /home/vic/billeagle_ws/personal_ws/install/bill_interfaces/include/bill_interfaces/bill_interfaces/srv/detail\n'}
[3.213402] (bill_interfaces) StdoutLine: {'line': b'-- Installing: /home/vic/billeagle_ws/personal_ws/install/bill_interfaces/include/bill_interfaces/bill_interfaces/srv/detail/get_name__rosidl_typesupport_fastrtps_cpp.hpp\n'}
[3.213426] (bill_interfaces) StdoutLine: {'line': b'-- Installing: /home/vic/billeagle_ws/personal_ws/install/bill_interfaces/include/bill_interfaces/bill_interfaces/srv/detail/execute_spin__rosidl_typesupport_fastrtps_cpp.hpp\n'}
[3.213455] (bill_interfaces) StdoutLine: {'line': b'-- Installing: /home/vic/billeagle_ws/personal_ws/install/bill_interfaces/include/bill_interfaces/bill_interfaces/srv/detail/get_trained__rosidl_typesupport_fastrtps_cpp.hpp\n'}
[3.213479] (bill_interfaces) StdoutLine: {'line': b'-- Installing: /home/vic/billeagle_ws/personal_ws/install/bill_interfaces/include/bill_interfaces/bill_interfaces/srv/detail/dds_fastrtps\n'}
[3.213503] (bill_interfaces) StdoutLine: {'line': b'-- Installing: /home/vic/billeagle_ws/personal_ws/install/bill_interfaces/include/bill_interfaces/bill_interfaces/srv/detail/search_for__rosidl_typesupport_fastrtps_cpp.hpp\n'}
[3.213536] (bill_interfaces) StdoutLine: {'line': b'-- Installing: /home/vic/billeagle_ws/personal_ws/install/bill_interfaces/include/bill_interfaces/bill_interfaces/srv/detail/say_something__rosidl_typesupport_fastrtps_cpp.hpp\n'}
[3.213585] (bill_interfaces) StdoutLine: {'line': b'-- Installing: /home/vic/billeagle_ws/personal_ws/install/bill_interfaces/lib/libbill_interfaces__rosidl_typesupport_fastrtps_cpp.so\n'}
[3.213617] (bill_interfaces) StdoutLine: {'line': b'-- Set runtime path of "/home/vic/billeagle_ws/personal_ws/install/bill_interfaces/lib/libbill_interfaces__rosidl_typesupport_fastrtps_cpp.so" to ""\n'}
[3.213641] (bill_interfaces) StdoutLine: {'line': b'-- Up-to-date: /home/vic/billeagle_ws/personal_ws/install/bill_interfaces/include/bill_interfaces/bill_interfaces\n'}
[3.213664] (bill_interfaces) StdoutLine: {'line': b'-- Up-to-date: /home/vic/billeagle_ws/personal_ws/install/bill_interfaces/include/bill_interfaces/bill_interfaces/msg\n'}
[3.213688] (bill_interfaces) StdoutLine: {'line': b'-- Up-to-date: /home/vic/billeagle_ws/personal_ws/install/bill_interfaces/include/bill_interfaces/bill_interfaces/msg/detail\n'}
[3.213712] (bill_interfaces) StdoutLine: {'line': b'-- Installing: /home/vic/billeagle_ws/personal_ws/install/bill_interfaces/include/bill_interfaces/bill_interfaces/msg/detail/mission_status__rosidl_typesupport_introspection_cpp.hpp\n'}
[3.213735] (bill_interfaces) StdoutLine: {'line': b'-- Installing: /home/vic/billeagle_ws/personal_ws/install/bill_interfaces/include/bill_interfaces/bill_interfaces/msg/detail/mission_status__type_support.cpp\n'}
[3.213760] (bill_interfaces) StdoutLine: {'line': b'-- Up-to-date: /home/vic/billeagle_ws/personal_ws/install/bill_interfaces/include/bill_interfaces/bill_interfaces/srv\n'}
[3.213783] (bill_interfaces) StdoutLine: {'line': b'-- Up-to-date: /home/vic/billeagle_ws/personal_ws/install/bill_interfaces/include/bill_interfaces/bill_interfaces/srv/detail\n'}
[3.213807] (bill_interfaces) StdoutLine: {'line': b'-- Installing: /home/vic/billeagle_ws/personal_ws/install/bill_interfaces/include/bill_interfaces/bill_interfaces/srv/detail/search_for__rosidl_typesupport_introspection_cpp.hpp\n'}
[3.213830] (bill_interfaces) StdoutLine: {'line': b'-- Installing: /home/vic/billeagle_ws/personal_ws/install/bill_interfaces/include/bill_interfaces/bill_interfaces/srv/detail/execute_spin__type_support.cpp\n'}
[3.213854] (bill_interfaces) StdoutLine: {'line': b'-- Installing: /home/vic/billeagle_ws/personal_ws/install/bill_interfaces/include/bill_interfaces/bill_interfaces/srv/detail/execute_spin__rosidl_typesupport_introspection_cpp.hpp\n'}
[3.213878] (bill_interfaces) StdoutLine: {'line': b'-- Installing: /home/vic/billeagle_ws/personal_ws/install/bill_interfaces/include/bill_interfaces/bill_interfaces/srv/detail/say_something__type_support.cpp\n'}
[3.213902] (bill_interfaces) StdoutLine: {'line': b'-- Installing: /home/vic/billeagle_ws/personal_ws/install/bill_interfaces/include/bill_interfaces/bill_interfaces/srv/detail/say_something__rosidl_typesupport_introspection_cpp.hpp\n'}
[3.213941] (bill_interfaces) StdoutLine: {'line': b'-- Installing: /home/vic/billeagle_ws/personal_ws/install/bill_interfaces/include/bill_interfaces/bill_interfaces/srv/detail/search_for__type_support.cpp\n'}
[3.213986] (bill_interfaces) StdoutLine: {'line': b'-- Installing: /home/vic/billeagle_ws/personal_ws/install/bill_interfaces/include/bill_interfaces/bill_interfaces/srv/detail/get_name__rosidl_typesupport_introspection_cpp.hpp\n'}
[3.214011] (bill_interfaces) StdoutLine: {'line': b'-- Installing: /home/vic/billeagle_ws/personal_ws/install/bill_interfaces/include/bill_interfaces/bill_interfaces/srv/detail/get_trained__rosidl_typesupport_introspection_cpp.hpp\n'}
[3.214036] (bill_interfaces) StdoutLine: {'line': b'-- Installing: /home/vic/billeagle_ws/personal_ws/install/bill_interfaces/include/bill_interfaces/bill_interfaces/srv/detail/get_trained__type_support.cpp\n'}
[3.214060] (bill_interfaces) StdoutLine: {'line': b'-- Installing: /home/vic/billeagle_ws/personal_ws/install/bill_interfaces/include/bill_interfaces/bill_interfaces/srv/detail/get_name__type_support.cpp\n'}
[3.214096] (bill_interfaces) StdoutLine: {'line': b'-- Installing: /home/vic/billeagle_ws/personal_ws/install/bill_interfaces/lib/libbill_interfaces__rosidl_typesupport_introspection_cpp.so\n'}
[3.214119] (bill_interfaces) StdoutLine: {'line': b'-- Set runtime path of "/home/vic/billeagle_ws/personal_ws/install/bill_interfaces/lib/libbill_interfaces__rosidl_typesupport_introspection_cpp.so" to ""\n'}
[3.214142] (bill_interfaces) StdoutLine: {'line': b'-- Installing: /home/vic/billeagle_ws/personal_ws/install/bill_interfaces/lib/libbill_interfaces__rosidl_typesupport_cpp.so\n'}
[3.214176] (bill_interfaces) StdoutLine: {'line': b'-- Set runtime path of "/home/vic/billeagle_ws/personal_ws/install/bill_interfaces/lib/libbill_interfaces__rosidl_typesupport_cpp.so" to ""\n'}
[3.214213] (bill_interfaces) StdoutLine: {'line': b'-- Installing: /home/vic/billeagle_ws/personal_ws/install/bill_interfaces/share/bill_interfaces/environment/pythonpath.sh\n'}
[3.214249] (bill_interfaces) StdoutLine: {'line': b'-- Installing: /home/vic/billeagle_ws/personal_ws/install/bill_interfaces/share/bill_interfaces/environment/pythonpath.dsv\n'}
[3.214284] (bill_interfaces) StdoutLine: {'line': b'-- Installing: /home/vic/billeagle_ws/personal_ws/install/bill_interfaces/local/lib/python3.10/dist-packages/bill_interfaces-0.0.0-py3.10.egg-info\n'}
[3.214330] (bill_interfaces) StdoutLine: {'line': b'-- Installing: /home/vic/billeagle_ws/personal_ws/install/bill_interfaces/local/lib/python3.10/dist-packages/bill_interfaces-0.0.0-py3.10.egg-info/PKG-INFO\n'}
[3.214368] (bill_interfaces) StdoutLine: {'line': b'-- Installing: /home/vic/billeagle_ws/personal_ws/install/bill_interfaces/local/lib/python3.10/dist-packages/bill_interfaces-0.0.0-py3.10.egg-info/dependency_links.txt\n'}
[3.214402] (bill_interfaces) StdoutLine: {'line': b'-- Installing: /home/vic/billeagle_ws/personal_ws/install/bill_interfaces/local/lib/python3.10/dist-packages/bill_interfaces-0.0.0-py3.10.egg-info/top_level.txt\n'}
[3.214438] (bill_interfaces) StdoutLine: {'line': b'-- Installing: /home/vic/billeagle_ws/personal_ws/install/bill_interfaces/local/lib/python3.10/dist-packages/bill_interfaces-0.0.0-py3.10.egg-info/SOURCES.txt\n'}
[3.214496] (bill_interfaces) StdoutLine: {'line': b'-- Installing: /home/vic/billeagle_ws/personal_ws/install/bill_interfaces/local/lib/python3.10/dist-packages/bill_interfaces\n'}
[3.214530] (bill_interfaces) StdoutLine: {'line': b'-- Installing: /home/vic/billeagle_ws/personal_ws/install/bill_interfaces/local/lib/python3.10/dist-packages/bill_interfaces/msg\n'}
[3.214564] (bill_interfaces) StdoutLine: {'line': b'-- Installing: /home/vic/billeagle_ws/personal_ws/install/bill_interfaces/local/lib/python3.10/dist-packages/bill_interfaces/msg/_mission_status.py\n'}
[3.214597] (bill_interfaces) StdoutLine: {'line': b'-- Installing: /home/vic/billeagle_ws/personal_ws/install/bill_interfaces/local/lib/python3.10/dist-packages/bill_interfaces/msg/__init__.py\n'}
[3.214628] (bill_interfaces) StdoutLine: {'line': b'-- Installing: /home/vic/billeagle_ws/personal_ws/install/bill_interfaces/local/lib/python3.10/dist-packages/bill_interfaces/msg/_mission_status_s.c\n'}
[3.214663] (bill_interfaces) StdoutLine: {'line': b'-- Installing: /home/vic/billeagle_ws/personal_ws/install/bill_interfaces/local/lib/python3.10/dist-packages/bill_interfaces/libbill_interfaces__rosidl_generator_py.so\n'}
[3.214720] (bill_interfaces) StdoutLine: {'line': b'-- Installing: /home/vic/billeagle_ws/personal_ws/install/bill_interfaces/local/lib/python3.10/dist-packages/bill_interfaces/_bill_interfaces_s.ep.rosidl_typesupport_c.c\n'}
[3.214778] (bill_interfaces) StdoutLine: {'line': b'-- Installing: /home/vic/billeagle_ws/personal_ws/install/bill_interfaces/local/lib/python3.10/dist-packages/bill_interfaces/srv\n'}
[3.214812] (bill_interfaces) StdoutLine: {'line': b'-- Installing: /home/vic/billeagle_ws/personal_ws/install/bill_interfaces/local/lib/python3.10/dist-packages/bill_interfaces/srv/_search_for.py\n'}
[3.214846] (bill_interfaces) StdoutLine: {'line': b'-- Installing: /home/vic/billeagle_ws/personal_ws/install/bill_interfaces/local/lib/python3.10/dist-packages/bill_interfaces/srv/_execute_spin.py\n'}
[3.214887] (bill_interfaces) StdoutLine: {'line': b'-- Installing: /home/vic/billeagle_ws/personal_ws/install/bill_interfaces/local/lib/python3.10/dist-packages/bill_interfaces/srv/_execute_spin_s.c\n'}
[3.214923] (bill_interfaces) StdoutLine: {'line': b'-- Installing: /home/vic/billeagle_ws/personal_ws/install/bill_interfaces/local/lib/python3.10/dist-packages/bill_interfaces/srv/_get_name.py\n'}
[3.214961] (bill_interfaces) StdoutLine: {'line': b'-- Installing: /home/vic/billeagle_ws/personal_ws/install/bill_interfaces/local/lib/python3.10/dist-packages/bill_interfaces/srv/_get_trained_s.c\n'}
[3.215001] (bill_interfaces) StdoutLine: {'line': b'-- Installing: /home/vic/billeagle_ws/personal_ws/install/bill_interfaces/local/lib/python3.10/dist-packages/bill_interfaces/srv/_say_something_s.c\n'}
[3.215036] (bill_interfaces) StdoutLine: {'line': b'-- Installing: /home/vic/billeagle_ws/personal_ws/install/bill_interfaces/local/lib/python3.10/dist-packages/bill_interfaces/srv/_say_something.py\n'}
[3.215074] (bill_interfaces) StdoutLine: {'line': b'-- Installing: /home/vic/billeagle_ws/personal_ws/install/bill_interfaces/local/lib/python3.10/dist-packages/bill_interfaces/srv/__init__.py\n'}
[3.215110] (bill_interfaces) StdoutLine: {'line': b'-- Installing: /home/vic/billeagle_ws/personal_ws/install/bill_interfaces/local/lib/python3.10/dist-packages/bill_interfaces/srv/_get_trained.py\n'}
[3.215148] (bill_interfaces) StdoutLine: {'line': b'-- Installing: /home/vic/billeagle_ws/personal_ws/install/bill_interfaces/local/lib/python3.10/dist-packages/bill_interfaces/srv/_get_name_s.c\n'}
[3.215184] (bill_interfaces) StdoutLine: {'line': b'-- Installing: /home/vic/billeagle_ws/personal_ws/install/bill_interfaces/local/lib/python3.10/dist-packages/bill_interfaces/srv/_search_for_s.c\n'}
[3.215222] (bill_interfaces) StdoutLine: {'line': b'-- Installing: /home/vic/billeagle_ws/personal_ws/install/bill_interfaces/local/lib/python3.10/dist-packages/bill_interfaces/bill_interfaces_s__rosidl_typesupport_introspection_c.cpython-310-x86_64-linux-gnu.so\n'}
[3.215279] (bill_interfaces) StdoutLine: {'line': b'-- Installing: /home/vic/billeagle_ws/personal_ws/install/bill_interfaces/local/lib/python3.10/dist-packages/bill_interfaces/_bill_interfaces_s.ep.rosidl_typesupport_fastrtps_c.c\n'}
[3.215338] (bill_interfaces) StdoutLine: {'line': b'-- Installing: /home/vic/billeagle_ws/personal_ws/install/bill_interfaces/local/lib/python3.10/dist-packages/bill_interfaces/_bill_interfaces_s.ep.rosidl_typesupport_introspection_c.c\n'}
[3.215398] (bill_interfaces) StdoutLine: {'line': b'-- Installing: /home/vic/billeagle_ws/personal_ws/install/bill_interfaces/local/lib/python3.10/dist-packages/bill_interfaces/__init__.py\n'}
[3.215435] (bill_interfaces) StdoutLine: {'line': b'-- Installing: /home/vic/billeagle_ws/personal_ws/install/bill_interfaces/local/lib/python3.10/dist-packages/bill_interfaces/bill_interfaces_s__rosidl_typesupport_c.cpython-310-x86_64-linux-gnu.so\n'}
[3.215491] (bill_interfaces) StdoutLine: {'line': b'-- Installing: /home/vic/billeagle_ws/personal_ws/install/bill_interfaces/local/lib/python3.10/dist-packages/bill_interfaces/bill_interfaces_s__rosidl_typesupport_fastrtps_c.cpython-310-x86_64-linux-gnu.so\n'}
[3.239174] (bill_interfaces) StdoutLine: {'line': b"Listing '/home/vic/billeagle_ws/personal_ws/install/bill_interfaces/local/lib/python3.10/dist-packages/bill_interfaces'...\n"}
[3.239264] (bill_interfaces) StdoutLine: {'line': b"Compiling '/home/vic/billeagle_ws/personal_ws/install/bill_interfaces/local/lib/python3.10/dist-packages/bill_interfaces/__init__.py'...\n"}
[3.239294] (bill_interfaces) StdoutLine: {'line': b"Listing '/home/vic/billeagle_ws/personal_ws/install/bill_interfaces/local/lib/python3.10/dist-packages/bill_interfaces/msg'...\n"}
[3.239319] (bill_interfaces) StdoutLine: {'line': b"Compiling '/home/vic/billeagle_ws/personal_ws/install/bill_interfaces/local/lib/python3.10/dist-packages/bill_interfaces/msg/__init__.py'...\n"}
[3.239348] (bill_interfaces) StdoutLine: {'line': b"Compiling '/home/vic/billeagle_ws/personal_ws/install/bill_interfaces/local/lib/python3.10/dist-packages/bill_interfaces/msg/_mission_status.py'...\n"}
[3.239372] (bill_interfaces) StdoutLine: {'line': b"Listing '/home/vic/billeagle_ws/personal_ws/install/bill_interfaces/local/lib/python3.10/dist-packages/bill_interfaces/srv'...\n"}
[3.239394] (bill_interfaces) StdoutLine: {'line': b"Compiling '/home/vic/billeagle_ws/personal_ws/install/bill_interfaces/local/lib/python3.10/dist-packages/bill_interfaces/srv/__init__.py'...\n"}
[3.239416] (bill_interfaces) StdoutLine: {'line': b"Compiling '/home/vic/billeagle_ws/personal_ws/install/bill_interfaces/local/lib/python3.10/dist-packages/bill_interfaces/srv/_execute_spin.py'...\n"}
[3.239444] (bill_interfaces) StdoutLine: {'line': b"Compiling '/home/vic/billeagle_ws/personal_ws/install/bill_interfaces/local/lib/python3.10/dist-packages/bill_interfaces/srv/_get_name.py'...\n"}
[3.239474] (bill_interfaces) StdoutLine: {'line': b"Compiling '/home/vic/billeagle_ws/personal_ws/install/bill_interfaces/local/lib/python3.10/dist-packages/bill_interfaces/srv/_get_trained.py'...\n"}
[3.239497] (bill_interfaces) StdoutLine: {'line': b"Compiling '/home/vic/billeagle_ws/personal_ws/install/bill_interfaces/local/lib/python3.10/dist-packages/bill_interfaces/srv/_say_something.py'...\n"}
[3.239520] (bill_interfaces) StdoutLine: {'line': b"Compiling '/home/vic/billeagle_ws/personal_ws/install/bill_interfaces/local/lib/python3.10/dist-packages/bill_interfaces/srv/_search_for.py'...\n"}
[3.242008] (bill_interfaces) StdoutLine: {'line': b'-- Installing: /home/vic/billeagle_ws/personal_ws/install/bill_interfaces/local/lib/python3.10/dist-packages/bill_interfaces/bill_interfaces_s__rosidl_typesupport_fastrtps_c.cpython-310-x86_64-linux-gnu.so\n'}
[3.242081] (bill_interfaces) StdoutLine: {'line': b'-- Set runtime path of "/home/vic/billeagle_ws/personal_ws/install/bill_interfaces/local/lib/python3.10/dist-packages/bill_interfaces/bill_interfaces_s__rosidl_typesupport_fastrtps_c.cpython-310-x86_64-linux-gnu.so" to ""\n'}
[3.242128] (bill_interfaces) StdoutLine: {'line': b'-- Installing: /home/vic/billeagle_ws/personal_ws/install/bill_interfaces/local/lib/python3.10/dist-packages/bill_interfaces/bill_interfaces_s__rosidl_typesupport_introspection_c.cpython-310-x86_64-linux-gnu.so\n'}
[3.242265] (bill_interfaces) StdoutLine: {'line': b'-- Set runtime path of "/home/vic/billeagle_ws/personal_ws/install/bill_interfaces/local/lib/python3.10/dist-packages/bill_interfaces/bill_interfaces_s__rosidl_typesupport_introspection_c.cpython-310-x86_64-linux-gnu.so" to ""\n'}
[3.242427] (bill_interfaces) StdoutLine: {'line': b'-- Installing: /home/vic/billeagle_ws/personal_ws/install/bill_interfaces/local/lib/python3.10/dist-packages/bill_interfaces/bill_interfaces_s__rosidl_typesupport_c.cpython-310-x86_64-linux-gnu.so\n'}
[3.242499] (bill_interfaces) StdoutLine: {'line': b'-- Set runtime path of "/home/vic/billeagle_ws/personal_ws/install/bill_interfaces/local/lib/python3.10/dist-packages/bill_interfaces/bill_interfaces_s__rosidl_typesupport_c.cpython-310-x86_64-linux-gnu.so" to ""\n'}
[3.242531] (bill_interfaces) StdoutLine: {'line': b'-- Installing: /home/vic/billeagle_ws/personal_ws/install/bill_interfaces/lib/libbill_interfaces__rosidl_generator_py.so\n'}
[3.242683] (bill_interfaces) StdoutLine: {'line': b'-- Set runtime path of "/home/vic/billeagle_ws/personal_ws/install/bill_interfaces/lib/libbill_interfaces__rosidl_generator_py.so" to ""\n'}
[3.242865] (bill_interfaces) StdoutLine: {'line': b'-- Installing: /home/vic/billeagle_ws/personal_ws/install/bill_interfaces/share/bill_interfaces/msg/MissionStatus.idl\n'}
[3.242901] (bill_interfaces) StdoutLine: {'line': b'-- Installing: /home/vic/billeagle_ws/personal_ws/install/bill_interfaces/share/bill_interfaces/srv/GetName.idl\n'}
[3.243029] (bill_interfaces) StdoutLine: {'line': b'-- Installing: /home/vic/billeagle_ws/personal_ws/install/bill_interfaces/share/bill_interfaces/srv/SearchFor.idl\n'}
[3.243102] (bill_interfaces) StdoutLine: {'line': b'-- Installing: /home/vic/billeagle_ws/personal_ws/install/bill_interfaces/share/bill_interfaces/srv/GetTrained.idl\n'}
[3.243134] (bill_interfaces) StdoutLine: {'line': b'-- Installing: /home/vic/billeagle_ws/personal_ws/install/bill_interfaces/share/bill_interfaces/srv/ExecuteSpin.idl\n'}
[3.243180] (bill_interfaces) StdoutLine: {'line': b'-- Installing: /home/vic/billeagle_ws/personal_ws/install/bill_interfaces/share/bill_interfaces/srv/SaySomething.idl\n'}
[3.243210] (bill_interfaces) StdoutLine: {'line': b'-- Installing: /home/vic/billeagle_ws/personal_ws/install/bill_interfaces/share/bill_interfaces/msg/MissionStatus.msg\n'}
[3.243235] (bill_interfaces) StdoutLine: {'line': b'-- Installing: /home/vic/billeagle_ws/personal_ws/install/bill_interfaces/share/bill_interfaces/srv/GetName.srv\n'}
[3.243261] (bill_interfaces) StdoutLine: {'line': b'-- Installing: /home/vic/billeagle_ws/personal_ws/install/bill_interfaces/share/bill_interfaces/srv/GetName_Request.msg\n'}
[3.243286] (bill_interfaces) StdoutLine: {'line': b'-- Installing: /home/vic/billeagle_ws/personal_ws/install/bill_interfaces/share/bill_interfaces/srv/GetName_Response.msg\n'}
[3.243311] (bill_interfaces) StdoutLine: {'line': b'-- Installing: /home/vic/billeagle_ws/personal_ws/install/bill_interfaces/share/bill_interfaces/srv/SearchFor.srv\n'}
[3.243337] (bill_interfaces) StdoutLine: {'line': b'-- Installing: /home/vic/billeagle_ws/personal_ws/install/bill_interfaces/share/bill_interfaces/srv/SearchFor_Request.msg\n'}
[3.243362] (bill_interfaces) StdoutLine: {'line': b'-- Installing: /home/vic/billeagle_ws/personal_ws/install/bill_interfaces/share/bill_interfaces/srv/SearchFor_Response.msg\n'}
[3.243386] (bill_interfaces) StdoutLine: {'line': b'-- Installing: /home/vic/billeagle_ws/personal_ws/install/bill_interfaces/share/bill_interfaces/srv/GetTrained.srv\n'}
[3.243411] (bill_interfaces) StdoutLine: {'line': b'-- Installing: /home/vic/billeagle_ws/personal_ws/install/bill_interfaces/share/bill_interfaces/srv/GetTrained_Request.msg\n'}
[3.243460] (bill_interfaces) StdoutLine: {'line': b'-- Installing: /home/vic/billeagle_ws/personal_ws/install/bill_interfaces/share/bill_interfaces/srv/GetTrained_Response.msg\n'}
[3.243516] (bill_interfaces) StdoutLine: {'line': b'-- Installing: /home/vic/billeagle_ws/personal_ws/install/bill_interfaces/share/bill_interfaces/srv/ExecuteSpin.srv\n'}
[3.243540] (bill_interfaces) StdoutLine: {'line': b'-- Installing: /home/vic/billeagle_ws/personal_ws/install/bill_interfaces/share/bill_interfaces/srv/ExecuteSpin_Request.msg\n'}
[3.243565] (bill_interfaces) StdoutLine: {'line': b'-- Installing: /home/vic/billeagle_ws/personal_ws/install/bill_interfaces/share/bill_interfaces/srv/ExecuteSpin_Response.msg\n'}
[3.243590] (bill_interfaces) StdoutLine: {'line': b'-- Installing: /home/vic/billeagle_ws/personal_ws/install/bill_interfaces/share/bill_interfaces/srv/SaySomething.srv\n'}
[3.243616] (bill_interfaces) StdoutLine: {'line': b'-- Installing: /home/vic/billeagle_ws/personal_ws/install/bill_interfaces/share/bill_interfaces/srv/SaySomething_Request.msg\n'}
[3.243641] (bill_interfaces) StdoutLine: {'line': b'-- Installing: /home/vic/billeagle_ws/personal_ws/install/bill_interfaces/share/bill_interfaces/srv/SaySomething_Response.msg\n'}
[3.243681] (bill_interfaces) StdoutLine: {'line': b'-- Installing: /home/vic/billeagle_ws/personal_ws/install/bill_interfaces/share/ament_index/resource_index/package_run_dependencies/bill_interfaces\n'}
[3.243734] (bill_interfaces) StdoutLine: {'line': b'-- Installing: /home/vic/billeagle_ws/personal_ws/install/bill_interfaces/share/ament_index/resource_index/parent_prefix_path/bill_interfaces\n'}
[3.243760] (bill_interfaces) StdoutLine: {'line': b'-- Installing: /home/vic/billeagle_ws/personal_ws/install/bill_interfaces/share/bill_interfaces/environment/ament_prefix_path.sh\n'}
[3.243785] (bill_interfaces) StdoutLine: {'line': b'-- Installing: /home/vic/billeagle_ws/personal_ws/install/bill_interfaces/share/bill_interfaces/environment/ament_prefix_path.dsv\n'}
[3.243825] (bill_interfaces) StdoutLine: {'line': b'-- Installing: /home/vic/billeagle_ws/personal_ws/install/bill_interfaces/share/bill_interfaces/environment/path.sh\n'}
[3.243867] (bill_interfaces) StdoutLine: {'line': b'-- Installing: /home/vic/billeagle_ws/personal_ws/install/bill_interfaces/share/bill_interfaces/environment/path.dsv\n'}
[3.243908] (bill_interfaces) StdoutLine: {'line': b'-- Installing: /home/vic/billeagle_ws/personal_ws/install/bill_interfaces/share/bill_interfaces/local_setup.bash\n'}
[3.243957] (bill_interfaces) StdoutLine: {'line': b'-- Installing: /home/vic/billeagle_ws/personal_ws/install/bill_interfaces/share/bill_interfaces/local_setup.sh\n'}
[3.243983] (bill_interfaces) StdoutLine: {'line': b'-- Installing: /home/vic/billeagle_ws/personal_ws/install/bill_interfaces/share/bill_interfaces/local_setup.zsh\n'}
[3.244020] (bill_interfaces) StdoutLine: {'line': b'-- Installing: /home/vic/billeagle_ws/personal_ws/install/bill_interfaces/share/bill_interfaces/local_setup.dsv\n'}
[3.244062] (bill_interfaces) StdoutLine: {'line': b'-- Installing: /home/vic/billeagle_ws/personal_ws/install/bill_interfaces/share/bill_interfaces/package.dsv\n'}
[3.244104] (bill_interfaces) StdoutLine: {'line': b'-- Installing: /home/vic/billeagle_ws/personal_ws/install/bill_interfaces/share/ament_index/resource_index/packages/bill_interfaces\n'}
[3.244150] (bill_interfaces) StdoutLine: {'line': b'-- Installing: /home/vic/billeagle_ws/personal_ws/install/bill_interfaces/share/bill_interfaces/cmake/export_bill_interfaces__rosidl_generator_cExport.cmake\n'}
[3.244201] (bill_interfaces) StdoutLine: {'line': b'-- Installing: /home/vic/billeagle_ws/personal_ws/install/bill_interfaces/share/bill_interfaces/cmake/export_bill_interfaces__rosidl_generator_cExport-noconfig.cmake\n'}
[3.244252] (bill_interfaces) StdoutLine: {'line': b'-- Installing: /home/vic/billeagle_ws/personal_ws/install/bill_interfaces/share/bill_interfaces/cmake/export_bill_interfaces__rosidl_typesupport_fastrtps_cExport.cmake\n'}
[3.244301] (bill_interfaces) StdoutLine: {'line': b'-- Installing: /home/vic/billeagle_ws/personal_ws/install/bill_interfaces/share/bill_interfaces/cmake/export_bill_interfaces__rosidl_typesupport_fastrtps_cExport-noconfig.cmake\n'}
[3.244355] (bill_interfaces) StdoutLine: {'line': b'-- Installing: /home/vic/billeagle_ws/personal_ws/install/bill_interfaces/share/bill_interfaces/cmake/bill_interfaces__rosidl_typesupport_introspection_cExport.cmake\n'}
[3.244399] (bill_interfaces) StdoutLine: {'line': b'-- Installing: /home/vic/billeagle_ws/personal_ws/install/bill_interfaces/share/bill_interfaces/cmake/bill_interfaces__rosidl_typesupport_introspection_cExport-noconfig.cmake\n'}
[3.244461] (bill_interfaces) StdoutLine: {'line': b'-- Installing: /home/vic/billeagle_ws/personal_ws/install/bill_interfaces/share/bill_interfaces/cmake/bill_interfaces__rosidl_typesupport_cExport.cmake\n'}
[3.244507] (bill_interfaces) StdoutLine: {'line': b'-- Installing: /home/vic/billeagle_ws/personal_ws/install/bill_interfaces/share/bill_interfaces/cmake/bill_interfaces__rosidl_typesupport_cExport-noconfig.cmake\n'}
[3.244560] (bill_interfaces) StdoutLine: {'line': b'-- Installing: /home/vic/billeagle_ws/personal_ws/install/bill_interfaces/share/bill_interfaces/cmake/export_bill_interfaces__rosidl_generator_cppExport.cmake\n'}
[3.244607] (bill_interfaces) StdoutLine: {'line': b'-- Installing: /home/vic/billeagle_ws/personal_ws/install/bill_interfaces/share/bill_interfaces/cmake/export_bill_interfaces__rosidl_typesupport_fastrtps_cppExport.cmake\n'}
[3.244656] (bill_interfaces) StdoutLine: {'line': b'-- Installing: /home/vic/billeagle_ws/personal_ws/install/bill_interfaces/share/bill_interfaces/cmake/export_bill_interfaces__rosidl_typesupport_fastrtps_cppExport-noconfig.cmake\n'}
[3.244707] (bill_interfaces) StdoutLine: {'line': b'-- Installing: /home/vic/billeagle_ws/personal_ws/install/bill_interfaces/share/bill_interfaces/cmake/bill_interfaces__rosidl_typesupport_introspection_cppExport.cmake\n'}
[3.244757] (bill_interfaces) StdoutLine: {'line': b'-- Installing: /home/vic/billeagle_ws/personal_ws/install/bill_interfaces/share/bill_interfaces/cmake/bill_interfaces__rosidl_typesupport_introspection_cppExport-noconfig.cmake\n'}
[3.244806] (bill_interfaces) StdoutLine: {'line': b'-- Installing: /home/vic/billeagle_ws/personal_ws/install/bill_interfaces/share/bill_interfaces/cmake/bill_interfaces__rosidl_typesupport_cppExport.cmake\n'}
[3.244851] (bill_interfaces) StdoutLine: {'line': b'-- Installing: /home/vic/billeagle_ws/personal_ws/install/bill_interfaces/share/bill_interfaces/cmake/bill_interfaces__rosidl_typesupport_cppExport-noconfig.cmake\n'}
[3.244905] (bill_interfaces) StdoutLine: {'line': b'-- Installing: /home/vic/billeagle_ws/personal_ws/install/bill_interfaces/share/bill_interfaces/cmake/export_bill_interfaces__rosidl_generator_pyExport.cmake\n'}
[3.244953] (bill_interfaces) StdoutLine: {'line': b'-- Installing: /home/vic/billeagle_ws/personal_ws/install/bill_interfaces/share/bill_interfaces/cmake/export_bill_interfaces__rosidl_generator_pyExport-noconfig.cmake\n'}
[3.245000] (bill_interfaces) StdoutLine: {'line': b'-- Installing: /home/vic/billeagle_ws/personal_ws/install/bill_interfaces/share/bill_interfaces/cmake/rosidl_cmake-extras.cmake\n'}
[3.245052] (bill_interfaces) StdoutLine: {'line': b'-- Installing: /home/vic/billeagle_ws/personal_ws/install/bill_interfaces/share/bill_interfaces/cmake/ament_cmake_export_include_directories-extras.cmake\n'}
[3.245104] (bill_interfaces) StdoutLine: {'line': b'-- Installing: /home/vic/billeagle_ws/personal_ws/install/bill_interfaces/share/bill_interfaces/cmake/ament_cmake_export_libraries-extras.cmake\n'}
[3.245150] (bill_interfaces) StdoutLine: {'line': b'-- Installing: /home/vic/billeagle_ws/personal_ws/install/bill_interfaces/share/bill_interfaces/cmake/ament_cmake_export_targets-extras.cmake\n'}
[3.245198] (bill_interfaces) StdoutLine: {'line': b'-- Installing: /home/vic/billeagle_ws/personal_ws/install/bill_interfaces/share/bill_interfaces/cmake/rosidl_cmake_export_typesupport_targets-extras.cmake\n'}
[3.245247] (bill_interfaces) StdoutLine: {'line': b'-- Installing: /home/vic/billeagle_ws/personal_ws/install/bill_interfaces/share/bill_interfaces/cmake/ament_cmake_export_dependencies-extras.cmake\n'}
[3.245301] (bill_interfaces) StdoutLine: {'line': b'-- Installing: /home/vic/billeagle_ws/personal_ws/install/bill_interfaces/share/bill_interfaces/cmake/rosidl_cmake_export_typesupport_libraries-extras.cmake\n'}
[3.245351] (bill_interfaces) StdoutLine: {'line': b'-- Installing: /home/vic/billeagle_ws/personal_ws/install/bill_interfaces/share/bill_interfaces/cmake/bill_interfacesConfig.cmake\n'}
[3.245390] (bill_interfaces) StdoutLine: {'line': b'-- Installing: /home/vic/billeagle_ws/personal_ws/install/bill_interfaces/share/bill_interfaces/cmake/bill_interfacesConfig-version.cmake\n'}
[3.245441] (bill_interfaces) StdoutLine: {'line': b'-- Installing: /home/vic/billeagle_ws/personal_ws/install/bill_interfaces/share/bill_interfaces/package.xml\n'}
[3.247184] (bill_interfaces) CommandEnded: {'returncode': 0}
[3.257127] (bill_interfaces) JobEnded: {'identifier': 'bill_interfaces', 'rc': 0}
[3.257402] (person_identification_mission) JobStarted: {'identifier': 'person_identification_mission'}
[3.310271] (-) TimerEvent: {}
[3.410555] (-) TimerEvent: {}
[3.510832] (-) TimerEvent: {}
[3.586779] (person_identification_mission) Command: {'cmd': ['/usr/bin/python3', '-W', 'ignore:setup.py install is deprecated', '-W', 'ignore:easy_install command is deprecated', 'setup.py', 'egg_info', '--egg-base', '../../build/person_identification_mission', 'build', '--build-base', '/home/vic/billeagle_ws/personal_ws/build/person_identification_mission/build', 'install', '--record', '/home/vic/billeagle_ws/personal_ws/build/person_identification_mission/install.log', '--single-version-externally-managed', 'install_data'], 'cwd': '/home/vic/billeagle_ws/personal_ws/src/person_identification_mission', 'env': {'LESSOPEN': '| /usr/bin/lesspipe %s', 'USER': 'vic', 'LC_TIME': 'pt_BR.UTF-8', 'XDG_SESSION_TYPE': 'x11', 'SHLVL': '1', 'LD_LIBRARY_PATH': '/home/vic/billeagle_ws/personal_ws/install/bill_interfaces/lib:/opt/ros/humble/opt/rviz_ogre_vendor/lib:/opt/ros/humble/lib/x86_64-linux-gnu:/opt/ros/humble/lib', 'HOME': '/home/vic', 'OLDPWD': '/home/vic', 'DESKTOP_SESSION': 'ubuntu', 'ROS_PYTHON_VERSION': '3', 'GNOME_SHELL_SESSION_MODE': 'ubuntu', 'GTK_MODULES': 'gail:atk-bridge', 'LC_MONETARY': 'pt_BR.UTF-8', 'MANAGERPID': '7518', 'LC_CTYPE': 'pt_BR.UTF-8', 'SYSTEMD_EXEC_PID': '8049', 'DBUS_SESSION_BUS_ADDRESS': 'unix:path=/run/user/1001/bus', 'COLORTERM': 'truecolor', 'TERMINATOR_DBUS_NAME': 'net.tenshu.Terminator23558193cd9818af7fe4d2c2f5bd9d00f', 'GIO_LAUNCHED_DESKTOP_FILE_PID': '8994', 'COLCON_PREFIX_PATH': '/home/vic/billeagle_ws/personal_ws/install', 'ROS_DISTRO': 'humble', 'GTK_IM_MODULE': 'ibus', 'LOGNAME': 'vic', 'JOURNAL_STREAM': '8:47867', '_': '/usr/bin/colcon', 'ROS_VERSION': '2', 'XDG_SESSION_CLASS': 'user', 'USERNAME': 'vic', 'TERM': 'xterm-256color', 'GNOME_DESKTOP_SESSION_ID': 'this-is-deprecated', 'ROS_LOCALHOST_ONLY': '0', 'WINDOWPATH': '2', 'PATH': '/opt/ros/humble/bin:/usr/local/sbin:/usr/local/bin:/usr/sbin:/usr/bin:/sbin:/bin:/usr/games:/usr/local/games:/snap/bin:/snap/bin', 'SESSION_MANAGER': 'local/bill8-Dell-G15-5520:@/tmp/.ICE-unix/7809,unix/bill8-Dell-G15-5520:/tmp/.ICE-unix/7809', 'INVOCATION_ID': '1a1902976b484525b38f026e0a8bfdeb', 'XDG_MENU_PREFIX': 'gnome-', 'LC_ADDRESS': 'pt_BR.UTF-8', 'XDG_RUNTIME_DIR': '/run/user/1001', 'DISPLAY': ':1', 'TERMINATOR_DBUS_PATH': '/net/tenshu/Terminator2', 'LANG': 'en_US.UTF-8', 'XDG_CURRENT_DESKTOP': 'ubuntu:GNOME', 'IBUS_DISABLE_SNOOPER': '1', 'LC_TELEPHONE': 'pt_BR.UTF-8', 'XMODIFIERS': '@im=ibus', 'XDG_SESSION_DESKTOP': 'ubuntu', 'XAUTHORITY': '/run/user/1001/gdm/Xauthority', 'LS_COLORS': 'rs=0:di=01;34:ln=01;36:mh=00:pi=40;33:so=01;35:do=01;35:bd=40;33;01:cd=40;33;01:or=40;31;01:mi=00:su=37;41:sg=30;43:ca=30;41:tw=30;42:ow=34;42:st=37;44:ex=01;32:*.tar=01;31:*.tgz=01;31:*.arc=01;31:*.arj=01;31:*.taz=01;31:*.lha=01;31:*.lz4=01;31:*.lzh=01;31:*.lzma=01;31:*.tlz=01;31:*.txz=01;31:*.tzo=01;31:*.t7z=01;31:*.zip=01;31:*.z=01;31:*.dz=01;31:*.gz=01;31:*.lrz=01;31:*.lz=01;31:*.lzo=01;31:*.xz=01;31:*.zst=01;31:*.tzst=01;31:*.bz2=01;31:*.bz=01;31:*.tbz=01;31:*.tbz2=01;31:*.tz=01;31:*.deb=01;31:*.rpm=01;31:*.jar=01;31:*.war=01;31:*.ear=01;31:*.sar=01;31:*.rar=01;31:*.alz=01;31:*.ace=01;31:*.zoo=01;31:*.cpio=01;31:*.7z=01;31:*.rz=01;31:*.cab=01;31:*.wim=01;31:*.swm=01;31:*.dwm=01;31:*.esd=01;31:*.jpg=01;35:*.jpeg=01;35:*.mjpg=01;35:*.mjpeg=01;35:*.gif=01;35:*.bmp=01;35:*.pbm=01;35:*.pgm=01;35:*.ppm=01;35:*.tga=01;35:*.xbm=01;35:*.xpm=01;35:*.tif=01;35:*.tiff=01;35:*.png=01;35:*.svg=01;35:*.svgz=01;35:*.mng=01;35:*.pcx=01;35:*.mov=01;35:*.mpg=01;35:*.mpeg=01;35:*.m2v=01;35:*.mkv=01;35:*.webm=01;35:*.webp=01;35:*.ogm=01;35:*.mp4=01;35:*.m4v=01;35:*.mp4v=01;35:*.vob=01;35:*.qt=01;35:*.nuv=01;35:*.wmv=01;35:*.asf=01;35:*.rm=01;35:*.rmvb=01;35:*.flc=01;35:*.avi=01;35:*.fli=01;35:*.flv=01;35:*.gl=01;35:*.dl=01;35:*.xcf=01;35:*.xwd=01;35:*.yuv=01;35:*.cgm=01;35:*.emf=01;35:*.ogv=01;35:*.ogx=01;35:*.aac=00;36:*.au=00;36:*.flac=00;36:*.m4a=00;36:*.mid=00;36:*.midi=00;36:*.mka=00;36:*.mp3=00;36:*.mpc=00;36:*.ogg=00;36:*.ra=00;36:*.wav=00;36:*.oga=00;36:*.opus=00;36:*.spx=00;36:*.xspf=00;36:', 'SSH_AGENT_LAUNCHER': 'gnome-keyring', 'SSH_AUTH_SOCK': '/run/user/1001/keyring/ssh', 'AMENT_PREFIX_PATH': '/home/vic/billeagle_ws/personal_ws/install/bill_bringup:/home/vic/billeagle_ws/personal_ws/install/person_identification_mission:/home/vic/billeagle_ws/personal_ws/install/bill_interfaces:/opt/ros/humble', 'SHELL': '/bin/bash', 'LC_NAME': 'pt_BR.UTF-8', 'TERMINATOR_UUID': 'urn:uuid:199f9e16-ddad-4394-820a-901dc74e591a', 'QT_ACCESSIBILITY': '1', 'GDMSESSION': 'ubuntu', 'LESSCLOSE': '/usr/bin/lesspipe %s %s', 'LC_MEASUREMENT': 'pt_BR.UTF-8', 'GPG_AGENT_INFO': '/run/user/1001/gnupg/S.gpg-agent:0:1', 'LC_IDENTIFICATION': 'pt_BR.UTF-8', 'QT_IM_MODULE': 'ibus', 'PWD': '/home/vic/billeagle_ws/personal_ws/build/person_identification_mission', 'LC_ALL': 'en_US.UTF-8', 'XDG_CONFIG_DIRS': '/etc/xdg/xdg-ubuntu:/etc/xdg', 'XDG_DATA_DIRS': '/usr/share/ubuntu:/usr/share/gnome:/usr/local/share/:/usr/share/:/var/lib/snapd/desktop', 'PYTHONPATH': '/home/vic/billeagle_ws/personal_ws/build/person_identification_mission/prefix_override:/usr/lib/python3/dist-packages/colcon_core/task/python/colcon_distutils_commands:/home/vic/billeagle_ws/personal_ws/install/person_identification_mission/lib/python3.10/site-packages:/home/vic/billeagle_ws/personal_ws/install/person_identification_mission/lib/python3.10/site-packages:/home/vic/billeagle_ws/personal_ws/install/bill_interfaces/local/lib/python3.10/dist-packages:/opt/ros/humble/lib/python3.10/site-packages:/opt/ros/humble/local/lib/python3.10/dist-packages', 'LC_NUMERIC': 'pt_BR.UTF-8', 'LC_PAPER': 'pt_BR.UTF-8', 'COLCON': '1', 'VTE_VERSION': '6800', 'CMAKE_PREFIX_PATH': '/home/vic/billeagle_ws/personal_ws/install/bill_interfaces:/home/vic/billeagle_ws/personal_ws/install/bill_bringup:/opt/ros/humble'}, 'shell': False}
[3.611000] (-) TimerEvent: {}
[3.708893] (person_identification_mission) StdoutLine: {'line': b'running egg_info\n'}
[3.709156] (person_identification_mission) StdoutLine: {'line': b'creating ../../build/person_identification_mission/person_identification_mission.egg-info\n'}
[3.709423] (person_identification_mission) StdoutLine: {'line': b'writing ../../build/person_identification_mission/person_identification_mission.egg-info/PKG-INFO\n'}
[3.709498] (person_identification_mission) StdoutLine: {'line': b'writing dependency_links to ../../build/person_identification_mission/person_identification_mission.egg-info/dependency_links.txt\n'}
[3.709530] (person_identification_mission) StdoutLine: {'line': b'writing entry points to ../../build/person_identification_mission/person_identification_mission.egg-info/entry_points.txt\n'}
[3.709557] (person_identification_mission) StdoutLine: {'line': b'writing requirements to ../../build/person_identification_mission/person_identification_mission.egg-info/requires.txt\n'}
[3.709582] (person_identification_mission) StdoutLine: {'line': b'writing top-level names to ../../build/person_identification_mission/person_identification_mission.egg-info/top_level.txt\n'}
[3.709632] (person_identification_mission) StdoutLine: {'line': b"writing manifest file '../../build/person_identification_mission/person_identification_mission.egg-info/SOURCES.txt'\n"}
[3.710448] (person_identification_mission) StdoutLine: {'line': b"reading manifest file '../../build/person_identification_mission/person_identification_mission.egg-info/SOURCES.txt'\n"}
[3.710834] (person_identification_mission) StdoutLine: {'line': b"writing manifest file '../../build/person_identification_mission/person_identification_mission.egg-info/SOURCES.txt'\n"}
[3.710863] (person_identification_mission) StdoutLine: {'line': b'running build\n'}
[3.710890] (person_identification_mission) StdoutLine: {'line': b'running build_py\n'}
[3.710944] (person_identification_mission) StdoutLine: {'line': b'creating /home/vic/billeagle_ws/personal_ws/build/person_identification_mission/build\n'}
[3.710978] (person_identification_mission) StdoutLine: {'line': b'creating /home/vic/billeagle_ws/personal_ws/build/person_identification_mission/build/lib\n'}
[3.711004] (-) TimerEvent: {}
[3.711075] (person_identification_mission) StdoutLine: {'line': b'creating /home/vic/billeagle_ws/personal_ws/build/person_identification_mission/build/lib/person_identification_mission\n'}
[3.711107] (person_identification_mission) StdoutLine: {'line': b'copying person_identification_mission/face_recognition.py -> /home/vic/billeagle_ws/personal_ws/build/person_identification_mission/build/lib/person_identification_mission\n'}
[3.711133] (person_identification_mission) StdoutLine: {'line': b'copying person_identification_mission/voice_speech_recognition.py -> /home/vic/billeagle_ws/personal_ws/build/person_identification_mission/build/lib/person_identification_mission\n'}
[3.711157] (person_identification_mission) StdoutLine: {'line': b'copying person_identification_mission/navigation.py -> /home/vic/billeagle_ws/personal_ws/build/person_identification_mission/build/lib/person_identification_mission\n'}
[3.711186] (person_identification_mission) StdoutLine: {'line': b'copying person_identification_mission/__init__.py -> /home/vic/billeagle_ws/personal_ws/build/person_identification_mission/build/lib/person_identification_mission\n'}
[3.711211] (person_identification_mission) StdoutLine: {'line': b'copying person_identification_mission/control_panel.py -> /home/vic/billeagle_ws/personal_ws/build/person_identification_mission/build/lib/person_identification_mission\n'}
[3.711236] (person_identification_mission) StdoutLine: {'line': b'copying person_identification_mission/mission_control.py -> /home/vic/billeagle_ws/personal_ws/build/person_identification_mission/build/lib/person_identification_mission\n'}
[3.711274] (person_identification_mission) StdoutLine: {'line': b'running install\n'}
[3.711377] (person_identification_mission) StdoutLine: {'line': b'running install_lib\n'}
[3.711957] (person_identification_mission) StdoutLine: {'line': b'creating /home/vic/billeagle_ws/personal_ws/install/person_identification_mission/lib/python3.10/site-packages/person_identification_mission\n'}
[3.711991] (person_identification_mission) StdoutLine: {'line': b'copying /home/vic/billeagle_ws/personal_ws/build/person_identification_mission/build/lib/person_identification_mission/face_recognition.py -> /home/vic/billeagle_ws/personal_ws/install/person_identification_mission/lib/python3.10/site-packages/person_identification_mission\n'}
[3.712019] (person_identification_mission) StdoutLine: {'line': b'copying /home/vic/billeagle_ws/personal_ws/build/person_identification_mission/build/lib/person_identification_mission/voice_speech_recognition.py -> /home/vic/billeagle_ws/personal_ws/install/person_identification_mission/lib/python3.10/site-packages/person_identification_mission\n'}
[3.712064] (person_identification_mission) StdoutLine: {'line': b'copying /home/vic/billeagle_ws/personal_ws/build/person_identification_mission/build/lib/person_identification_mission/navigation.py -> /home/vic/billeagle_ws/personal_ws/install/person_identification_mission/lib/python3.10/site-packages/person_identification_mission\n'}
[3.712089] (person_identification_mission) StdoutLine: {'line': b'copying /home/vic/billeagle_ws/personal_ws/build/person_identification_mission/build/lib/person_identification_mission/__init__.py -> /home/vic/billeagle_ws/personal_ws/install/person_identification_mission/lib/python3.10/site-packages/person_identification_mission\n'}
[3.712112] (person_identification_mission) StdoutLine: {'line': b'copying /home/vic/billeagle_ws/personal_ws/build/person_identification_mission/build/lib/person_identification_mission/control_panel.py -> /home/vic/billeagle_ws/personal_ws/install/person_identification_mission/lib/python3.10/site-packages/person_identification_mission\n'}
[3.712135] (person_identification_mission) StdoutLine: {'line': b'copying /home/vic/billeagle_ws/personal_ws/build/person_identification_mission/build/lib/person_identification_mission/mission_control.py -> /home/vic/billeagle_ws/personal_ws/install/person_identification_mission/lib/python3.10/site-packages/person_identification_mission\n'}
[3.712279] (person_identification_mission) StdoutLine: {'line': b'byte-compiling /home/vic/billeagle_ws/personal_ws/install/person_identification_mission/lib/python3.10/site-packages/person_identification_mission/face_recognition.py to face_recognition.cpython-310.pyc\n'}
[3.713779] (person_identification_mission) StdoutLine: {'line': b'byte-compiling /home/vic/billeagle_ws/personal_ws/install/person_identification_mission/lib/python3.10/site-packages/person_identification_mission/voice_speech_recognition.py to voice_speech_recognition.cpython-310.pyc\n'}
[3.713975] (person_identification_mission) StdoutLine: {'line': b'byte-compiling /home/vic/billeagle_ws/personal_ws/install/person_identification_mission/lib/python3.10/site-packages/person_identification_mission/navigation.py to navigation.cpython-310.pyc\n'}
[3.714221] (person_identification_mission) StdoutLine: {'line': b'byte-compiling /home/vic/billeagle_ws/personal_ws/install/person_identification_mission/lib/python3.10/site-packages/person_identification_mission/__init__.py to __init__.cpython-310.pyc\n'}
[3.714289] (person_identification_mission) StdoutLine: {'line': b'byte-compiling /home/vic/billeagle_ws/personal_ws/install/person_identification_mission/lib/python3.10/site-packages/person_identification_mission/control_panel.py to control_panel.cpython-310.pyc\n'}
[3.714449] (person_identification_mission) StdoutLine: {'line': b'byte-compiling /home/vic/billeagle_ws/personal_ws/install/person_identification_mission/lib/python3.10/site-packages/person_identification_mission/mission_control.py to mission_control.cpython-310.pyc\n'}
[3.715243] (person_identification_mission) StdoutLine: {'line': b'running install_data\n'}
[3.715271] (person_identification_mission) StdoutLine: {'line': b'creating /home/vic/billeagle_ws/personal_ws/install/person_identification_mission/share/ament_index\n'}
[3.715298] (person_identification_mission) StdoutLine: {'line': b'creating /home/vic/billeagle_ws/personal_ws/install/person_identification_mission/share/ament_index/resource_index\n'}
[3.715323] (person_identification_mission) StdoutLine: {'line': b'creating /home/vic/billeagle_ws/personal_ws/install/person_identification_mission/share/ament_index/resource_index/packages\n'}
[3.715360] (person_identification_mission) StdoutLine: {'line': b'copying resource/person_identification_mission -> /home/vic/billeagle_ws/personal_ws/install/person_identification_mission/share/ament_index/resource_index/packages\n'}
[3.715388] (person_identification_mission) StdoutLine: {'line': b'copying package.xml -> /home/vic/billeagle_ws/personal_ws/install/person_identification_mission/share/person_identification_mission\n'}
[3.715424] (person_identification_mission) StdoutLine: {'line': b'running install_egg_info\n'}
[3.716855] (person_identification_mission) StdoutLine: {'line': b'Copying ../../build/person_identification_mission/person_identification_mission.egg-info to /home/vic/billeagle_ws/personal_ws/install/person_identification_mission/lib/python3.10/site-packages/person_identification_mission-0.0.0-py3.10.egg-info\n'}
[3.717041] (person_identification_mission) StdoutLine: {'line': b'running install_scripts\n'}
[3.728657] (person_identification_mission) StdoutLine: {'line': b'Installing control_panel script to /home/vic/billeagle_ws/personal_ws/install/person_identification_mission/lib/person_identification_mission\n'}
[3.728727] (person_identification_mission) StdoutLine: {'line': b'Installing face_recognition script to /home/vic/billeagle_ws/personal_ws/install/person_identification_mission/lib/person_identification_mission\n'}
[3.728856] (person_identification_mission) StdoutLine: {'line': b'Installing mission_control script to /home/vic/billeagle_ws/personal_ws/install/person_identification_mission/lib/person_identification_mission\n'}
[3.728898] (person_identification_mission) StdoutLine: {'line': b'Installing navigation script to /home/vic/billeagle_ws/personal_ws/install/person_identification_mission/lib/person_identification_mission\n'}
[3.728930] (person_identification_mission) StdoutLine: {'line': b'Installing voice_speech_recognition script to /home/vic/billeagle_ws/personal_ws/install/person_identification_mission/lib/person_identification_mission\n'}
[3.728954] (person_identification_mission) StdoutLine: {'line': b"writing list of installed files to '/home/vic/billeagle_ws/personal_ws/build/person_identification_mission/install.log'\n"}
[3.742331] (person_identification_mission) CommandEnded: {'returncode': 0}
[3.745715] (person_identification_mission) JobEnded: {'identifier': 'person_identification_mission', 'rc': 0}
[3.746038] (bill_bringup) JobStarted: {'identifier': 'bill_bringup'}
[3.751385] (bill_bringup) JobProgress: {'identifier': 'bill_bringup', 'progress': 'cmake'}
[3.751669] (bill_bringup) Command: {'cmd': ['/usr/bin/cmake', '/home/vic/billeagle_ws/personal_ws/src/bill_bringup', '-DCMAKE_INSTALL_PREFIX=/home/vic/billeagle_ws/personal_ws/install/bill_bringup'], 'cwd': '/home/vic/billeagle_ws/personal_ws/build/bill_bringup', 'env': OrderedDict([('LESSOPEN', '| /usr/bin/lesspipe %s'), ('USER', 'vic'), ('LC_TIME', 'pt_BR.UTF-8'), ('XDG_SESSION_TYPE', 'x11'), ('SHLVL', '1'), ('LD_LIBRARY_PATH', '/home/vic/billeagle_ws/personal_ws/install/bill_interfaces/lib:/opt/ros/humble/opt/rviz_ogre_vendor/lib:/opt/ros/humble/lib/x86_64-linux-gnu:/opt/ros/humble/lib'), ('HOME', '/home/vic'), ('OLDPWD', '/home/vic'), ('DESKTOP_SESSION', 'ubuntu'), ('ROS_PYTHON_VERSION', '3'), ('GNOME_SHELL_SESSION_MODE', 'ubuntu'), ('GTK_MODULES', 'gail:atk-bridge'), ('LC_MONETARY', 'pt_BR.UTF-8'), ('MANAGERPID', '7518'), ('LC_CTYPE', 'pt_BR.UTF-8'), ('SYSTEMD_EXEC_PID', '8049'), ('DBUS_SESSION_BUS_ADDRESS', 'unix:path=/run/user/1001/bus'), ('COLORTERM', 'truecolor'), ('TERMINATOR_DBUS_NAME', 'net.tenshu.Terminator23558193cd9818af7fe4d2c2f5bd9d00f'), ('GIO_LAUNCHED_DESKTOP_FILE_PID', '8994'), ('COLCON_PREFIX_PATH', '/home/vic/billeagle_ws/personal_ws/install'), ('ROS_DISTRO', 'humble'), ('GTK_IM_MODULE', 'ibus'), ('LOGNAME', 'vic'), ('JOURNAL_STREAM', '8:47867'), ('_', '/usr/bin/colcon'), ('ROS_VERSION', '2'), ('XDG_SESSION_CLASS', 'user'), ('USERNAME', 'vic'), ('TERM', 'xterm-256color'), ('GNOME_DESKTOP_SESSION_ID', 'this-is-deprecated'), ('ROS_LOCALHOST_ONLY', '0'), ('WINDOWPATH', '2'), ('PATH', '/opt/ros/humble/bin:/usr/local/sbin:/usr/local/bin:/usr/sbin:/usr/bin:/sbin:/bin:/usr/games:/usr/local/games:/snap/bin:/snap/bin'), ('SESSION_MANAGER', 'local/bill8-Dell-G15-5520:@/tmp/.ICE-unix/7809,unix/bill8-Dell-G15-5520:/tmp/.ICE-unix/7809'), ('INVOCATION_ID', '1a1902976b484525b38f026e0a8bfdeb'), ('XDG_MENU_PREFIX', 'gnome-'), ('LC_ADDRESS', 'pt_BR.UTF-8'), ('XDG_RUNTIME_DIR', '/run/user/1001'), ('DISPLAY', ':1'), ('TERMINATOR_DBUS_PATH', '/net/tenshu/Terminator2'), ('LANG', 'en_US.UTF-8'), ('XDG_CURRENT_DESKTOP', 'ubuntu:GNOME'), ('IBUS_DISABLE_SNOOPER', '1'), ('LC_TELEPHONE', 'pt_BR.UTF-8'), ('XMODIFIERS', '@im=ibus'), ('XDG_SESSION_DESKTOP', 'ubuntu'), ('XAUTHORITY', '/run/user/1001/gdm/Xauthority'), ('LS_COLORS', 'rs=0:di=01;34:ln=01;36:mh=00:pi=40;33:so=01;35:do=01;35:bd=40;33;01:cd=40;33;01:or=40;31;01:mi=00:su=37;41:sg=30;43:ca=30;41:tw=30;42:ow=34;42:st=37;44:ex=01;32:*.tar=01;31:*.tgz=01;31:*.arc=01;31:*.arj=01;31:*.taz=01;31:*.lha=01;31:*.lz4=01;31:*.lzh=01;31:*.lzma=01;31:*.tlz=01;31:*.txz=01;31:*.tzo=01;31:*.t7z=01;31:*.zip=01;31:*.z=01;31:*.dz=01;31:*.gz=01;31:*.lrz=01;31:*.lz=01;31:*.lzo=01;31:*.xz=01;31:*.zst=01;31:*.tzst=01;31:*.bz2=01;31:*.bz=01;31:*.tbz=01;31:*.tbz2=01;31:*.tz=01;31:*.deb=01;31:*.rpm=01;31:*.jar=01;31:*.war=01;31:*.ear=01;31:*.sar=01;31:*.rar=01;31:*.alz=01;31:*.ace=01;31:*.zoo=01;31:*.cpio=01;31:*.7z=01;31:*.rz=01;31:*.cab=01;31:*.wim=01;31:*.swm=01;31:*.dwm=01;31:*.esd=01;31:*.jpg=01;35:*.jpeg=01;35:*.mjpg=01;35:*.mjpeg=01;35:*.gif=01;35:*.bmp=01;35:*.pbm=01;35:*.pgm=01;35:*.ppm=01;35:*.tga=01;35:*.xbm=01;35:*.xpm=01;35:*.tif=01;35:*.tiff=01;35:*.png=01;35:*.svg=01;35:*.svgz=01;35:*.mng=01;35:*.pcx=01;35:*.mov=01;35:*.mpg=01;35:*.mpeg=01;35:*.m2v=01;35:*.mkv=01;35:*.webm=01;35:*.webp=01;35:*.ogm=01;35:*.mp4=01;35:*.m4v=01;35:*.mp4v=01;35:*.vob=01;35:*.qt=01;35:*.nuv=01;35:*.wmv=01;35:*.asf=01;35:*.rm=01;35:*.rmvb=01;35:*.flc=01;35:*.avi=01;35:*.fli=01;35:*.flv=01;35:*.gl=01;35:*.dl=01;35:*.xcf=01;35:*.xwd=01;35:*.yuv=01;35:*.cgm=01;35:*.emf=01;35:*.ogv=01;35:*.ogx=01;35:*.aac=00;36:*.au=00;36:*.flac=00;36:*.m4a=00;36:*.mid=00;36:*.midi=00;36:*.mka=00;36:*.mp3=00;36:*.mpc=00;36:*.ogg=00;36:*.ra=00;36:*.wav=00;36:*.oga=00;36:*.opus=00;36:*.spx=00;36:*.xspf=00;36:'), ('SSH_AGENT_LAUNCHER', 'gnome-keyring'), ('SSH_AUTH_SOCK', '/run/user/1001/keyring/ssh'), ('AMENT_PREFIX_PATH', '/home/vic/billeagle_ws/personal_ws/install/person_identification_mission:/home/vic/billeagle_ws/personal_ws/install/bill_bringup:/home/vic/billeagle_ws/personal_ws/install/bill_interfaces:/opt/ros/humble'), ('SHELL', '/bin/bash'), ('LC_NAME', 'pt_BR.UTF-8'), ('TERMINATOR_UUID', 'urn:uuid:199f9e16-ddad-4394-820a-901dc74e591a'), ('QT_ACCESSIBILITY', '1'), ('GDMSESSION', 'ubuntu'), ('LESSCLOSE', '/usr/bin/lesspipe %s %s'), ('LC_MEASUREMENT', 'pt_BR.UTF-8'), ('GPG_AGENT_INFO', '/run/user/1001/gnupg/S.gpg-agent:0:1'), ('LC_IDENTIFICATION', 'pt_BR.UTF-8'), ('QT_IM_MODULE', 'ibus'), ('PWD', '/home/vic/billeagle_ws/personal_ws/build/bill_bringup'), ('LC_ALL', 'en_US.UTF-8'), ('XDG_CONFIG_DIRS', '/etc/xdg/xdg-ubuntu:/etc/xdg'), ('XDG_DATA_DIRS', '/usr/share/ubuntu:/usr/share/gnome:/usr/local/share/:/usr/share/:/var/lib/snapd/desktop'), ('PYTHONPATH', '/home/vic/billeagle_ws/personal_ws/install/person_identification_mission/lib/python3.10/site-packages:/home/vic/billeagle_ws/personal_ws/install/bill_interfaces/local/lib/python3.10/dist-packages:/opt/ros/humble/lib/python3.10/site-packages:/opt/ros/humble/local/lib/python3.10/dist-packages'), ('LC_NUMERIC', 'pt_BR.UTF-8'), ('LC_PAPER', 'pt_BR.UTF-8'), ('COLCON', '1'), ('VTE_VERSION', '6800'), ('CMAKE_PREFIX_PATH', '/home/vic/billeagle_ws/personal_ws/install/bill_interfaces:/home/vic/billeagle_ws/personal_ws/install/bill_bringup:/opt/ros/humble:/home/vic/billeagle_ws/personal_ws/install/person_identification_mission')]), 'shell': False}
[3.790954] (bill_bringup) StdoutLine: {'line': b'-- The C compiler identification is GNU 11.4.0\n'}
[3.811138] (-) TimerEvent: {}
[3.826936] (bill_bringup) StdoutLine: {'line': b'-- The CXX compiler identification is GNU 11.4.0\n'}
[3.831877] (bill_bringup) StdoutLine: {'line': b'-- Detecting C compiler ABI info\n'}
[3.883106] (bill_bringup) StdoutLine: {'line': b'-- Detecting C compiler ABI info - done\n'}
[3.890197] (bill_bringup) StdoutLine: {'line': b'-- Check for working C compiler: /usr/bin/cc - skipped\n'}
[3.890267] (bill_bringup) StdoutLine: {'line': b'-- Detecting C compile features\n'}
[3.890570] (bill_bringup) StdoutLine: {'line': b'-- Detecting C compile features - done\n'}
[3.893460] (bill_bringup) StdoutLine: {'line': b'-- Detecting CXX compiler ABI info\n'}
[3.911317] (-) TimerEvent: {}
[3.952425] (bill_bringup) StdoutLine: {'line': b'-- Detecting CXX compiler ABI info - done\n'}
[3.956774] (bill_bringup) StdoutLine: {'line': b'-- Check for working CXX compiler: /usr/bin/c++ - skipped\n'}
[3.956844] (bill_bringup) StdoutLine: {'line': b'-- Detecting CXX compile features\n'}
[3.957071] (bill_bringup) StdoutLine: {'line': b'-- Detecting CXX compile features - done\n'}
[3.958461] (bill_bringup) StdoutLine: {'line': b'-- Found ament_cmake: 1.3.11 (/opt/ros/humble/share/ament_cmake/cmake)\n'}
[4.011503] (-) TimerEvent: {}
[4.056284] (bill_bringup) StdoutLine: {'line': b'-- Found Python3: /usr/bin/python3 (found version "3.10.12") found components: Interpreter \n'}
[4.111721] (-) TimerEvent: {}
[4.123641] (bill_bringup) StdoutLine: {'line': b'-- Found ament_lint_auto: 0.12.11 (/opt/ros/humble/share/ament_lint_auto/cmake)\n'}
[4.172341] (bill_bringup) StdoutLine: {'line': b"-- Added test 'flake8' to check Python code syntax and style conventions\n"}
[4.172558] (bill_bringup) StdoutLine: {'line': b"-- Added test 'lint_cmake' to check CMake code style\n"}
[4.172777] (bill_bringup) StdoutLine: {'line': b"-- Added test 'pep257' to check Python code against some of the docstring style conventions in PEP 257\n"}
[4.173367] (bill_bringup) StdoutLine: {'line': b"-- Added test 'xmllint' to check XML markup files\n"}
[4.173856] (bill_bringup) StdoutLine: {'line': b'-- Configuring done\n'}
[4.175249] (bill_bringup) StdoutLine: {'line': b'-- Generating done\n'}
[4.176113] (bill_bringup) StdoutLine: {'line': b'-- Build files have been written to: /home/vic/billeagle_ws/personal_ws/build/bill_bringup\n'}
[4.178854] (bill_bringup) CommandEnded: {'returncode': 0}
[4.180176] (bill_bringup) JobProgress: {'identifier': 'bill_bringup', 'progress': 'build'}
[4.180242] (bill_bringup) Command: {'cmd': ['/usr/bin/cmake', '--build', '/home/vic/billeagle_ws/personal_ws/build/bill_bringup', '--', '-j16', '-l16'], 'cwd': '/home/vic/billeagle_ws/personal_ws/build/bill_bringup', 'env': OrderedDict([('LESSOPEN', '| /usr/bin/lesspipe %s'), ('USER', 'vic'), ('LC_TIME', 'pt_BR.UTF-8'), ('XDG_SESSION_TYPE', 'x11'), ('SHLVL', '1'), ('LD_LIBRARY_PATH', '/home/vic/billeagle_ws/personal_ws/install/bill_interfaces/lib:/opt/ros/humble/opt/rviz_ogre_vendor/lib:/opt/ros/humble/lib/x86_64-linux-gnu:/opt/ros/humble/lib'), ('HOME', '/home/vic'), ('OLDPWD', '/home/vic'), ('DESKTOP_SESSION', 'ubuntu'), ('ROS_PYTHON_VERSION', '3'), ('GNOME_SHELL_SESSION_MODE', 'ubuntu'), ('GTK_MODULES', 'gail:atk-bridge'), ('LC_MONETARY', 'pt_BR.UTF-8'), ('MANAGERPID', '7518'), ('LC_CTYPE', 'pt_BR.UTF-8'), ('SYSTEMD_EXEC_PID', '8049'), ('DBUS_SESSION_BUS_ADDRESS', 'unix:path=/run/user/1001/bus'), ('COLORTERM', 'truecolor'), ('TERMINATOR_DBUS_NAME', 'net.tenshu.Terminator23558193cd9818af7fe4d2c2f5bd9d00f'), ('GIO_LAUNCHED_DESKTOP_FILE_PID', '8994'), ('COLCON_PREFIX_PATH', '/home/vic/billeagle_ws/personal_ws/install'), ('ROS_DISTRO', 'humble'), ('GTK_IM_MODULE', 'ibus'), ('LOGNAME', 'vic'), ('JOURNAL_STREAM', '8:47867'), ('_', '/usr/bin/colcon'), ('ROS_VERSION', '2'), ('XDG_SESSION_CLASS', 'user'), ('USERNAME', 'vic'), ('TERM', 'xterm-256color'), ('GNOME_DESKTOP_SESSION_ID', 'this-is-deprecated'), ('ROS_LOCALHOST_ONLY', '0'), ('WINDOWPATH', '2'), ('PATH', '/opt/ros/humble/bin:/usr/local/sbin:/usr/local/bin:/usr/sbin:/usr/bin:/sbin:/bin:/usr/games:/usr/local/games:/snap/bin:/snap/bin'), ('SESSION_MANAGER', 'local/bill8-Dell-G15-5520:@/tmp/.ICE-unix/7809,unix/bill8-Dell-G15-5520:/tmp/.ICE-unix/7809'), ('INVOCATION_ID', '1a1902976b484525b38f026e0a8bfdeb'), ('XDG_MENU_PREFIX', 'gnome-'), ('LC_ADDRESS', 'pt_BR.UTF-8'), ('XDG_RUNTIME_DIR', '/run/user/1001'), ('DISPLAY', ':1'), ('TERMINATOR_DBUS_PATH', '/net/tenshu/Terminator2'), ('LANG', 'en_US.UTF-8'), ('XDG_CURRENT_DESKTOP', 'ubuntu:GNOME'), ('IBUS_DISABLE_SNOOPER', '1'), ('LC_TELEPHONE', 'pt_BR.UTF-8'), ('XMODIFIERS', '@im=ibus'), ('XDG_SESSION_DESKTOP', 'ubuntu'), ('XAUTHORITY', '/run/user/1001/gdm/Xauthority'), ('LS_COLORS', 'rs=0:di=01;34:ln=01;36:mh=00:pi=40;33:so=01;35:do=01;35:bd=40;33;01:cd=40;33;01:or=40;31;01:mi=00:su=37;41:sg=30;43:ca=30;41:tw=30;42:ow=34;42:st=37;44:ex=01;32:*.tar=01;31:*.tgz=01;31:*.arc=01;31:*.arj=01;31:*.taz=01;31:*.lha=01;31:*.lz4=01;31:*.lzh=01;31:*.lzma=01;31:*.tlz=01;31:*.txz=01;31:*.tzo=01;31:*.t7z=01;31:*.zip=01;31:*.z=01;31:*.dz=01;31:*.gz=01;31:*.lrz=01;31:*.lz=01;31:*.lzo=01;31:*.xz=01;31:*.zst=01;31:*.tzst=01;31:*.bz2=01;31:*.bz=01;31:*.tbz=01;31:*.tbz2=01;31:*.tz=01;31:*.deb=01;31:*.rpm=01;31:*.jar=01;31:*.war=01;31:*.ear=01;31:*.sar=01;31:*.rar=01;31:*.alz=01;31:*.ace=01;31:*.zoo=01;31:*.cpio=01;31:*.7z=01;31:*.rz=01;31:*.cab=01;31:*.wim=01;31:*.swm=01;31:*.dwm=01;31:*.esd=01;31:*.jpg=01;35:*.jpeg=01;35:*.mjpg=01;35:*.mjpeg=01;35:*.gif=01;35:*.bmp=01;35:*.pbm=01;35:*.pgm=01;35:*.ppm=01;35:*.tga=01;35:*.xbm=01;35:*.xpm=01;35:*.tif=01;35:*.tiff=01;35:*.png=01;35:*.svg=01;35:*.svgz=01;35:*.mng=01;35:*.pcx=01;35:*.mov=01;35:*.mpg=01;35:*.mpeg=01;35:*.m2v=01;35:*.mkv=01;35:*.webm=01;35:*.webp=01;35:*.ogm=01;35:*.mp4=01;35:*.m4v=01;35:*.mp4v=01;35:*.vob=01;35:*.qt=01;35:*.nuv=01;35:*.wmv=01;35:*.asf=01;35:*.rm=01;35:*.rmvb=01;35:*.flc=01;35:*.avi=01;35:*.fli=01;35:*.flv=01;35:*.gl=01;35:*.dl=01;35:*.xcf=01;35:*.xwd=01;35:*.yuv=01;35:*.cgm=01;35:*.emf=01;35:*.ogv=01;35:*.ogx=01;35:*.aac=00;36:*.au=00;36:*.flac=00;36:*.m4a=00;36:*.mid=00;36:*.midi=00;36:*.mka=00;36:*.mp3=00;36:*.mpc=00;36:*.ogg=00;36:*.ra=00;36:*.wav=00;36:*.oga=00;36:*.opus=00;36:*.spx=00;36:*.xspf=00;36:'), ('SSH_AGENT_LAUNCHER', 'gnome-keyring'), ('SSH_AUTH_SOCK', '/run/user/1001/keyring/ssh'), ('AMENT_PREFIX_PATH', '/home/vic/billeagle_ws/personal_ws/install/person_identification_mission:/home/vic/billeagle_ws/personal_ws/install/bill_bringup:/home/vic/billeagle_ws/personal_ws/install/bill_interfaces:/opt/ros/humble'), ('SHELL', '/bin/bash'), ('LC_NAME', 'pt_BR.UTF-8'), ('TERMINATOR_UUID', 'urn:uuid:199f9e16-ddad-4394-820a-901dc74e591a'), ('QT_ACCESSIBILITY', '1'), ('GDMSESSION', 'ubuntu'), ('LESSCLOSE', '/usr/bin/lesspipe %s %s'), ('LC_MEASUREMENT', 'pt_BR.UTF-8'), ('GPG_AGENT_INFO', '/run/user/1001/gnupg/S.gpg-agent:0:1'), ('LC_IDENTIFICATION', 'pt_BR.UTF-8'), ('QT_IM_MODULE', 'ibus'), ('PWD', '/home/vic/billeagle_ws/personal_ws/build/bill_bringup'), ('LC_ALL', 'en_US.UTF-8'), ('XDG_CONFIG_DIRS', '/etc/xdg/xdg-ubuntu:/etc/xdg'), ('XDG_DATA_DIRS', '/usr/share/ubuntu:/usr/share/gnome:/usr/local/share/:/usr/share/:/var/lib/snapd/desktop'), ('PYTHONPATH', '/home/vic/billeagle_ws/personal_ws/install/person_identification_mission/lib/python3.10/site-packages:/home/vic/billeagle_ws/personal_ws/install/bill_interfaces/local/lib/python3.10/dist-packages:/opt/ros/humble/lib/python3.10/site-packages:/opt/ros/humble/local/lib/python3.10/dist-packages'), ('LC_NUMERIC', 'pt_BR.UTF-8'), ('LC_PAPER', 'pt_BR.UTF-8'), ('COLCON', '1'), ('VTE_VERSION', '6800'), ('CMAKE_PREFIX_PATH', '/home/vic/billeagle_ws/personal_ws/install/bill_interfaces:/home/vic/billeagle_ws/personal_ws/install/bill_bringup:/opt/ros/humble:/home/vic/billeagle_ws/personal_ws/install/person_identification_mission')]), 'shell': False}
[4.207238] (bill_bringup) CommandEnded: {'returncode': 0}
[4.207908] (bill_bringup) JobProgress: {'identifier': 'bill_bringup', 'progress': 'install'}
[4.208085] (bill_bringup) Command: {'cmd': ['/usr/bin/cmake', '--install', '/home/vic/billeagle_ws/personal_ws/build/bill_bringup'], 'cwd': '/home/vic/billeagle_ws/personal_ws/build/bill_bringup', 'env': OrderedDict([('LESSOPEN', '| /usr/bin/lesspipe %s'), ('USER', 'vic'), ('LC_TIME', 'pt_BR.UTF-8'), ('XDG_SESSION_TYPE', 'x11'), ('SHLVL', '1'), ('LD_LIBRARY_PATH', '/home/vic/billeagle_ws/personal_ws/install/bill_interfaces/lib:/opt/ros/humble/opt/rviz_ogre_vendor/lib:/opt/ros/humble/lib/x86_64-linux-gnu:/opt/ros/humble/lib'), ('HOME', '/home/vic'), ('OLDPWD', '/home/vic'), ('DESKTOP_SESSION', 'ubuntu'), ('ROS_PYTHON_VERSION', '3'), ('GNOME_SHELL_SESSION_MODE', 'ubuntu'), ('GTK_MODULES', 'gail:atk-bridge'), ('LC_MONETARY', 'pt_BR.UTF-8'), ('MANAGERPID', '7518'), ('LC_CTYPE', 'pt_BR.UTF-8'), ('SYSTEMD_EXEC_PID', '8049'), ('DBUS_SESSION_BUS_ADDRESS', 'unix:path=/run/user/1001/bus'), ('COLORTERM', 'truecolor'), ('TERMINATOR_DBUS_NAME', 'net.tenshu.Terminator23558193cd9818af7fe4d2c2f5bd9d00f'), ('GIO_LAUNCHED_DESKTOP_FILE_PID', '8994'), ('COLCON_PREFIX_PATH', '/home/vic/billeagle_ws/personal_ws/install'), ('ROS_DISTRO', 'humble'), ('GTK_IM_MODULE', 'ibus'), ('LOGNAME', 'vic'), ('JOURNAL_STREAM', '8:47867'), ('_', '/usr/bin/colcon'), ('ROS_VERSION', '2'), ('XDG_SESSION_CLASS', 'user'), ('USERNAME', 'vic'), ('TERM', 'xterm-256color'), ('GNOME_DESKTOP_SESSION_ID', 'this-is-deprecated'), ('ROS_LOCALHOST_ONLY', '0'), ('WINDOWPATH', '2'), ('PATH', '/opt/ros/humble/bin:/usr/local/sbin:/usr/local/bin:/usr/sbin:/usr/bin:/sbin:/bin:/usr/games:/usr/local/games:/snap/bin:/snap/bin'), ('SESSION_MANAGER', 'local/bill8-Dell-G15-5520:@/tmp/.ICE-unix/7809,unix/bill8-Dell-G15-5520:/tmp/.ICE-unix/7809'), ('INVOCATION_ID', '1a1902976b484525b38f026e0a8bfdeb'), ('XDG_MENU_PREFIX', 'gnome-'), ('LC_ADDRESS', 'pt_BR.UTF-8'), ('XDG_RUNTIME_DIR', '/run/user/1001'), ('DISPLAY', ':1'), ('TERMINATOR_DBUS_PATH', '/net/tenshu/Terminator2'), ('LANG', 'en_US.UTF-8'), ('XDG_CURRENT_DESKTOP', 'ubuntu:GNOME'), ('IBUS_DISABLE_SNOOPER', '1'), ('LC_TELEPHONE', 'pt_BR.UTF-8'), ('XMODIFIERS', '@im=ibus'), ('XDG_SESSION_DESKTOP', 'ubuntu'), ('XAUTHORITY', '/run/user/1001/gdm/Xauthority'), ('LS_COLORS', 'rs=0:di=01;34:ln=01;36:mh=00:pi=40;33:so=01;35:do=01;35:bd=40;33;01:cd=40;33;01:or=40;31;01:mi=00:su=37;41:sg=30;43:ca=30;41:tw=30;42:ow=34;42:st=37;44:ex=01;32:*.tar=01;31:*.tgz=01;31:*.arc=01;31:*.arj=01;31:*.taz=01;31:*.lha=01;31:*.lz4=01;31:*.lzh=01;31:*.lzma=01;31:*.tlz=01;31:*.txz=01;31:*.tzo=01;31:*.t7z=01;31:*.zip=01;31:*.z=01;31:*.dz=01;31:*.gz=01;31:*.lrz=01;31:*.lz=01;31:*.lzo=01;31:*.xz=01;31:*.zst=01;31:*.tzst=01;31:*.bz2=01;31:*.bz=01;31:*.tbz=01;31:*.tbz2=01;31:*.tz=01;31:*.deb=01;31:*.rpm=01;31:*.jar=01;31:*.war=01;31:*.ear=01;31:*.sar=01;31:*.rar=01;31:*.alz=01;31:*.ace=01;31:*.zoo=01;31:*.cpio=01;31:*.7z=01;31:*.rz=01;31:*.cab=01;31:*.wim=01;31:*.swm=01;31:*.dwm=01;31:*.esd=01;31:*.jpg=01;35:*.jpeg=01;35:*.mjpg=01;35:*.mjpeg=01;35:*.gif=01;35:*.bmp=01;35:*.pbm=01;35:*.pgm=01;35:*.ppm=01;35:*.tga=01;35:*.xbm=01;35:*.xpm=01;35:*.tif=01;35:*.tiff=01;35:*.png=01;35:*.svg=01;35:*.svgz=01;35:*.mng=01;35:*.pcx=01;35:*.mov=01;35:*.mpg=01;35:*.mpeg=01;35:*.m2v=01;35:*.mkv=01;35:*.webm=01;35:*.webp=01;35:*.ogm=01;35:*.mp4=01;35:*.m4v=01;35:*.mp4v=01;35:*.vob=01;35:*.qt=01;35:*.nuv=01;35:*.wmv=01;35:*.asf=01;35:*.rm=01;35:*.rmvb=01;35:*.flc=01;35:*.avi=01;35:*.fli=01;35:*.flv=01;35:*.gl=01;35:*.dl=01;35:*.xcf=01;35:*.xwd=01;35:*.yuv=01;35:*.cgm=01;35:*.emf=01;35:*.ogv=01;35:*.ogx=01;35:*.aac=00;36:*.au=00;36:*.flac=00;36:*.m4a=00;36:*.mid=00;36:*.midi=00;36:*.mka=00;36:*.mp3=00;36:*.mpc=00;36:*.ogg=00;36:*.ra=00;36:*.wav=00;36:*.oga=00;36:*.opus=00;36:*.spx=00;36:*.xspf=00;36:'), ('SSH_AGENT_LAUNCHER', 'gnome-keyring'), ('SSH_AUTH_SOCK', '/run/user/1001/keyring/ssh'), ('AMENT_PREFIX_PATH', '/home/vic/billeagle_ws/personal_ws/install/person_identification_mission:/home/vic/billeagle_ws/personal_ws/install/bill_bringup:/home/vic/billeagle_ws/personal_ws/install/bill_interfaces:/opt/ros/humble'), ('SHELL', '/bin/bash'), ('LC_NAME', 'pt_BR.UTF-8'), ('TERMINATOR_UUID', 'urn:uuid:199f9e16-ddad-4394-820a-901dc74e591a'), ('QT_ACCESSIBILITY', '1'), ('GDMSESSION', 'ubuntu'), ('LESSCLOSE', '/usr/bin/lesspipe %s %s'), ('LC_MEASUREMENT', 'pt_BR.UTF-8'), ('GPG_AGENT_INFO', '/run/user/1001/gnupg/S.gpg-agent:0:1'), ('LC_IDENTIFICATION', 'pt_BR.UTF-8'), ('QT_IM_MODULE', 'ibus'), ('PWD', '/home/vic/billeagle_ws/personal_ws/build/bill_bringup'), ('LC_ALL', 'en_US.UTF-8'), ('XDG_CONFIG_DIRS', '/etc/xdg/xdg-ubuntu:/etc/xdg'), ('XDG_DATA_DIRS', '/usr/share/ubuntu:/usr/share/gnome:/usr/local/share/:/usr/share/:/var/lib/snapd/desktop'), ('PYTHONPATH', '/home/vic/billeagle_ws/personal_ws/install/person_identification_mission/lib/python3.10/site-packages:/home/vic/billeagle_ws/personal_ws/install/bill_interfaces/local/lib/python3.10/dist-packages:/opt/ros/humble/lib/python3.10/site-packages:/opt/ros/humble/local/lib/python3.10/dist-packages'), ('LC_NUMERIC', 'pt_BR.UTF-8'), ('LC_PAPER', 'pt_BR.UTF-8'), ('COLCON', '1'), ('VTE_VERSION', '6800'), ('CMAKE_PREFIX_PATH', '/home/vic/billeagle_ws/personal_ws/install/bill_interfaces:/home/vic/billeagle_ws/personal_ws/install/bill_bringup:/opt/ros/humble:/home/vic/billeagle_ws/personal_ws/install/person_identification_mission')]), 'shell': False}
[4.211816] (-) TimerEvent: {}
[4.213574] (bill_bringup) StdoutLine: {'line': b'-- Install configuration: ""\n'}
[4.213646] (bill_bringup) StdoutLine: {'line': b'-- Installing: /home/vic/billeagle_ws/personal_ws/install/bill_bringup/share/bill_bringup/launch\n'}
[4.213678] (bill_bringup) StdoutLine: {'line': b'-- Installing: /home/vic/billeagle_ws/personal_ws/install/bill_bringup/share/bill_bringup/launch/person_identification_mission.launch.py\n'}
[4.213870] (bill_bringup) StdoutLine: {'line': b'-- Installing: /home/vic/billeagle_ws/personal_ws/install/bill_bringup/share/ament_index/resource_index/package_run_dependencies/bill_bringup\n'}
[4.213936] (bill_bringup) StdoutLine: {'line': b'-- Installing: /home/vic/billeagle_ws/personal_ws/install/bill_bringup/share/ament_index/resource_index/parent_prefix_path/bill_bringup\n'}
[4.213968] (bill_bringup) StdoutLine: {'line': b'-- Installing: /home/vic/billeagle_ws/personal_ws/install/bill_bringup/share/bill_bringup/environment/ament_prefix_path.sh\n'}
[4.213994] (bill_bringup) StdoutLine: {'line': b'-- Installing: /home/vic/billeagle_ws/personal_ws/install/bill_bringup/share/bill_bringup/environment/ament_prefix_path.dsv\n'}
[4.214105] (bill_bringup) StdoutLine: {'line': b'-- Installing: /home/vic/billeagle_ws/personal_ws/install/bill_bringup/share/bill_bringup/environment/path.sh\n'}
[4.214177] (bill_bringup) StdoutLine: {'line': b'-- Installing: /home/vic/billeagle_ws/personal_ws/install/bill_bringup/share/bill_bringup/environment/path.dsv\n'}
[4.214210] (bill_bringup) StdoutLine: {'line': b'-- Installing: /home/vic/billeagle_ws/personal_ws/install/bill_bringup/share/bill_bringup/local_setup.bash\n'}
[4.214238] (bill_bringup) StdoutLine: {'line': b'-- Installing: /home/vic/billeagle_ws/personal_ws/install/bill_bringup/share/bill_bringup/local_setup.sh\n'}
[4.214272] (bill_bringup) StdoutLine: {'line': b'-- Installing: /home/vic/billeagle_ws/personal_ws/install/bill_bringup/share/bill_bringup/local_setup.zsh\n'}
[4.214298] (bill_bringup) StdoutLine: {'line': b'-- Installing: /home/vic/billeagle_ws/personal_ws/install/bill_bringup/share/bill_bringup/local_setup.dsv\n'}
[4.214323] (bill_bringup) StdoutLine: {'line': b'-- Installing: /home/vic/billeagle_ws/personal_ws/install/bill_bringup/share/bill_bringup/package.dsv\n'}
[4.214350] (bill_bringup) StdoutLine: {'line': b'-- Installing: /home/vic/billeagle_ws/personal_ws/install/bill_bringup/share/ament_index/resource_index/packages/bill_bringup\n'}
[4.214396] (bill_bringup) StdoutLine: {'line': b'-- Installing: /home/vic/billeagle_ws/personal_ws/install/bill_bringup/share/bill_bringup/cmake/bill_bringupConfig.cmake\n'}
[4.214424] (bill_bringup) StdoutLine: {'line': b'-- Installing: /home/vic/billeagle_ws/personal_ws/install/bill_bringup/share/bill_bringup/cmake/bill_bringupConfig-version.cmake\n'}
[4.214455] (bill_bringup) StdoutLine: {'line': b'-- Installing: /home/vic/billeagle_ws/personal_ws/install/bill_bringup/share/bill_bringup/package.xml\n'}
[4.215313] (bill_bringup) CommandEnded: {'returncode': 0}
[4.221403] (bill_bringup) JobEnded: {'identifier': 'bill_bringup', 'rc': 0}
[4.221684] (-) EventReactorShutdown: {}
