[0.000000] (-) TimerEvent: {}
[0.000142] (lslidar_msgs) JobQueued: {'identifier': 'lslidar_msgs', 'dependencies': OrderedDict()}
[0.000174] (lslidar_driver) JobQueued: {'identifier': 'lslidar_driver', 'dependencies': OrderedDict([('lslidar_msgs', '/home/bill8/billeagle_ws/lslidar_ws/install/lslidar_msgs')])}
[0.000201] (lslidar_msgs) JobStarted: {'identifier': 'lslidar_msgs'}
[0.006322] (lslidar_msgs) JobProgress: {'identifier': 'lslidar_msgs', 'progress': 'cmake'}
[0.006603] (lslidar_msgs) Command: {'cmd': ['/home/bill8/.local/bin/cmake', '/home/bill8/billeagle_ws/lslidar_ws/src/LSLIDAR_M10_N10_V2.5.2_230110_ROS2/lslidar_msgs', '-DCMAKE_INSTALL_PREFIX=/home/bill8/billeagle_ws/lslidar_ws/install/lslidar_msgs'], 'cwd': '/home/bill8/billeagle_ws/lslidar_ws/build/lslidar_msgs', 'env': OrderedDict([('LESSOPEN', '| /usr/bin/lesspipe %s'), ('USER', 'bill8'), ('LC_TIME', 'pt_BR.UTF-8'), ('XDG_SESSION_TYPE', 'x11'), ('SHLVL', '1'), ('LD_LIBRARY_PATH', '/home/bill8/microros_ws/install/micro_ros_agent/lib:/home/bill8/microros_ws/install/micro_ros_msgs/lib:/opt/ros/humble/opt/rviz_ogre_vendor/lib:/opt/ros/humble/lib/x86_64-linux-gnu:/opt/ros/humble/lib'), ('HOME', '/home/bill8'), ('OLDPWD', '/home/bill8/billeagle_ws'), ('DESKTOP_SESSION', 'ubuntu'), ('ROS_PYTHON_VERSION', '3'), ('GNOME_SHELL_SESSION_MODE', 'ubuntu'), ('GTK_MODULES', 'gail:atk-bridge'), ('LC_MONETARY', 'pt_BR.UTF-8'), ('MANAGERPID', '1725'), ('LC_CTYPE', 'pt_BR.UTF-8'), ('SYSTEMD_EXEC_PID', '2195'), ('DBUS_SESSION_BUS_ADDRESS', 'unix:path=/run/user/1000/bus'), ('COLORTERM', 'truecolor'), ('TERMINATOR_DBUS_NAME', 'net.tenshu.Terminator23558193cd9818af7fe4d2c2f5bd9d00f'), ('GIO_LAUNCHED_DESKTOP_FILE_PID', '2738'), ('COLCON_PREFIX_PATH', '/home/bill8/microros_ws/install'), ('ROS_DISTRO', 'humble'), ('GTK_IM_MODULE', 'ibus'), ('LOGNAME', 'bill8'), ('JOURNAL_STREAM', '8:24604'), ('_', '/usr/bin/colcon'), ('ROS_VERSION', '2'), ('XDG_SESSION_CLASS', 'user'), ('USERNAME', 'bill8'), ('TERM', 'xterm-256color'), ('GNOME_DESKTOP_SESSION_ID', 'this-is-deprecated'), ('ROS_LOCALHOST_ONLY', '0'), ('WINDOWPATH', '2'), ('PATH', '/usr/local/cuda/bin:/opt/ros/humble/bin:/home/bill8/.local/bin:/usr/local/sbin:/usr/local/bin:/usr/sbin:/usr/bin:/sbin:/bin:/usr/games:/usr/local/games:/snap/bin:/snap/bin'), ('SESSION_MANAGER', 'local/bill8:@/tmp/.ICE-unix/1956,unix/bill8:/tmp/.ICE-unix/1956'), ('INVOCATION_ID', '1401dba4e6b349cb84cb3c6a9a7dbd69'), ('XDG_MENU_PREFIX', 'gnome-'), ('LC_ADDRESS', 'pt_BR.UTF-8'), ('XDG_RUNTIME_DIR', '/run/user/1000'), ('DISPLAY', ':1'), ('TERMINATOR_DBUS_PATH', '/net/tenshu/Terminator2'), ('LANG', 'en_US.UTF-8'), ('XDG_CURRENT_DESKTOP', 'ubuntu:GNOME'), ('LC_TELEPHONE', 'pt_BR.UTF-8'), ('XMODIFIERS', '@im=ibus'), ('XDG_SESSION_DESKTOP', 'ubuntu'), ('XAUTHORITY', '/run/user/1000/gdm/Xauthority'), ('LS_COLORS', 'rs=0:di=01;34:ln=01;36:mh=00:pi=40;33:so=01;35:do=01;35:bd=40;33;01:cd=40;33;01:or=40;31;01:mi=00:su=37;41:sg=30;43:ca=30;41:tw=30;42:ow=34;42:st=37;44:ex=01;32:*.tar=01;31:*.tgz=01;31:*.arc=01;31:*.arj=01;31:*.taz=01;31:*.lha=01;31:*.lz4=01;31:*.lzh=01;31:*.lzma=01;31:*.tlz=01;31:*.txz=01;31:*.tzo=01;31:*.t7z=01;31:*.zip=01;31:*.z=01;31:*.dz=01;31:*.gz=01;31:*.lrz=01;31:*.lz=01;31:*.lzo=01;31:*.xz=01;31:*.zst=01;31:*.tzst=01;31:*.bz2=01;31:*.bz=01;31:*.tbz=01;31:*.tbz2=01;31:*.tz=01;31:*.deb=01;31:*.rpm=01;31:*.jar=01;31:*.war=01;31:*.ear=01;31:*.sar=01;31:*.rar=01;31:*.alz=01;31:*.ace=01;31:*.zoo=01;31:*.cpio=01;31:*.7z=01;31:*.rz=01;31:*.cab=01;31:*.wim=01;31:*.swm=01;31:*.dwm=01;31:*.esd=01;31:*.jpg=01;35:*.jpeg=01;35:*.mjpg=01;35:*.mjpeg=01;35:*.gif=01;35:*.bmp=01;35:*.pbm=01;35:*.pgm=01;35:*.ppm=01;35:*.tga=01;35:*.xbm=01;35:*.xpm=01;35:*.tif=01;35:*.tiff=01;35:*.png=01;35:*.svg=01;35:*.svgz=01;35:*.mng=01;35:*.pcx=01;35:*.mov=01;35:*.mpg=01;35:*.mpeg=01;35:*.m2v=01;35:*.mkv=01;35:*.webm=01;35:*.webp=01;35:*.ogm=01;35:*.mp4=01;35:*.m4v=01;35:*.mp4v=01;35:*.vob=01;35:*.qt=01;35:*.nuv=01;35:*.wmv=01;35:*.asf=01;35:*.rm=01;35:*.rmvb=01;35:*.flc=01;35:*.avi=01;35:*.fli=01;35:*.flv=01;35:*.gl=01;35:*.dl=01;35:*.xcf=01;35:*.xwd=01;35:*.yuv=01;35:*.cgm=01;35:*.emf=01;35:*.ogv=01;35:*.ogx=01;35:*.aac=00;36:*.au=00;36:*.flac=00;36:*.m4a=00;36:*.mid=00;36:*.midi=00;36:*.mka=00;36:*.mp3=00;36:*.mpc=00;36:*.ogg=00;36:*.ra=00;36:*.wav=00;36:*.oga=00;36:*.opus=00;36:*.spx=00;36:*.xspf=00;36:'), ('SSH_AGENT_LAUNCHER', 'gnome-keyring'), ('SSH_AUTH_SOCK', '/run/user/1000/keyring/ssh'), ('AMENT_PREFIX_PATH', '/home/bill8/microros_ws/install/micro_ros_setup:/home/bill8/microros_ws/install/micro_ros_agent:/home/bill8/microros_ws/install/micro_ros_msgs:/opt/ros/humble'), ('SHELL', '/bin/bash'), ('LC_NAME', 'pt_BR.UTF-8'), ('TERMINATOR_UUID', 'urn:uuid:5e4fd70b-c729-4cac-97be-7af8ed2be7ba'), ('QT_ACCESSIBILITY', '1'), ('GDMSESSION', 'ubuntu'), ('LESSCLOSE', '/usr/bin/lesspipe %s %s'), ('LC_MEASUREMENT', 'pt_BR.UTF-8'), ('GPG_AGENT_INFO', '/run/user/1000/gnupg/S.gpg-agent:0:1'), ('LC_IDENTIFICATION', 'pt_BR.UTF-8'), ('QT_IM_MODULE', 'ibus'), ('PWD', '/home/bill8/billeagle_ws/lslidar_ws/build/lslidar_msgs'), ('XDG_CONFIG_DIRS', '/etc/xdg/xdg-ubuntu:/etc/xdg'), ('XDG_DATA_DIRS', '/usr/share/ubuntu:/usr/share/gnome:/usr/local/share/:/usr/share/:/var/lib/snapd/desktop'), ('PYTHONPATH', '/home/bill8/microros_ws/install/micro_ros_msgs/local/lib/python3.10/dist-packages:/opt/ros/humble/lib/python3.10/site-packages:/opt/ros/humble/local/lib/python3.10/dist-packages'), ('LC_NUMERIC', 'pt_BR.UTF-8'), ('LC_PAPER', 'pt_BR.UTF-8'), ('COLCON', '1'), ('VTE_VERSION', '6800'), ('CMAKE_PREFIX_PATH', '/home/bill8/microros_ws/install/micro_ros_setup:/home/bill8/microros_ws/install/micro_ros_agent:/home/bill8/microros_ws/install/micro_ros_msgs:/opt/ros/humble')]), 'shell': False}
[0.071903] (lslidar_msgs) StderrLine: {'line': b'\x1b[0mCMake Deprecation Warning at CMakeLists.txt:1 (cmake_minimum_required):\n'}
[0.072088] (lslidar_msgs) StderrLine: {'line': b'  Compatibility with CMake < 3.10 will be removed from a future version of\n'}
[0.072165] (lslidar_msgs) StderrLine: {'line': b'  CMake.\n'}
[0.072234] (lslidar_msgs) StderrLine: {'line': b'\n'}
[0.072301] (lslidar_msgs) StderrLine: {'line': b'  Update the VERSION argument <min> value.  Or, use the <min>...<max> syntax\n'}
[0.072370] (lslidar_msgs) StderrLine: {'line': b'  to tell CMake that the project requires at least <min> but has been updated\n'}
[0.072438] (lslidar_msgs) StderrLine: {'line': b'  to work with policies introduced by <max> or earlier.\n'}
[0.072505] (lslidar_msgs) StderrLine: {'line': b'\n'}
[0.072571] (lslidar_msgs) StderrLine: {'line': b'\x1b[0m\n'}
[0.099655] (-) TimerEvent: {}
[0.144546] (lslidar_msgs) StdoutLine: {'line': b'-- The C compiler identification is GNU 11.4.0\n'}
[0.199751] (-) TimerEvent: {}
[0.207673] (lslidar_msgs) StdoutLine: {'line': b'-- The CXX compiler identification is GNU 11.4.0\n'}
[0.214940] (lslidar_msgs) StdoutLine: {'line': b'-- Detecting C compiler ABI info\n'}
[0.262308] (lslidar_msgs) StdoutLine: {'line': b'-- Detecting C compiler ABI info - done\n'}
[0.272100] (lslidar_msgs) StdoutLine: {'line': b'-- Check for working C compiler: /usr/bin/cc - skipped\n'}
[0.273100] (lslidar_msgs) StdoutLine: {'line': b'-- Detecting C compile features\n'}
[0.273428] (lslidar_msgs) StdoutLine: {'line': b'-- Detecting C compile features - done\n'}
[0.282144] (lslidar_msgs) StdoutLine: {'line': b'-- Detecting CXX compiler ABI info\n'}
[0.299987] (-) TimerEvent: {}
[0.333153] (lslidar_msgs) StdoutLine: {'line': b'-- Detecting CXX compiler ABI info - done\n'}
[0.343340] (lslidar_msgs) StdoutLine: {'line': b'-- Check for working CXX compiler: /usr/bin/c++ - skipped\n'}
[0.343504] (lslidar_msgs) StdoutLine: {'line': b'-- Detecting CXX compile features\n'}
[0.343829] (lslidar_msgs) StdoutLine: {'line': b'-- Detecting CXX compile features - done\n'}
[0.351254] (lslidar_msgs) StdoutLine: {'line': b'-- Found ament_cmake: 1.3.11 (/opt/ros/humble/share/ament_cmake/cmake)\n'}
[0.400107] (-) TimerEvent: {}
[0.447672] (lslidar_msgs) StdoutLine: {'line': b'-- Found Python3: /usr/bin/python3 (found version "3.10.12") found components: Interpreter\n'}
[0.500223] (-) TimerEvent: {}
[0.510074] (lslidar_msgs) StdoutLine: {'line': b'-- Found std_msgs: 4.2.4 (/opt/ros/humble/share/std_msgs/cmake)\n'}
[0.539727] (lslidar_msgs) StdoutLine: {'line': b'-- Found rosidl_generator_c: 3.1.6 (/opt/ros/humble/share/rosidl_generator_c/cmake)\n'}
[0.543332] (lslidar_msgs) StdoutLine: {'line': b'-- Found rosidl_adapter: 3.1.6 (/opt/ros/humble/share/rosidl_adapter/cmake)\n'}
[0.550264] (lslidar_msgs) StdoutLine: {'line': b'-- Found rosidl_generator_cpp: 3.1.6 (/opt/ros/humble/share/rosidl_generator_cpp/cmake)\n'}
[0.562814] (lslidar_msgs) StdoutLine: {'line': b'-- Using all available rosidl_typesupport_c: rosidl_typesupport_fastrtps_c;rosidl_typesupport_introspection_c\n'}
[0.576070] (lslidar_msgs) StdoutLine: {'line': b'-- Using all available rosidl_typesupport_cpp: rosidl_typesupport_fastrtps_cpp;rosidl_typesupport_introspection_cpp\n'}
[0.599732] (lslidar_msgs) StdoutLine: {'line': b'-- Found sensor_msgs: 4.2.4 (/opt/ros/humble/share/sensor_msgs/cmake)\n'}
[0.600314] (-) TimerEvent: {}
[0.629017] (lslidar_msgs) StdoutLine: {'line': b'-- Found rosidl_default_generators: 1.2.0 (/opt/ros/humble/share/rosidl_default_generators/cmake)\n'}
[0.636046] (lslidar_msgs) StdoutLine: {'line': b'-- Found ament_lint_auto: 0.12.11 (/opt/ros/humble/share/ament_lint_auto/cmake)\n'}
[0.700440] (-) TimerEvent: {}
[0.800678] (-) TimerEvent: {}
[0.901038] (-) TimerEvent: {}
[0.947098] (lslidar_msgs) StdoutLine: {'line': b'-- Found ament_cmake_ros: 0.10.0 (/opt/ros/humble/share/ament_cmake_ros/cmake)\n'}
[1.001129] (-) TimerEvent: {}
[1.101482] (-) TimerEvent: {}
[1.201718] (-) TimerEvent: {}
[1.302059] (-) TimerEvent: {}
[1.402310] (-) TimerEvent: {}
[1.450407] (lslidar_msgs) StdoutLine: {'line': b'-- Using all available rosidl_typesupport_c: rosidl_typesupport_fastrtps_c;rosidl_typesupport_introspection_c\n'}
[1.502400] (-) TimerEvent: {}
[1.602658] (-) TimerEvent: {}
[1.656312] (lslidar_msgs) StdoutLine: {'line': b'-- Using all available rosidl_typesupport_cpp: rosidl_typesupport_fastrtps_cpp;rosidl_typesupport_introspection_cpp\n'}
[1.658576] (lslidar_msgs) StderrLine: {'line': b'\x1b[33mCMake Warning (dev) at /opt/ros/humble/share/rosidl_generator_py/cmake/rosidl_generator_py_generate_interfaces.cmake:20 (find_package):\n'}
[1.658707] (lslidar_msgs) StderrLine: {'line': b'  Policy CMP0148 is not set: The FindPythonInterp and FindPythonLibs modules\n'}
[1.658769] (lslidar_msgs) StderrLine: {'line': b'  are removed.  Run "cmake --help-policy CMP0148" for policy details.  Use\n'}
[1.658824] (lslidar_msgs) StderrLine: {'line': b'  the cmake_policy command to set the policy and suppress this warning.\n'}
[1.658908] (lslidar_msgs) StderrLine: {'line': b'\n'}
[1.658993] (lslidar_msgs) StderrLine: {'line': b'Call Stack (most recent call first):\n'}
[1.659026] (lslidar_msgs) StderrLine: {'line': b'  /opt/ros/humble/share/ament_cmake_core/cmake/core/ament_execute_extensions.cmake:48 (include)\n'}
[1.659052] (lslidar_msgs) StderrLine: {'line': b'  /opt/ros/humble/share/rosidl_cmake/cmake/rosidl_generate_interfaces.cmake:286 (ament_execute_extensions)\n'}
[1.659078] (lslidar_msgs) StderrLine: {'line': b'  CMakeLists.txt:30 (rosidl_generate_interfaces)\n'}
[1.659100] (lslidar_msgs) StderrLine: {'line': b'This warning is for project developers.  Use -Wno-dev to suppress it.\n'}
[1.659125] (lslidar_msgs) StderrLine: {'line': b'\x1b[0m\n'}
[1.675017] (lslidar_msgs) StdoutLine: {'line': b'-- Found PythonInterp: /usr/bin/python3 (found suitable version "3.10.12", minimum required is "3.6")\n'}
[1.677132] (lslidar_msgs) StdoutLine: {'line': b'-- Found python_cmake_module: 0.10.0 (/opt/ros/humble/share/python_cmake_module/cmake)\n'}
[1.677524] (lslidar_msgs) StderrLine: {'line': b'\x1b[33mCMake Warning (dev) at /opt/ros/humble/share/python_cmake_module/cmake/Modules/FindPythonExtra.cmake:52 (find_package):\n'}
[1.677595] (lslidar_msgs) StderrLine: {'line': b'  Policy CMP0148 is not set: The FindPythonInterp and FindPythonLibs modules\n'}
[1.677626] (lslidar_msgs) StderrLine: {'line': b'  are removed.  Run "cmake --help-policy CMP0148" for policy details.  Use\n'}
[1.677658] (lslidar_msgs) StderrLine: {'line': b'  the cmake_policy command to set the policy and suppress this warning.\n'}
[1.677683] (lslidar_msgs) StderrLine: {'line': b'\n'}
[1.677706] (lslidar_msgs) StderrLine: {'line': b'Call Stack (most recent call first):\n'}
[1.677728] (lslidar_msgs) StderrLine: {'line': b'  /opt/ros/humble/share/rosidl_generator_py/cmake/rosidl_generator_py_generate_interfaces.cmake:23 (find_package)\n'}
[1.677751] (lslidar_msgs) StderrLine: {'line': b'  /opt/ros/humble/share/ament_cmake_core/cmake/core/ament_execute_extensions.cmake:48 (include)\n'}
[1.677772] (lslidar_msgs) StderrLine: {'line': b'  /opt/ros/humble/share/rosidl_cmake/cmake/rosidl_generate_interfaces.cmake:286 (ament_execute_extensions)\n'}
[1.677795] (lslidar_msgs) StderrLine: {'line': b'  CMakeLists.txt:30 (rosidl_generate_interfaces)\n'}
[1.677816] (lslidar_msgs) StderrLine: {'line': b'This warning is for project developers.  Use -Wno-dev to suppress it.\n'}
[1.677839] (lslidar_msgs) StderrLine: {'line': b'\x1b[0m\n'}
[1.696671] (lslidar_msgs) StderrLine: {'line': b'\x1b[33mCMake Warning (dev) at /opt/ros/humble/share/python_cmake_module/cmake/Modules/FindPythonExtra.cmake:140 (find_package):\n'}
[1.696775] (lslidar_msgs) StderrLine: {'line': b'  Policy CMP0148 is not set: The FindPythonInterp and FindPythonLibs modules\n'}
[1.696806] (lslidar_msgs) StderrLine: {'line': b'  are removed.  Run "cmake --help-policy CMP0148" for policy details.  Use\n'}
[1.696841] (lslidar_msgs) StderrLine: {'line': b'  the cmake_policy command to set the policy and suppress this warning.\n'}
[1.696866] (lslidar_msgs) StderrLine: {'line': b'\n'}
[1.696896] (lslidar_msgs) StderrLine: {'line': b'Call Stack (most recent call first):\n'}
[1.696922] (lslidar_msgs) StderrLine: {'line': b'  /opt/ros/humble/share/rosidl_generator_py/cmake/rosidl_generator_py_generate_interfaces.cmake:23 (find_package)\n'}
[1.696945] (lslidar_msgs) StderrLine: {'line': b'  /opt/ros/humble/share/ament_cmake_core/cmake/core/ament_execute_extensions.cmake:48 (include)\n'}
[1.696967] (lslidar_msgs) StderrLine: {'line': b'  /opt/ros/humble/share/rosidl_cmake/cmake/rosidl_generate_interfaces.cmake:286 (ament_execute_extensions)\n'}
[1.696990] (lslidar_msgs) StderrLine: {'line': b'  CMakeLists.txt:30 (rosidl_generate_interfaces)\n'}
[1.697012] (lslidar_msgs) StderrLine: {'line': b'This warning is for project developers.  Use -Wno-dev to suppress it.\n'}
[1.697034] (lslidar_msgs) StderrLine: {'line': b'\x1b[0m\n'}
[1.702845] (lslidar_msgs) StdoutLine: {'line': b'-- Found PythonLibs: /usr/lib/x86_64-linux-gnu/libpython3.10.so (found suitable version "3.10.12", minimum required is "3.5")\n'}
[1.702928] (-) TimerEvent: {}
[1.702988] (lslidar_msgs) StdoutLine: {'line': b'-- Using PYTHON_EXECUTABLE: /usr/bin/python3\n'}
[1.703019] (lslidar_msgs) StdoutLine: {'line': b'-- Using PYTHON_INCLUDE_DIRS: /usr/include/python3.10\n'}
[1.703043] (lslidar_msgs) StdoutLine: {'line': b'-- Using PYTHON_LIBRARIES: /usr/lib/x86_64-linux-gnu/libpython3.10.so\n'}
[1.718082] (lslidar_msgs) StdoutLine: {'line': b'-- Found PythonExtra: .so\n'}
[1.759944] (lslidar_msgs) StdoutLine: {'line': b"-- Added test 'copyright' to check source files copyright and LICENSE\n"}
[1.761227] (lslidar_msgs) StdoutLine: {'line': b"-- Added test 'lint_cmake' to check CMake code style\n"}
[1.762040] (lslidar_msgs) StdoutLine: {'line': b"-- Added test 'xmllint' to check XML markup files\n"}
[1.765706] (lslidar_msgs) StdoutLine: {'line': b'-- Configuring done (1.7s)\n'}
[1.792934] (lslidar_msgs) StdoutLine: {'line': b'-- Generating done (0.0s)\n'}
[1.798645] (lslidar_msgs) StdoutLine: {'line': b'-- Build files have been written to: /home/bill8/billeagle_ws/lslidar_ws/build/lslidar_msgs\n'}
[1.803123] (-) TimerEvent: {}
[1.806147] (lslidar_msgs) CommandEnded: {'returncode': 0}
[1.806385] (lslidar_msgs) JobProgress: {'identifier': 'lslidar_msgs', 'progress': 'build'}
[1.806400] (lslidar_msgs) Command: {'cmd': ['/home/bill8/.local/bin/cmake', '--build', '/home/bill8/billeagle_ws/lslidar_ws/build/lslidar_msgs', '--', '-j16', '-l16'], 'cwd': '/home/bill8/billeagle_ws/lslidar_ws/build/lslidar_msgs', 'env': OrderedDict([('LESSOPEN', '| /usr/bin/lesspipe %s'), ('USER', 'bill8'), ('LC_TIME', 'pt_BR.UTF-8'), ('XDG_SESSION_TYPE', 'x11'), ('SHLVL', '1'), ('LD_LIBRARY_PATH', '/home/bill8/microros_ws/install/micro_ros_agent/lib:/home/bill8/microros_ws/install/micro_ros_msgs/lib:/opt/ros/humble/opt/rviz_ogre_vendor/lib:/opt/ros/humble/lib/x86_64-linux-gnu:/opt/ros/humble/lib'), ('HOME', '/home/bill8'), ('OLDPWD', '/home/bill8/billeagle_ws'), ('DESKTOP_SESSION', 'ubuntu'), ('ROS_PYTHON_VERSION', '3'), ('GNOME_SHELL_SESSION_MODE', 'ubuntu'), ('GTK_MODULES', 'gail:atk-bridge'), ('LC_MONETARY', 'pt_BR.UTF-8'), ('MANAGERPID', '1725'), ('LC_CTYPE', 'pt_BR.UTF-8'), ('SYSTEMD_EXEC_PID', '2195'), ('DBUS_SESSION_BUS_ADDRESS', 'unix:path=/run/user/1000/bus'), ('COLORTERM', 'truecolor'), ('TERMINATOR_DBUS_NAME', 'net.tenshu.Terminator23558193cd9818af7fe4d2c2f5bd9d00f'), ('GIO_LAUNCHED_DESKTOP_FILE_PID', '2738'), ('COLCON_PREFIX_PATH', '/home/bill8/microros_ws/install'), ('ROS_DISTRO', 'humble'), ('GTK_IM_MODULE', 'ibus'), ('LOGNAME', 'bill8'), ('JOURNAL_STREAM', '8:24604'), ('_', '/usr/bin/colcon'), ('ROS_VERSION', '2'), ('XDG_SESSION_CLASS', 'user'), ('USERNAME', 'bill8'), ('TERM', 'xterm-256color'), ('GNOME_DESKTOP_SESSION_ID', 'this-is-deprecated'), ('ROS_LOCALHOST_ONLY', '0'), ('WINDOWPATH', '2'), ('PATH', '/usr/local/cuda/bin:/opt/ros/humble/bin:/home/bill8/.local/bin:/usr/local/sbin:/usr/local/bin:/usr/sbin:/usr/bin:/sbin:/bin:/usr/games:/usr/local/games:/snap/bin:/snap/bin'), ('SESSION_MANAGER', 'local/bill8:@/tmp/.ICE-unix/1956,unix/bill8:/tmp/.ICE-unix/1956'), ('INVOCATION_ID', '1401dba4e6b349cb84cb3c6a9a7dbd69'), ('XDG_MENU_PREFIX', 'gnome-'), ('LC_ADDRESS', 'pt_BR.UTF-8'), ('XDG_RUNTIME_DIR', '/run/user/1000'), ('DISPLAY', ':1'), ('TERMINATOR_DBUS_PATH', '/net/tenshu/Terminator2'), ('LANG', 'en_US.UTF-8'), ('XDG_CURRENT_DESKTOP', 'ubuntu:GNOME'), ('LC_TELEPHONE', 'pt_BR.UTF-8'), ('XMODIFIERS', '@im=ibus'), ('XDG_SESSION_DESKTOP', 'ubuntu'), ('XAUTHORITY', '/run/user/1000/gdm/Xauthority'), ('LS_COLORS', 'rs=0:di=01;34:ln=01;36:mh=00:pi=40;33:so=01;35:do=01;35:bd=40;33;01:cd=40;33;01:or=40;31;01:mi=00:su=37;41:sg=30;43:ca=30;41:tw=30;42:ow=34;42:st=37;44:ex=01;32:*.tar=01;31:*.tgz=01;31:*.arc=01;31:*.arj=01;31:*.taz=01;31:*.lha=01;31:*.lz4=01;31:*.lzh=01;31:*.lzma=01;31:*.tlz=01;31:*.txz=01;31:*.tzo=01;31:*.t7z=01;31:*.zip=01;31:*.z=01;31:*.dz=01;31:*.gz=01;31:*.lrz=01;31:*.lz=01;31:*.lzo=01;31:*.xz=01;31:*.zst=01;31:*.tzst=01;31:*.bz2=01;31:*.bz=01;31:*.tbz=01;31:*.tbz2=01;31:*.tz=01;31:*.deb=01;31:*.rpm=01;31:*.jar=01;31:*.war=01;31:*.ear=01;31:*.sar=01;31:*.rar=01;31:*.alz=01;31:*.ace=01;31:*.zoo=01;31:*.cpio=01;31:*.7z=01;31:*.rz=01;31:*.cab=01;31:*.wim=01;31:*.swm=01;31:*.dwm=01;31:*.esd=01;31:*.jpg=01;35:*.jpeg=01;35:*.mjpg=01;35:*.mjpeg=01;35:*.gif=01;35:*.bmp=01;35:*.pbm=01;35:*.pgm=01;35:*.ppm=01;35:*.tga=01;35:*.xbm=01;35:*.xpm=01;35:*.tif=01;35:*.tiff=01;35:*.png=01;35:*.svg=01;35:*.svgz=01;35:*.mng=01;35:*.pcx=01;35:*.mov=01;35:*.mpg=01;35:*.mpeg=01;35:*.m2v=01;35:*.mkv=01;35:*.webm=01;35:*.webp=01;35:*.ogm=01;35:*.mp4=01;35:*.m4v=01;35:*.mp4v=01;35:*.vob=01;35:*.qt=01;35:*.nuv=01;35:*.wmv=01;35:*.asf=01;35:*.rm=01;35:*.rmvb=01;35:*.flc=01;35:*.avi=01;35:*.fli=01;35:*.flv=01;35:*.gl=01;35:*.dl=01;35:*.xcf=01;35:*.xwd=01;35:*.yuv=01;35:*.cgm=01;35:*.emf=01;35:*.ogv=01;35:*.ogx=01;35:*.aac=00;36:*.au=00;36:*.flac=00;36:*.m4a=00;36:*.mid=00;36:*.midi=00;36:*.mka=00;36:*.mp3=00;36:*.mpc=00;36:*.ogg=00;36:*.ra=00;36:*.wav=00;36:*.oga=00;36:*.opus=00;36:*.spx=00;36:*.xspf=00;36:'), ('SSH_AGENT_LAUNCHER', 'gnome-keyring'), ('SSH_AUTH_SOCK', '/run/user/1000/keyring/ssh'), ('AMENT_PREFIX_PATH', '/home/bill8/microros_ws/install/micro_ros_setup:/home/bill8/microros_ws/install/micro_ros_agent:/home/bill8/microros_ws/install/micro_ros_msgs:/opt/ros/humble'), ('SHELL', '/bin/bash'), ('LC_NAME', 'pt_BR.UTF-8'), ('TERMINATOR_UUID', 'urn:uuid:5e4fd70b-c729-4cac-97be-7af8ed2be7ba'), ('QT_ACCESSIBILITY', '1'), ('GDMSESSION', 'ubuntu'), ('LESSCLOSE', '/usr/bin/lesspipe %s %s'), ('LC_MEASUREMENT', 'pt_BR.UTF-8'), ('GPG_AGENT_INFO', '/run/user/1000/gnupg/S.gpg-agent:0:1'), ('LC_IDENTIFICATION', 'pt_BR.UTF-8'), ('QT_IM_MODULE', 'ibus'), ('PWD', '/home/bill8/billeagle_ws/lslidar_ws/build/lslidar_msgs'), ('XDG_CONFIG_DIRS', '/etc/xdg/xdg-ubuntu:/etc/xdg'), ('XDG_DATA_DIRS', '/usr/share/ubuntu:/usr/share/gnome:/usr/local/share/:/usr/share/:/var/lib/snapd/desktop'), ('PYTHONPATH', '/home/bill8/microros_ws/install/micro_ros_msgs/local/lib/python3.10/dist-packages:/opt/ros/humble/lib/python3.10/site-packages:/opt/ros/humble/local/lib/python3.10/dist-packages'), ('LC_NUMERIC', 'pt_BR.UTF-8'), ('LC_PAPER', 'pt_BR.UTF-8'), ('COLCON', '1'), ('VTE_VERSION', '6800'), ('CMAKE_PREFIX_PATH', '/home/bill8/microros_ws/install/micro_ros_setup:/home/bill8/microros_ws/install/micro_ros_agent:/home/bill8/microros_ws/install/micro_ros_msgs:/opt/ros/humble')]), 'shell': False}
[1.865269] (lslidar_msgs) StdoutLine: {'line': b'[  1%] \x1b[34m\x1b[1mGenerating C code for ROS interfaces\x1b[0m\n'}
[1.869898] (lslidar_msgs) StdoutLine: {'line': b'[  3%] \x1b[34m\x1b[1mGenerating C++ code for ROS interfaces\x1b[0m\n'}
[1.871770] (lslidar_msgs) StdoutLine: {'line': b'[  3%] Built target ament_cmake_python_copy_lslidar_msgs\n'}
[1.903268] (-) TimerEvent: {}
[2.003690] (-) TimerEvent: {}
[2.071162] (lslidar_msgs) StdoutLine: {'line': b'running egg_info\n'}
[2.071702] (lslidar_msgs) StdoutLine: {'line': b'creating lslidar_msgs.egg-info\n'}
[2.072095] (lslidar_msgs) StdoutLine: {'line': b'writing lslidar_msgs.egg-info/PKG-INFO\n'}
[2.072447] (lslidar_msgs) StdoutLine: {'line': b'writing dependency_links to lslidar_msgs.egg-info/dependency_links.txt\n'}
[2.072624] (lslidar_msgs) StdoutLine: {'line': b'writing top-level names to lslidar_msgs.egg-info/top_level.txt\n'}
[2.072777] (lslidar_msgs) StdoutLine: {'line': b"writing manifest file 'lslidar_msgs.egg-info/SOURCES.txt'\n"}
[2.074660] (lslidar_msgs) StdoutLine: {'line': b"reading manifest file 'lslidar_msgs.egg-info/SOURCES.txt'\n"}
[2.075100] (lslidar_msgs) StdoutLine: {'line': b"writing manifest file 'lslidar_msgs.egg-info/SOURCES.txt'\n"}
[2.098342] (lslidar_msgs) StdoutLine: {'line': b'[  3%] Built target ament_cmake_python_build_lslidar_msgs_egg\n'}
[2.103872] (-) TimerEvent: {}
[2.204235] (-) TimerEvent: {}
[2.300981] (lslidar_msgs) StdoutLine: {'line': b'[  3%] Built target lslidar_msgs__cpp\n'}
[2.304629] (-) TimerEvent: {}
[2.319540] (lslidar_msgs) StdoutLine: {'line': b'[  4%] \x1b[34m\x1b[1mGenerating C++ type support dispatch for ROS interfaces\x1b[0m\n'}
[2.319720] (lslidar_msgs) StdoutLine: {'line': b'[  6%] \x1b[34m\x1b[1mGenerating C++ introspection for ROS interfaces\x1b[0m\n'}
[2.320614] (lslidar_msgs) StdoutLine: {'line': b'[  7%] \x1b[34m\x1b[1mGenerating C++ type support for eProsima Fast-RTPS\x1b[0m\n'}
[2.327936] (lslidar_msgs) StdoutLine: {'line': b'[  9%] \x1b[32mBuilding C object CMakeFiles/lslidar_msgs__rosidl_generator_c.dir/rosidl_generator_c/lslidar_msgs/msg/detail/lslidar_packet__functions.c.o\x1b[0m\n'}
[2.328154] (lslidar_msgs) StdoutLine: {'line': b'[ 11%] \x1b[32mBuilding C object CMakeFiles/lslidar_msgs__rosidl_generator_c.dir/rosidl_generator_c/lslidar_msgs/msg/detail/lslidar_scan__functions.c.o\x1b[0m\n'}
[2.328324] (lslidar_msgs) StdoutLine: {'line': b'[ 12%] \x1b[32mBuilding C object CMakeFiles/lslidar_msgs__rosidl_generator_c.dir/rosidl_generator_c/lslidar_msgs/msg/detail/lslidar_difop__functions.c.o\x1b[0m\n'}
[2.328820] (lslidar_msgs) StdoutLine: {'line': b'[ 14%] \x1b[32mBuilding C object CMakeFiles/lslidar_msgs__rosidl_generator_c.dir/rosidl_generator_c/lslidar_msgs/msg/detail/lslidar_sweep__functions.c.o\x1b[0m\n'}
[2.329029] (lslidar_msgs) StdoutLine: {'line': b'[ 15%] \x1b[32mBuilding C object CMakeFiles/lslidar_msgs__rosidl_generator_c.dir/rosidl_generator_c/lslidar_msgs/msg/detail/lslidar_point__functions.c.o\x1b[0m\n'}
[2.384811] (lslidar_msgs) StdoutLine: {'line': b'[ 17%] \x1b[32m\x1b[1mLinking C shared library liblslidar_msgs__rosidl_generator_c.so\x1b[0m\n'}
[2.404691] (-) TimerEvent: {}
[2.415440] (lslidar_msgs) StdoutLine: {'line': b'[ 17%] Built target lslidar_msgs__rosidl_generator_c\n'}
[2.419771] (lslidar_msgs) StdoutLine: {'line': b'[ 19%] \x1b[34m\x1b[1mGenerating C type support dispatch for ROS interfaces\x1b[0m\n'}
[2.421466] (lslidar_msgs) StdoutLine: {'line': b'[ 20%] \x1b[34m\x1b[1mGenerating C type support for eProsima Fast-RTPS\x1b[0m\n'}
[2.422296] (lslidar_msgs) StdoutLine: {'line': b'[ 22%] \x1b[34m\x1b[1mGenerating C introspection for ROS interfaces\x1b[0m\n'}
[2.504790] (-) TimerEvent: {}
[2.605064] (-) TimerEvent: {}
[2.668187] (lslidar_msgs) StdoutLine: {'line': b'[ 23%] \x1b[32mBuilding CXX object CMakeFiles/lslidar_msgs__rosidl_typesupport_cpp.dir/rosidl_typesupport_cpp/lslidar_msgs/msg/lslidar_packet__type_support.cpp.o\x1b[0m\n'}
[2.668447] (lslidar_msgs) StdoutLine: {'line': b'[ 25%] \x1b[32mBuilding CXX object CMakeFiles/lslidar_msgs__rosidl_typesupport_cpp.dir/rosidl_typesupport_cpp/lslidar_msgs/msg/lslidar_difop__type_support.cpp.o\x1b[0m\n'}
[2.669648] (lslidar_msgs) StdoutLine: {'line': b'[ 28%] \x1b[32mBuilding CXX object CMakeFiles/lslidar_msgs__rosidl_typesupport_cpp.dir/rosidl_typesupport_cpp/lslidar_msgs/msg/lslidar_point__type_support.cpp.o\x1b[0m\n'}
[2.670029] (lslidar_msgs) StdoutLine: {'line': b'[ 28%] \x1b[32mBuilding CXX object CMakeFiles/lslidar_msgs__rosidl_typesupport_cpp.dir/rosidl_typesupport_cpp/lslidar_msgs/msg/lslidar_scan__type_support.cpp.o\x1b[0m\n'}
[2.670229] (lslidar_msgs) StdoutLine: {'line': b'[ 30%] \x1b[32mBuilding CXX object CMakeFiles/lslidar_msgs__rosidl_typesupport_cpp.dir/rosidl_typesupport_cpp/lslidar_msgs/msg/lslidar_sweep__type_support.cpp.o\x1b[0m\n'}
[2.701427] (lslidar_msgs) StdoutLine: {'line': b'[ 33%] \x1b[32mBuilding CXX object CMakeFiles/lslidar_msgs__rosidl_typesupport_introspection_cpp.dir/rosidl_typesupport_introspection_cpp/lslidar_msgs/msg/detail/lslidar_difop__type_support.cpp.o\x1b[0m\n'}
[2.701635] (lslidar_msgs) StdoutLine: {'line': b'[ 33%] \x1b[32mBuilding CXX object CMakeFiles/lslidar_msgs__rosidl_typesupport_introspection_cpp.dir/rosidl_typesupport_introspection_cpp/lslidar_msgs/msg/detail/lslidar_packet__type_support.cpp.o\x1b[0m\n'}
[2.701831] (lslidar_msgs) StdoutLine: {'line': b'[ 34%] \x1b[32mBuilding CXX object CMakeFiles/lslidar_msgs__rosidl_typesupport_introspection_cpp.dir/rosidl_typesupport_introspection_cpp/lslidar_msgs/msg/detail/lslidar_scan__type_support.cpp.o\x1b[0m\n'}
[2.701966] (lslidar_msgs) StdoutLine: {'line': b'[ 36%] \x1b[32mBuilding CXX object CMakeFiles/lslidar_msgs__rosidl_typesupport_introspection_cpp.dir/rosidl_typesupport_introspection_cpp/lslidar_msgs/msg/detail/lslidar_point__type_support.cpp.o\x1b[0m\n'}
[2.702337] (lslidar_msgs) StdoutLine: {'line': b'[ 38%] \x1b[32mBuilding CXX object CMakeFiles/lslidar_msgs__rosidl_typesupport_introspection_cpp.dir/rosidl_typesupport_introspection_cpp/lslidar_msgs/msg/detail/lslidar_sweep__type_support.cpp.o\x1b[0m\n'}
[2.705156] (-) TimerEvent: {}
[2.805437] (-) TimerEvent: {}
[2.829415] (lslidar_msgs) StdoutLine: {'line': b'[ 41%] \x1b[32mBuilding CXX object CMakeFiles/lslidar_msgs__rosidl_typesupport_c.dir/rosidl_typesupport_c/lslidar_msgs/msg/lslidar_difop__type_support.cpp.o\x1b[0m\n'}
[2.829641] (lslidar_msgs) StdoutLine: {'line': b'[ 41%] \x1b[32mBuilding CXX object CMakeFiles/lslidar_msgs__rosidl_typesupport_c.dir/rosidl_typesupport_c/lslidar_msgs/msg/lslidar_packet__type_support.cpp.o\x1b[0m\n'}
[2.829763] (lslidar_msgs) StdoutLine: {'line': b'[ 42%] \x1b[32mBuilding CXX object CMakeFiles/lslidar_msgs__rosidl_typesupport_c.dir/rosidl_typesupport_c/lslidar_msgs/msg/lslidar_point__type_support.cpp.o\x1b[0m\n'}
[2.876345] (lslidar_msgs) StdoutLine: {'line': b'[ 44%] \x1b[32mBuilding CXX object CMakeFiles/lslidar_msgs__rosidl_typesupport_c.dir/rosidl_typesupport_c/lslidar_msgs/msg/lslidar_scan__type_support.cpp.o\x1b[0m\n'}
[2.876749] (lslidar_msgs) StdoutLine: {'line': b'[ 46%] \x1b[32mBuilding CXX object CMakeFiles/lslidar_msgs__rosidl_typesupport_c.dir/rosidl_typesupport_c/lslidar_msgs/msg/lslidar_sweep__type_support.cpp.o\x1b[0m\n'}
[2.905542] (-) TimerEvent: {}
[2.912311] (lslidar_msgs) StdoutLine: {'line': b'[ 47%] \x1b[32m\x1b[1mLinking CXX shared library liblslidar_msgs__rosidl_typesupport_c.so\x1b[0m\n'}
[2.950932] (lslidar_msgs) StdoutLine: {'line': b'[ 47%] Built target lslidar_msgs__rosidl_typesupport_c\n'}
[3.001046] (lslidar_msgs) StdoutLine: {'line': b'[ 49%] \x1b[32mBuilding CXX object CMakeFiles/lslidar_msgs__rosidl_typesupport_fastrtps_c.dir/rosidl_typesupport_fastrtps_c/lslidar_msgs/msg/detail/lslidar_difop__type_support_c.cpp.o\x1b[0m\n'}
[3.001295] (lslidar_msgs) StdoutLine: {'line': b'[ 50%] \x1b[32mBuilding CXX object CMakeFiles/lslidar_msgs__rosidl_typesupport_fastrtps_c.dir/rosidl_typesupport_fastrtps_c/lslidar_msgs/msg/detail/lslidar_packet__type_support_c.cpp.o\x1b[0m\n'}
[3.001399] (lslidar_msgs) StdoutLine: {'line': b'[ 52%] \x1b[32mBuilding CXX object CMakeFiles/lslidar_msgs__rosidl_typesupport_fastrtps_c.dir/rosidl_typesupport_fastrtps_c/lslidar_msgs/msg/detail/lslidar_point__type_support_c.cpp.o\x1b[0m\n'}
[3.005656] (-) TimerEvent: {}
[3.006013] (lslidar_msgs) StdoutLine: {'line': b'[ 53%] \x1b[32mBuilding CXX object CMakeFiles/lslidar_msgs__rosidl_typesupport_fastrtps_c.dir/rosidl_typesupport_fastrtps_c/lslidar_msgs/msg/detail/lslidar_scan__type_support_c.cpp.o\x1b[0m\n'}
[3.035245] (lslidar_msgs) StdoutLine: {'line': b'[ 55%] \x1b[32mBuilding CXX object CMakeFiles/lslidar_msgs__rosidl_typesupport_fastrtps_c.dir/rosidl_typesupport_fastrtps_c/lslidar_msgs/msg/detail/lslidar_sweep__type_support_c.cpp.o\x1b[0m\n'}
[3.106942] (-) TimerEvent: {}
[3.206749] (lslidar_msgs) StdoutLine: {'line': b'[ 58%] \x1b[32mBuilding CXX object CMakeFiles/lslidar_msgs__rosidl_typesupport_fastrtps_cpp.dir/rosidl_typesupport_fastrtps_cpp/lslidar_msgs/msg/detail/dds_fastrtps/lslidar_difop__type_support.cpp.o\x1b[0m\n'}
[3.207003] (-) TimerEvent: {}
[3.207176] (lslidar_msgs) StdoutLine: {'line': b'[ 58%] \x1b[32mBuilding CXX object CMakeFiles/lslidar_msgs__rosidl_typesupport_fastrtps_cpp.dir/rosidl_typesupport_fastrtps_cpp/lslidar_msgs/msg/detail/dds_fastrtps/lslidar_packet__type_support.cpp.o\x1b[0m\n'}
[3.207680] (lslidar_msgs) StdoutLine: {'line': b'[ 60%] \x1b[32mBuilding CXX object CMakeFiles/lslidar_msgs__rosidl_typesupport_fastrtps_cpp.dir/rosidl_typesupport_fastrtps_cpp/lslidar_msgs/msg/detail/dds_fastrtps/lslidar_point__type_support.cpp.o\x1b[0m\n'}
[3.210523] (lslidar_msgs) StdoutLine: {'line': b'[ 61%] \x1b[32mBuilding CXX object CMakeFiles/lslidar_msgs__rosidl_typesupport_fastrtps_cpp.dir/rosidl_typesupport_fastrtps_cpp/lslidar_msgs/msg/detail/dds_fastrtps/lslidar_scan__type_support.cpp.o\x1b[0m\n'}
[3.213868] (lslidar_msgs) StdoutLine: {'line': b'[ 63%] \x1b[32mBuilding CXX object CMakeFiles/lslidar_msgs__rosidl_typesupport_fastrtps_cpp.dir/rosidl_typesupport_fastrtps_cpp/lslidar_msgs/msg/detail/dds_fastrtps/lslidar_sweep__type_support.cpp.o\x1b[0m\n'}
[3.215149] (lslidar_msgs) StdoutLine: {'line': b'[ 65%] \x1b[32m\x1b[1mLinking CXX shared library liblslidar_msgs__rosidl_typesupport_cpp.so\x1b[0m\n'}
[3.276084] (lslidar_msgs) StdoutLine: {'line': b'[ 65%] Built target lslidar_msgs__rosidl_typesupport_cpp\n'}
[3.307123] (-) TimerEvent: {}
[3.323044] (lslidar_msgs) StdoutLine: {'line': b'[ 66%] \x1b[32mBuilding C object CMakeFiles/lslidar_msgs__rosidl_typesupport_introspection_c.dir/rosidl_typesupport_introspection_c/lslidar_msgs/msg/detail/lslidar_difop__type_support.c.o\x1b[0m\n'}
[3.323278] (lslidar_msgs) StdoutLine: {'line': b'[ 68%] \x1b[32mBuilding C object CMakeFiles/lslidar_msgs__rosidl_typesupport_introspection_c.dir/rosidl_typesupport_introspection_c/lslidar_msgs/msg/detail/lslidar_packet__type_support.c.o\x1b[0m\n'}
[3.323609] (lslidar_msgs) StdoutLine: {'line': b'[ 69%] \x1b[32mBuilding C object CMakeFiles/lslidar_msgs__rosidl_typesupport_introspection_c.dir/rosidl_typesupport_introspection_c/lslidar_msgs/msg/detail/lslidar_point__type_support.c.o\x1b[0m\n'}
[3.327492] (lslidar_msgs) StdoutLine: {'line': b'[ 71%] \x1b[32mBuilding C object CMakeFiles/lslidar_msgs__rosidl_typesupport_introspection_c.dir/rosidl_typesupport_introspection_c/lslidar_msgs/msg/detail/lslidar_scan__type_support.c.o\x1b[0m\n'}
[3.366048] (lslidar_msgs) StdoutLine: {'line': b'[ 73%] \x1b[32mBuilding C object CMakeFiles/lslidar_msgs__rosidl_typesupport_introspection_c.dir/rosidl_typesupport_introspection_c/lslidar_msgs/msg/detail/lslidar_sweep__type_support.c.o\x1b[0m\n'}
[3.407228] (-) TimerEvent: {}
[3.411332] (lslidar_msgs) StdoutLine: {'line': b'[ 74%] \x1b[32m\x1b[1mLinking C shared library liblslidar_msgs__rosidl_typesupport_introspection_c.so\x1b[0m\n'}
[3.440140] (lslidar_msgs) StdoutLine: {'line': b'[ 74%] Built target lslidar_msgs__rosidl_typesupport_introspection_c\n'}
[3.507333] (-) TimerEvent: {}
[3.526650] (lslidar_msgs) StdoutLine: {'line': b'[ 76%] \x1b[32m\x1b[1mLinking CXX shared library liblslidar_msgs__rosidl_typesupport_introspection_cpp.so\x1b[0m\n'}
[3.607452] (-) TimerEvent: {}
[3.638993] (lslidar_msgs) StdoutLine: {'line': b'[ 76%] Built target lslidar_msgs__rosidl_typesupport_introspection_cpp\n'}
[3.662118] (lslidar_msgs) StdoutLine: {'line': b'[ 77%] \x1b[32m\x1b[1mLinking CXX shared library liblslidar_msgs__rosidl_typesupport_fastrtps_c.so\x1b[0m\n'}
[3.707627] (-) TimerEvent: {}
[3.746949] (lslidar_msgs) StdoutLine: {'line': b'[ 77%] Built target lslidar_msgs__rosidl_typesupport_fastrtps_c\n'}
[3.766209] (lslidar_msgs) StdoutLine: {'line': b'[ 79%] \x1b[32m\x1b[1mLinking CXX shared library liblslidar_msgs__rosidl_typesupport_fastrtps_cpp.so\x1b[0m\n'}
[3.807836] (-) TimerEvent: {}
[3.812538] (lslidar_msgs) StdoutLine: {'line': b'[ 79%] Built target lslidar_msgs__rosidl_typesupport_fastrtps_cpp\n'}
[3.821703] (lslidar_msgs) StdoutLine: {'line': b'[ 79%] Built target lslidar_msgs\n'}
[3.830806] (lslidar_msgs) StdoutLine: {'line': b'[ 80%] \x1b[34m\x1b[1mGenerating Python code for ROS interfaces\x1b[0m\n'}
[3.908070] (-) TimerEvent: {}
[4.008445] (-) TimerEvent: {}
[4.108811] (-) TimerEvent: {}
[4.209206] (-) TimerEvent: {}
[4.244517] (lslidar_msgs) StdoutLine: {'line': b'[ 80%] Built target lslidar_msgs__py\n'}
[4.253220] (lslidar_msgs) StdoutLine: {'line': b'[ 84%] \x1b[32mBuilding C object CMakeFiles/lslidar_msgs__rosidl_generator_py.dir/rosidl_generator_py/lslidar_msgs/msg/_lslidar_scan_s.c.o\x1b[0m\n'}
[4.253401] (lslidar_msgs) StdoutLine: {'line': b'[ 84%] \x1b[32mBuilding C object CMakeFiles/lslidar_msgs__rosidl_generator_py.dir/rosidl_generator_py/lslidar_msgs/msg/_lslidar_difop_s.c.o\x1b[0m\n'}
[4.253512] (lslidar_msgs) StdoutLine: {'line': b'[ 85%] \x1b[32mBuilding C object CMakeFiles/lslidar_msgs__rosidl_generator_py.dir/rosidl_generator_py/lslidar_msgs/msg/_lslidar_packet_s.c.o\x1b[0m\n'}
[4.253604] (lslidar_msgs) StdoutLine: {'line': b'[ 87%] \x1b[32mBuilding C object CMakeFiles/lslidar_msgs__rosidl_generator_py.dir/rosidl_generator_py/lslidar_msgs/msg/_lslidar_sweep_s.c.o\x1b[0m\n'}
[4.253750] (lslidar_msgs) StdoutLine: {'line': b'[ 88%] \x1b[32mBuilding C object CMakeFiles/lslidar_msgs__rosidl_generator_py.dir/rosidl_generator_py/lslidar_msgs/msg/_lslidar_point_s.c.o\x1b[0m\n'}
[4.309348] (-) TimerEvent: {}
[4.369912] (lslidar_msgs) StdoutLine: {'line': b'[ 90%] \x1b[32m\x1b[1mLinking C shared library rosidl_generator_py/lslidar_msgs/liblslidar_msgs__rosidl_generator_py.so\x1b[0m\n'}
[4.409475] (-) TimerEvent: {}
[4.409813] (lslidar_msgs) StdoutLine: {'line': b'[ 90%] Built target lslidar_msgs__rosidl_generator_py\n'}
[4.421836] (lslidar_msgs) StdoutLine: {'line': b'[ 92%] \x1b[32mBuilding C object CMakeFiles/lslidar_msgs__rosidl_typesupport_fastrtps_c__pyext.dir/rosidl_generator_py/lslidar_msgs/_lslidar_msgs_s.ep.rosidl_typesupport_fastrtps_c.c.o\x1b[0m\n'}
[4.422457] (lslidar_msgs) StdoutLine: {'line': b'[ 93%] \x1b[32mBuilding C object CMakeFiles/lslidar_msgs__rosidl_typesupport_c__pyext.dir/rosidl_generator_py/lslidar_msgs/_lslidar_msgs_s.ep.rosidl_typesupport_c.c.o\x1b[0m\n'}
[4.422669] (lslidar_msgs) StdoutLine: {'line': b'[ 95%] \x1b[32mBuilding C object CMakeFiles/lslidar_msgs__rosidl_typesupport_introspection_c__pyext.dir/rosidl_generator_py/lslidar_msgs/_lslidar_msgs_s.ep.rosidl_typesupport_introspection_c.c.o\x1b[0m\n'}
[4.495213] (lslidar_msgs) StdoutLine: {'line': b'[ 96%] \x1b[32m\x1b[1mLinking C shared library rosidl_generator_py/lslidar_msgs/lslidar_msgs_s__rosidl_typesupport_c.cpython-310-x86_64-linux-gnu.so\x1b[0m\n'}
[4.495490] (lslidar_msgs) StdoutLine: {'line': b'[ 98%] \x1b[32m\x1b[1mLinking C shared library rosidl_generator_py/lslidar_msgs/lslidar_msgs_s__rosidl_typesupport_introspection_c.cpython-310-x86_64-linux-gnu.so\x1b[0m\n'}
[4.498085] (lslidar_msgs) StdoutLine: {'line': b'[100%] \x1b[32m\x1b[1mLinking C shared library rosidl_generator_py/lslidar_msgs/lslidar_msgs_s__rosidl_typesupport_fastrtps_c.cpython-310-x86_64-linux-gnu.so\x1b[0m\n'}
[4.509576] (-) TimerEvent: {}
[4.518923] (lslidar_msgs) StdoutLine: {'line': b'[100%] Built target lslidar_msgs__rosidl_typesupport_c__pyext\n'}
[4.521075] (lslidar_msgs) StdoutLine: {'line': b'[100%] Built target lslidar_msgs__rosidl_typesupport_fastrtps_c__pyext\n'}
[4.522299] (lslidar_msgs) StdoutLine: {'line': b'[100%] Built target lslidar_msgs__rosidl_typesupport_introspection_c__pyext\n'}
[4.528237] (lslidar_msgs) CommandEnded: {'returncode': 0}
[4.528883] (lslidar_msgs) JobProgress: {'identifier': 'lslidar_msgs', 'progress': 'install'}
[4.574506] (lslidar_msgs) Command: {'cmd': ['/home/bill8/.local/bin/cmake', '--install', '/home/bill8/billeagle_ws/lslidar_ws/build/lslidar_msgs'], 'cwd': '/home/bill8/billeagle_ws/lslidar_ws/build/lslidar_msgs', 'env': OrderedDict([('LESSOPEN', '| /usr/bin/lesspipe %s'), ('USER', 'bill8'), ('LC_TIME', 'pt_BR.UTF-8'), ('XDG_SESSION_TYPE', 'x11'), ('SHLVL', '1'), ('LD_LIBRARY_PATH', '/home/bill8/microros_ws/install/micro_ros_agent/lib:/home/bill8/microros_ws/install/micro_ros_msgs/lib:/opt/ros/humble/opt/rviz_ogre_vendor/lib:/opt/ros/humble/lib/x86_64-linux-gnu:/opt/ros/humble/lib'), ('HOME', '/home/bill8'), ('OLDPWD', '/home/bill8/billeagle_ws'), ('DESKTOP_SESSION', 'ubuntu'), ('ROS_PYTHON_VERSION', '3'), ('GNOME_SHELL_SESSION_MODE', 'ubuntu'), ('GTK_MODULES', 'gail:atk-bridge'), ('LC_MONETARY', 'pt_BR.UTF-8'), ('MANAGERPID', '1725'), ('LC_CTYPE', 'pt_BR.UTF-8'), ('SYSTEMD_EXEC_PID', '2195'), ('DBUS_SESSION_BUS_ADDRESS', 'unix:path=/run/user/1000/bus'), ('COLORTERM', 'truecolor'), ('TERMINATOR_DBUS_NAME', 'net.tenshu.Terminator23558193cd9818af7fe4d2c2f5bd9d00f'), ('GIO_LAUNCHED_DESKTOP_FILE_PID', '2738'), ('COLCON_PREFIX_PATH', '/home/bill8/microros_ws/install'), ('ROS_DISTRO', 'humble'), ('GTK_IM_MODULE', 'ibus'), ('LOGNAME', 'bill8'), ('JOURNAL_STREAM', '8:24604'), ('_', '/usr/bin/colcon'), ('ROS_VERSION', '2'), ('XDG_SESSION_CLASS', 'user'), ('USERNAME', 'bill8'), ('TERM', 'xterm-256color'), ('GNOME_DESKTOP_SESSION_ID', 'this-is-deprecated'), ('ROS_LOCALHOST_ONLY', '0'), ('WINDOWPATH', '2'), ('PATH', '/usr/local/cuda/bin:/opt/ros/humble/bin:/home/bill8/.local/bin:/usr/local/sbin:/usr/local/bin:/usr/sbin:/usr/bin:/sbin:/bin:/usr/games:/usr/local/games:/snap/bin:/snap/bin'), ('SESSION_MANAGER', 'local/bill8:@/tmp/.ICE-unix/1956,unix/bill8:/tmp/.ICE-unix/1956'), ('INVOCATION_ID', '1401dba4e6b349cb84cb3c6a9a7dbd69'), ('XDG_MENU_PREFIX', 'gnome-'), ('LC_ADDRESS', 'pt_BR.UTF-8'), ('XDG_RUNTIME_DIR', '/run/user/1000'), ('DISPLAY', ':1'), ('TERMINATOR_DBUS_PATH', '/net/tenshu/Terminator2'), ('LANG', 'en_US.UTF-8'), ('XDG_CURRENT_DESKTOP', 'ubuntu:GNOME'), ('LC_TELEPHONE', 'pt_BR.UTF-8'), ('XMODIFIERS', '@im=ibus'), ('XDG_SESSION_DESKTOP', 'ubuntu'), ('XAUTHORITY', '/run/user/1000/gdm/Xauthority'), ('LS_COLORS', 'rs=0:di=01;34:ln=01;36:mh=00:pi=40;33:so=01;35:do=01;35:bd=40;33;01:cd=40;33;01:or=40;31;01:mi=00:su=37;41:sg=30;43:ca=30;41:tw=30;42:ow=34;42:st=37;44:ex=01;32:*.tar=01;31:*.tgz=01;31:*.arc=01;31:*.arj=01;31:*.taz=01;31:*.lha=01;31:*.lz4=01;31:*.lzh=01;31:*.lzma=01;31:*.tlz=01;31:*.txz=01;31:*.tzo=01;31:*.t7z=01;31:*.zip=01;31:*.z=01;31:*.dz=01;31:*.gz=01;31:*.lrz=01;31:*.lz=01;31:*.lzo=01;31:*.xz=01;31:*.zst=01;31:*.tzst=01;31:*.bz2=01;31:*.bz=01;31:*.tbz=01;31:*.tbz2=01;31:*.tz=01;31:*.deb=01;31:*.rpm=01;31:*.jar=01;31:*.war=01;31:*.ear=01;31:*.sar=01;31:*.rar=01;31:*.alz=01;31:*.ace=01;31:*.zoo=01;31:*.cpio=01;31:*.7z=01;31:*.rz=01;31:*.cab=01;31:*.wim=01;31:*.swm=01;31:*.dwm=01;31:*.esd=01;31:*.jpg=01;35:*.jpeg=01;35:*.mjpg=01;35:*.mjpeg=01;35:*.gif=01;35:*.bmp=01;35:*.pbm=01;35:*.pgm=01;35:*.ppm=01;35:*.tga=01;35:*.xbm=01;35:*.xpm=01;35:*.tif=01;35:*.tiff=01;35:*.png=01;35:*.svg=01;35:*.svgz=01;35:*.mng=01;35:*.pcx=01;35:*.mov=01;35:*.mpg=01;35:*.mpeg=01;35:*.m2v=01;35:*.mkv=01;35:*.webm=01;35:*.webp=01;35:*.ogm=01;35:*.mp4=01;35:*.m4v=01;35:*.mp4v=01;35:*.vob=01;35:*.qt=01;35:*.nuv=01;35:*.wmv=01;35:*.asf=01;35:*.rm=01;35:*.rmvb=01;35:*.flc=01;35:*.avi=01;35:*.fli=01;35:*.flv=01;35:*.gl=01;35:*.dl=01;35:*.xcf=01;35:*.xwd=01;35:*.yuv=01;35:*.cgm=01;35:*.emf=01;35:*.ogv=01;35:*.ogx=01;35:*.aac=00;36:*.au=00;36:*.flac=00;36:*.m4a=00;36:*.mid=00;36:*.midi=00;36:*.mka=00;36:*.mp3=00;36:*.mpc=00;36:*.ogg=00;36:*.ra=00;36:*.wav=00;36:*.oga=00;36:*.opus=00;36:*.spx=00;36:*.xspf=00;36:'), ('SSH_AGENT_LAUNCHER', 'gnome-keyring'), ('SSH_AUTH_SOCK', '/run/user/1000/keyring/ssh'), ('AMENT_PREFIX_PATH', '/home/bill8/microros_ws/install/micro_ros_setup:/home/bill8/microros_ws/install/micro_ros_agent:/home/bill8/microros_ws/install/micro_ros_msgs:/opt/ros/humble'), ('SHELL', '/bin/bash'), ('LC_NAME', 'pt_BR.UTF-8'), ('TERMINATOR_UUID', 'urn:uuid:5e4fd70b-c729-4cac-97be-7af8ed2be7ba'), ('QT_ACCESSIBILITY', '1'), ('GDMSESSION', 'ubuntu'), ('LESSCLOSE', '/usr/bin/lesspipe %s %s'), ('LC_MEASUREMENT', 'pt_BR.UTF-8'), ('GPG_AGENT_INFO', '/run/user/1000/gnupg/S.gpg-agent:0:1'), ('LC_IDENTIFICATION', 'pt_BR.UTF-8'), ('QT_IM_MODULE', 'ibus'), ('PWD', '/home/bill8/billeagle_ws/lslidar_ws/build/lslidar_msgs'), ('XDG_CONFIG_DIRS', '/etc/xdg/xdg-ubuntu:/etc/xdg'), ('XDG_DATA_DIRS', '/usr/share/ubuntu:/usr/share/gnome:/usr/local/share/:/usr/share/:/var/lib/snapd/desktop'), ('PYTHONPATH', '/home/bill8/microros_ws/install/micro_ros_msgs/local/lib/python3.10/dist-packages:/opt/ros/humble/lib/python3.10/site-packages:/opt/ros/humble/local/lib/python3.10/dist-packages'), ('LC_NUMERIC', 'pt_BR.UTF-8'), ('LC_PAPER', 'pt_BR.UTF-8'), ('COLCON', '1'), ('VTE_VERSION', '6800'), ('CMAKE_PREFIX_PATH', '/home/bill8/microros_ws/install/micro_ros_setup:/home/bill8/microros_ws/install/micro_ros_agent:/home/bill8/microros_ws/install/micro_ros_msgs:/opt/ros/humble')]), 'shell': False}
[4.609792] (-) TimerEvent: {}
[4.625683] (lslidar_msgs) StdoutLine: {'line': b'-- Install configuration: ""\n'}
[4.625970] (lslidar_msgs) StdoutLine: {'line': b'-- Installing: /home/bill8/billeagle_ws/lslidar_ws/install/lslidar_msgs/share/ament_index/resource_index/rosidl_interfaces/lslidar_msgs\n'}
[4.626009] (lslidar_msgs) StdoutLine: {'line': b'-- Up-to-date: /home/bill8/billeagle_ws/lslidar_ws/install/lslidar_msgs/include/lslidar_msgs/lslidar_msgs\n'}
[4.626040] (lslidar_msgs) StdoutLine: {'line': b'-- Up-to-date: /home/bill8/billeagle_ws/lslidar_ws/install/lslidar_msgs/include/lslidar_msgs/lslidar_msgs/msg\n'}
[4.626066] (lslidar_msgs) StdoutLine: {'line': b'-- Up-to-date: /home/bill8/billeagle_ws/lslidar_ws/install/lslidar_msgs/include/lslidar_msgs/lslidar_msgs/msg/detail\n'}
[4.626096] (lslidar_msgs) StdoutLine: {'line': b'-- Installing: /home/bill8/billeagle_ws/lslidar_ws/install/lslidar_msgs/include/lslidar_msgs/lslidar_msgs/msg/detail/lslidar_difop__functions.h\n'}
[4.626120] (lslidar_msgs) StdoutLine: {'line': b'-- Installing: /home/bill8/billeagle_ws/lslidar_ws/install/lslidar_msgs/include/lslidar_msgs/lslidar_msgs/msg/detail/lslidar_point__functions.c\n'}
[4.626188] (lslidar_msgs) StdoutLine: {'line': b'-- Installing: /home/bill8/billeagle_ws/lslidar_ws/install/lslidar_msgs/include/lslidar_msgs/lslidar_msgs/msg/detail/lslidar_packet__functions.c\n'}
[4.626215] (lslidar_msgs) StdoutLine: {'line': b'-- Installing: /home/bill8/billeagle_ws/lslidar_ws/install/lslidar_msgs/include/lslidar_msgs/lslidar_msgs/msg/detail/lslidar_packet__functions.h\n'}
[4.626240] (lslidar_msgs) StdoutLine: {'line': b'-- Installing: /home/bill8/billeagle_ws/lslidar_ws/install/lslidar_msgs/include/lslidar_msgs/lslidar_msgs/msg/detail/lslidar_sweep__functions.h\n'}
[4.626265] (lslidar_msgs) StdoutLine: {'line': b'-- Installing: /home/bill8/billeagle_ws/lslidar_ws/install/lslidar_msgs/include/lslidar_msgs/lslidar_msgs/msg/detail/lslidar_point__functions.h\n'}
[4.626331] (lslidar_msgs) StdoutLine: {'line': b'-- Installing: /home/bill8/billeagle_ws/lslidar_ws/install/lslidar_msgs/include/lslidar_msgs/lslidar_msgs/msg/detail/lslidar_sweep__type_support.h\n'}
[4.626357] (lslidar_msgs) StdoutLine: {'line': b'-- Installing: /home/bill8/billeagle_ws/lslidar_ws/install/lslidar_msgs/include/lslidar_msgs/lslidar_msgs/msg/detail/lslidar_difop__type_support.h\n'}
[4.626382] (lslidar_msgs) StdoutLine: {'line': b'-- Installing: /home/bill8/billeagle_ws/lslidar_ws/install/lslidar_msgs/include/lslidar_msgs/lslidar_msgs/msg/detail/lslidar_difop__struct.h\n'}
[4.626408] (lslidar_msgs) StdoutLine: {'line': b'-- Installing: /home/bill8/billeagle_ws/lslidar_ws/install/lslidar_msgs/include/lslidar_msgs/lslidar_msgs/msg/detail/lslidar_scan__struct.h\n'}
[4.626433] (lslidar_msgs) StdoutLine: {'line': b'-- Installing: /home/bill8/billeagle_ws/lslidar_ws/install/lslidar_msgs/include/lslidar_msgs/lslidar_msgs/msg/detail/lslidar_scan__functions.c\n'}
[4.626457] (lslidar_msgs) StdoutLine: {'line': b'-- Installing: /home/bill8/billeagle_ws/lslidar_ws/install/lslidar_msgs/include/lslidar_msgs/lslidar_msgs/msg/detail/lslidar_scan__functions.h\n'}
[4.626481] (lslidar_msgs) StdoutLine: {'line': b'-- Installing: /home/bill8/billeagle_ws/lslidar_ws/install/lslidar_msgs/include/lslidar_msgs/lslidar_msgs/msg/detail/lslidar_point__struct.h\n'}
[4.626541] (lslidar_msgs) StdoutLine: {'line': b'-- Installing: /home/bill8/billeagle_ws/lslidar_ws/install/lslidar_msgs/include/lslidar_msgs/lslidar_msgs/msg/detail/lslidar_difop__functions.c\n'}
[4.626570] (lslidar_msgs) StdoutLine: {'line': b'-- Installing: /home/bill8/billeagle_ws/lslidar_ws/install/lslidar_msgs/include/lslidar_msgs/lslidar_msgs/msg/detail/lslidar_sweep__struct.h\n'}
[4.626596] (lslidar_msgs) StdoutLine: {'line': b'-- Installing: /home/bill8/billeagle_ws/lslidar_ws/install/lslidar_msgs/include/lslidar_msgs/lslidar_msgs/msg/detail/lslidar_packet__type_support.h\n'}
[4.626621] (lslidar_msgs) StdoutLine: {'line': b'-- Installing: /home/bill8/billeagle_ws/lslidar_ws/install/lslidar_msgs/include/lslidar_msgs/lslidar_msgs/msg/detail/lslidar_scan__type_support.h\n'}
[4.626646] (lslidar_msgs) StdoutLine: {'line': b'-- Installing: /home/bill8/billeagle_ws/lslidar_ws/install/lslidar_msgs/include/lslidar_msgs/lslidar_msgs/msg/detail/lslidar_packet__struct.h\n'}
[4.626707] (lslidar_msgs) StdoutLine: {'line': b'-- Installing: /home/bill8/billeagle_ws/lslidar_ws/install/lslidar_msgs/include/lslidar_msgs/lslidar_msgs/msg/detail/lslidar_point__type_support.h\n'}
[4.626736] (lslidar_msgs) StdoutLine: {'line': b'-- Installing: /home/bill8/billeagle_ws/lslidar_ws/install/lslidar_msgs/include/lslidar_msgs/lslidar_msgs/msg/detail/lslidar_sweep__functions.c\n'}
[4.626762] (lslidar_msgs) StdoutLine: {'line': b'-- Installing: /home/bill8/billeagle_ws/lslidar_ws/install/lslidar_msgs/include/lslidar_msgs/lslidar_msgs/msg/lslidar_sweep.h\n'}
[4.626787] (lslidar_msgs) StdoutLine: {'line': b'-- Installing: /home/bill8/billeagle_ws/lslidar_ws/install/lslidar_msgs/include/lslidar_msgs/lslidar_msgs/msg/rosidl_generator_c__visibility_control.h\n'}
[4.626812] (lslidar_msgs) StdoutLine: {'line': b'-- Installing: /home/bill8/billeagle_ws/lslidar_ws/install/lslidar_msgs/include/lslidar_msgs/lslidar_msgs/msg/lslidar_packet.h\n'}
[4.626856] (lslidar_msgs) StdoutLine: {'line': b'-- Installing: /home/bill8/billeagle_ws/lslidar_ws/install/lslidar_msgs/include/lslidar_msgs/lslidar_msgs/msg/lslidar_difop.h\n'}
[4.626882] (lslidar_msgs) StdoutLine: {'line': b'-- Installing: /home/bill8/billeagle_ws/lslidar_ws/install/lslidar_msgs/include/lslidar_msgs/lslidar_msgs/msg/lslidar_scan.h\n'}
[4.626911] (lslidar_msgs) StdoutLine: {'line': b'-- Installing: /home/bill8/billeagle_ws/lslidar_ws/install/lslidar_msgs/include/lslidar_msgs/lslidar_msgs/msg/lslidar_point.h\n'}
[4.626935] (lslidar_msgs) StdoutLine: {'line': b'-- Installing: /home/bill8/billeagle_ws/lslidar_ws/install/lslidar_msgs/share/lslidar_msgs/environment/library_path.sh\n'}
[4.626958] (lslidar_msgs) StdoutLine: {'line': b'-- Installing: /home/bill8/billeagle_ws/lslidar_ws/install/lslidar_msgs/share/lslidar_msgs/environment/library_path.dsv\n'}
[4.627020] (lslidar_msgs) StdoutLine: {'line': b'-- Installing: /home/bill8/billeagle_ws/lslidar_ws/install/lslidar_msgs/lib/liblslidar_msgs__rosidl_generator_c.so\n'}
[4.627059] (lslidar_msgs) StdoutLine: {'line': b'-- Set non-toolchain portion of runtime path of "/home/bill8/billeagle_ws/lslidar_ws/install/lslidar_msgs/lib/liblslidar_msgs__rosidl_generator_c.so" to ""\n'}
[4.627085] (lslidar_msgs) StdoutLine: {'line': b'-- Up-to-date: /home/bill8/billeagle_ws/lslidar_ws/install/lslidar_msgs/include/lslidar_msgs/lslidar_msgs\n'}
[4.627110] (lslidar_msgs) StdoutLine: {'line': b'-- Up-to-date: /home/bill8/billeagle_ws/lslidar_ws/install/lslidar_msgs/include/lslidar_msgs/lslidar_msgs/msg\n'}
[4.627134] (lslidar_msgs) StdoutLine: {'line': b'-- Up-to-date: /home/bill8/billeagle_ws/lslidar_ws/install/lslidar_msgs/include/lslidar_msgs/lslidar_msgs/msg/detail\n'}
[4.627158] (lslidar_msgs) StdoutLine: {'line': b'-- Installing: /home/bill8/billeagle_ws/lslidar_ws/install/lslidar_msgs/include/lslidar_msgs/lslidar_msgs/msg/detail/lslidar_difop__rosidl_typesupport_fastrtps_c.h\n'}
[4.627182] (lslidar_msgs) StdoutLine: {'line': b'-- Installing: /home/bill8/billeagle_ws/lslidar_ws/install/lslidar_msgs/include/lslidar_msgs/lslidar_msgs/msg/detail/lslidar_point__rosidl_typesupport_fastrtps_c.h\n'}
[4.627228] (lslidar_msgs) StdoutLine: {'line': b'-- Installing: /home/bill8/billeagle_ws/lslidar_ws/install/lslidar_msgs/include/lslidar_msgs/lslidar_msgs/msg/detail/lslidar_scan__rosidl_typesupport_fastrtps_c.h\n'}
[4.627286] (lslidar_msgs) StdoutLine: {'line': b'-- Installing: /home/bill8/billeagle_ws/lslidar_ws/install/lslidar_msgs/include/lslidar_msgs/lslidar_msgs/msg/detail/lslidar_packet__rosidl_typesupport_fastrtps_c.h\n'}
[4.627312] (lslidar_msgs) StdoutLine: {'line': b'-- Installing: /home/bill8/billeagle_ws/lslidar_ws/install/lslidar_msgs/include/lslidar_msgs/lslidar_msgs/msg/detail/lslidar_sweep__rosidl_typesupport_fastrtps_c.h\n'}
[4.627337] (lslidar_msgs) StdoutLine: {'line': b'-- Installing: /home/bill8/billeagle_ws/lslidar_ws/install/lslidar_msgs/include/lslidar_msgs/lslidar_msgs/msg/rosidl_typesupport_fastrtps_c__visibility_control.h\n'}
[4.627361] (lslidar_msgs) StdoutLine: {'line': b'-- Installing: /home/bill8/billeagle_ws/lslidar_ws/install/lslidar_msgs/lib/liblslidar_msgs__rosidl_typesupport_fastrtps_c.so\n'}
[4.627406] (lslidar_msgs) StdoutLine: {'line': b'-- Set non-toolchain portion of runtime path of "/home/bill8/billeagle_ws/lslidar_ws/install/lslidar_msgs/lib/liblslidar_msgs__rosidl_typesupport_fastrtps_c.so" to ""\n'}
[4.627459] (lslidar_msgs) StdoutLine: {'line': b'-- Up-to-date: /home/bill8/billeagle_ws/lslidar_ws/install/lslidar_msgs/include/lslidar_msgs/lslidar_msgs\n'}
[4.627486] (lslidar_msgs) StdoutLine: {'line': b'-- Up-to-date: /home/bill8/billeagle_ws/lslidar_ws/install/lslidar_msgs/include/lslidar_msgs/lslidar_msgs/msg\n'}
[4.627512] (lslidar_msgs) StdoutLine: {'line': b'-- Up-to-date: /home/bill8/billeagle_ws/lslidar_ws/install/lslidar_msgs/include/lslidar_msgs/lslidar_msgs/msg/detail\n'}
[4.627537] (lslidar_msgs) StdoutLine: {'line': b'-- Installing: /home/bill8/billeagle_ws/lslidar_ws/install/lslidar_msgs/include/lslidar_msgs/lslidar_msgs/msg/detail/lslidar_scan__traits.hpp\n'}
[4.627581] (lslidar_msgs) StdoutLine: {'line': b'-- Installing: /home/bill8/billeagle_ws/lslidar_ws/install/lslidar_msgs/include/lslidar_msgs/lslidar_msgs/msg/detail/lslidar_sweep__type_support.hpp\n'}
[4.627634] (lslidar_msgs) StdoutLine: {'line': b'-- Installing: /home/bill8/billeagle_ws/lslidar_ws/install/lslidar_msgs/include/lslidar_msgs/lslidar_msgs/msg/detail/lslidar_packet__type_support.hpp\n'}
[4.627661] (lslidar_msgs) StdoutLine: {'line': b'-- Installing: /home/bill8/billeagle_ws/lslidar_ws/install/lslidar_msgs/include/lslidar_msgs/lslidar_msgs/msg/detail/lslidar_point__struct.hpp\n'}
[4.627687] (lslidar_msgs) StdoutLine: {'line': b'-- Installing: /home/bill8/billeagle_ws/lslidar_ws/install/lslidar_msgs/include/lslidar_msgs/lslidar_msgs/msg/detail/lslidar_point__type_support.hpp\n'}
[4.627716] (lslidar_msgs) StdoutLine: {'line': b'-- Installing: /home/bill8/billeagle_ws/lslidar_ws/install/lslidar_msgs/include/lslidar_msgs/lslidar_msgs/msg/detail/lslidar_difop__type_support.hpp\n'}
[4.627763] (lslidar_msgs) StdoutLine: {'line': b'-- Installing: /home/bill8/billeagle_ws/lslidar_ws/install/lslidar_msgs/include/lslidar_msgs/lslidar_msgs/msg/detail/lslidar_sweep__struct.hpp\n'}
[4.627815] (lslidar_msgs) StdoutLine: {'line': b'-- Installing: /home/bill8/billeagle_ws/lslidar_ws/install/lslidar_msgs/include/lslidar_msgs/lslidar_msgs/msg/detail/lslidar_difop__traits.hpp\n'}
[4.627843] (lslidar_msgs) StdoutLine: {'line': b'-- Installing: /home/bill8/billeagle_ws/lslidar_ws/install/lslidar_msgs/include/lslidar_msgs/lslidar_msgs/msg/detail/lslidar_sweep__traits.hpp\n'}
[4.627868] (lslidar_msgs) StdoutLine: {'line': b'-- Installing: /home/bill8/billeagle_ws/lslidar_ws/install/lslidar_msgs/include/lslidar_msgs/lslidar_msgs/msg/detail/lslidar_sweep__builder.hpp\n'}
[4.627899] (lslidar_msgs) StdoutLine: {'line': b'-- Installing: /home/bill8/billeagle_ws/lslidar_ws/install/lslidar_msgs/include/lslidar_msgs/lslidar_msgs/msg/detail/lslidar_scan__struct.hpp\n'}
[4.627946] (lslidar_msgs) StdoutLine: {'line': b'-- Installing: /home/bill8/billeagle_ws/lslidar_ws/install/lslidar_msgs/include/lslidar_msgs/lslidar_msgs/msg/detail/lslidar_packet__builder.hpp\n'}
[4.627972] (lslidar_msgs) StdoutLine: {'line': b'-- Installing: /home/bill8/billeagle_ws/lslidar_ws/install/lslidar_msgs/include/lslidar_msgs/lslidar_msgs/msg/detail/lslidar_scan__type_support.hpp\n'}
[4.628022] (lslidar_msgs) StdoutLine: {'line': b'-- Installing: /home/bill8/billeagle_ws/lslidar_ws/install/lslidar_msgs/include/lslidar_msgs/lslidar_msgs/msg/detail/lslidar_difop__struct.hpp\n'}
[4.628049] (lslidar_msgs) StdoutLine: {'line': b'-- Installing: /home/bill8/billeagle_ws/lslidar_ws/install/lslidar_msgs/include/lslidar_msgs/lslidar_msgs/msg/detail/lslidar_packet__traits.hpp\n'}
[4.628075] (lslidar_msgs) StdoutLine: {'line': b'-- Installing: /home/bill8/billeagle_ws/lslidar_ws/install/lslidar_msgs/include/lslidar_msgs/lslidar_msgs/msg/detail/lslidar_point__traits.hpp\n'}
[4.628121] (lslidar_msgs) StdoutLine: {'line': b'-- Installing: /home/bill8/billeagle_ws/lslidar_ws/install/lslidar_msgs/include/lslidar_msgs/lslidar_msgs/msg/detail/lslidar_point__builder.hpp\n'}
[4.628147] (lslidar_msgs) StdoutLine: {'line': b'-- Installing: /home/bill8/billeagle_ws/lslidar_ws/install/lslidar_msgs/include/lslidar_msgs/lslidar_msgs/msg/detail/lslidar_packet__struct.hpp\n'}
[4.628197] (lslidar_msgs) StdoutLine: {'line': b'-- Installing: /home/bill8/billeagle_ws/lslidar_ws/install/lslidar_msgs/include/lslidar_msgs/lslidar_msgs/msg/detail/lslidar_difop__builder.hpp\n'}
[4.628224] (lslidar_msgs) StdoutLine: {'line': b'-- Installing: /home/bill8/billeagle_ws/lslidar_ws/install/lslidar_msgs/include/lslidar_msgs/lslidar_msgs/msg/detail/lslidar_scan__builder.hpp\n'}
[4.628250] (lslidar_msgs) StdoutLine: {'line': b'-- Installing: /home/bill8/billeagle_ws/lslidar_ws/install/lslidar_msgs/include/lslidar_msgs/lslidar_msgs/msg/lslidar_packet.hpp\n'}
[4.628291] (lslidar_msgs) StdoutLine: {'line': b'-- Installing: /home/bill8/billeagle_ws/lslidar_ws/install/lslidar_msgs/include/lslidar_msgs/lslidar_msgs/msg/lslidar_difop.hpp\n'}
[4.628317] (lslidar_msgs) StdoutLine: {'line': b'-- Installing: /home/bill8/billeagle_ws/lslidar_ws/install/lslidar_msgs/include/lslidar_msgs/lslidar_msgs/msg/rosidl_generator_cpp__visibility_control.hpp\n'}
[4.628367] (lslidar_msgs) StdoutLine: {'line': b'-- Installing: /home/bill8/billeagle_ws/lslidar_ws/install/lslidar_msgs/include/lslidar_msgs/lslidar_msgs/msg/lslidar_point.hpp\n'}
[4.628394] (lslidar_msgs) StdoutLine: {'line': b'-- Installing: /home/bill8/billeagle_ws/lslidar_ws/install/lslidar_msgs/include/lslidar_msgs/lslidar_msgs/msg/lslidar_scan.hpp\n'}
[4.628419] (lslidar_msgs) StdoutLine: {'line': b'-- Installing: /home/bill8/billeagle_ws/lslidar_ws/install/lslidar_msgs/include/lslidar_msgs/lslidar_msgs/msg/lslidar_sweep.hpp\n'}
[4.628476] (lslidar_msgs) StdoutLine: {'line': b'-- Up-to-date: /home/bill8/billeagle_ws/lslidar_ws/install/lslidar_msgs/include/lslidar_msgs/lslidar_msgs\n'}
[4.628502] (lslidar_msgs) StdoutLine: {'line': b'-- Up-to-date: /home/bill8/billeagle_ws/lslidar_ws/install/lslidar_msgs/include/lslidar_msgs/lslidar_msgs/msg\n'}
[4.628528] (lslidar_msgs) StdoutLine: {'line': b'-- Up-to-date: /home/bill8/billeagle_ws/lslidar_ws/install/lslidar_msgs/include/lslidar_msgs/lslidar_msgs/msg/detail\n'}
[4.628553] (lslidar_msgs) StdoutLine: {'line': b'-- Installing: /home/bill8/billeagle_ws/lslidar_ws/install/lslidar_msgs/include/lslidar_msgs/lslidar_msgs/msg/detail/lslidar_sweep__rosidl_typesupport_fastrtps_cpp.hpp\n'}
[4.628602] (lslidar_msgs) StdoutLine: {'line': b'-- Installing: /home/bill8/billeagle_ws/lslidar_ws/install/lslidar_msgs/include/lslidar_msgs/lslidar_msgs/msg/detail/lslidar_scan__rosidl_typesupport_fastrtps_cpp.hpp\n'}
[4.628628] (lslidar_msgs) StdoutLine: {'line': b'-- Installing: /home/bill8/billeagle_ws/lslidar_ws/install/lslidar_msgs/include/lslidar_msgs/lslidar_msgs/msg/detail/lslidar_packet__rosidl_typesupport_fastrtps_cpp.hpp\n'}
[4.628654] (lslidar_msgs) StdoutLine: {'line': b'-- Up-to-date: /home/bill8/billeagle_ws/lslidar_ws/install/lslidar_msgs/include/lslidar_msgs/lslidar_msgs/msg/detail/dds_fastrtps\n'}
[4.628704] (lslidar_msgs) StdoutLine: {'line': b'-- Installing: /home/bill8/billeagle_ws/lslidar_ws/install/lslidar_msgs/include/lslidar_msgs/lslidar_msgs/msg/detail/lslidar_difop__rosidl_typesupport_fastrtps_cpp.hpp\n'}
[4.628732] (lslidar_msgs) StdoutLine: {'line': b'-- Installing: /home/bill8/billeagle_ws/lslidar_ws/install/lslidar_msgs/include/lslidar_msgs/lslidar_msgs/msg/detail/lslidar_point__rosidl_typesupport_fastrtps_cpp.hpp\n'}
[4.628758] (lslidar_msgs) StdoutLine: {'line': b'-- Installing: /home/bill8/billeagle_ws/lslidar_ws/install/lslidar_msgs/include/lslidar_msgs/lslidar_msgs/msg/rosidl_typesupport_fastrtps_cpp__visibility_control.h\n'}
[4.628802] (lslidar_msgs) StdoutLine: {'line': b'-- Installing: /home/bill8/billeagle_ws/lslidar_ws/install/lslidar_msgs/lib/liblslidar_msgs__rosidl_typesupport_fastrtps_cpp.so\n'}
[4.628853] (lslidar_msgs) StdoutLine: {'line': b'-- Set non-toolchain portion of runtime path of "/home/bill8/billeagle_ws/lslidar_ws/install/lslidar_msgs/lib/liblslidar_msgs__rosidl_typesupport_fastrtps_cpp.so" to ""\n'}
[4.628883] (lslidar_msgs) StdoutLine: {'line': b'-- Up-to-date: /home/bill8/billeagle_ws/lslidar_ws/install/lslidar_msgs/include/lslidar_msgs/lslidar_msgs\n'}
[4.628911] (lslidar_msgs) StdoutLine: {'line': b'-- Up-to-date: /home/bill8/billeagle_ws/lslidar_ws/install/lslidar_msgs/include/lslidar_msgs/lslidar_msgs/msg\n'}
[4.628958] (lslidar_msgs) StdoutLine: {'line': b'-- Up-to-date: /home/bill8/billeagle_ws/lslidar_ws/install/lslidar_msgs/include/lslidar_msgs/lslidar_msgs/msg/detail\n'}
[4.628985] (lslidar_msgs) StdoutLine: {'line': b'-- Installing: /home/bill8/billeagle_ws/lslidar_ws/install/lslidar_msgs/include/lslidar_msgs/lslidar_msgs/msg/detail/lslidar_point__rosidl_typesupport_introspection_c.h\n'}
[4.629034] (lslidar_msgs) StdoutLine: {'line': b'-- Installing: /home/bill8/billeagle_ws/lslidar_ws/install/lslidar_msgs/include/lslidar_msgs/lslidar_msgs/msg/detail/lslidar_sweep__type_support.c\n'}
[4.629061] (lslidar_msgs) StdoutLine: {'line': b'-- Installing: /home/bill8/billeagle_ws/lslidar_ws/install/lslidar_msgs/include/lslidar_msgs/lslidar_msgs/msg/detail/lslidar_point__type_support.c\n'}
[4.629085] (lslidar_msgs) StdoutLine: {'line': b'-- Installing: /home/bill8/billeagle_ws/lslidar_ws/install/lslidar_msgs/include/lslidar_msgs/lslidar_msgs/msg/detail/lslidar_difop__type_support.c\n'}
[4.629127] (lslidar_msgs) StdoutLine: {'line': b'-- Installing: /home/bill8/billeagle_ws/lslidar_ws/install/lslidar_msgs/include/lslidar_msgs/lslidar_msgs/msg/detail/lslidar_sweep__rosidl_typesupport_introspection_c.h\n'}
[4.629152] (lslidar_msgs) StdoutLine: {'line': b'-- Installing: /home/bill8/billeagle_ws/lslidar_ws/install/lslidar_msgs/include/lslidar_msgs/lslidar_msgs/msg/detail/lslidar_packet__rosidl_typesupport_introspection_c.h\n'}
[4.629203] (lslidar_msgs) StdoutLine: {'line': b'-- Installing: /home/bill8/billeagle_ws/lslidar_ws/install/lslidar_msgs/include/lslidar_msgs/lslidar_msgs/msg/detail/lslidar_scan__rosidl_typesupport_introspection_c.h\n'}
[4.629248] (lslidar_msgs) StdoutLine: {'line': b'-- Installing: /home/bill8/billeagle_ws/lslidar_ws/install/lslidar_msgs/include/lslidar_msgs/lslidar_msgs/msg/detail/lslidar_scan__type_support.c\n'}
[4.629273] (lslidar_msgs) StdoutLine: {'line': b'-- Installing: /home/bill8/billeagle_ws/lslidar_ws/install/lslidar_msgs/include/lslidar_msgs/lslidar_msgs/msg/detail/lslidar_difop__rosidl_typesupport_introspection_c.h\n'}
[4.629297] (lslidar_msgs) StdoutLine: {'line': b'-- Installing: /home/bill8/billeagle_ws/lslidar_ws/install/lslidar_msgs/include/lslidar_msgs/lslidar_msgs/msg/detail/lslidar_packet__type_support.c\n'}
[4.629321] (lslidar_msgs) StdoutLine: {'line': b'-- Installing: /home/bill8/billeagle_ws/lslidar_ws/install/lslidar_msgs/include/lslidar_msgs/lslidar_msgs/msg/rosidl_typesupport_introspection_c__visibility_control.h\n'}
[4.629365] (lslidar_msgs) StdoutLine: {'line': b'-- Installing: /home/bill8/billeagle_ws/lslidar_ws/install/lslidar_msgs/lib/liblslidar_msgs__rosidl_typesupport_introspection_c.so\n'}
[4.629410] (lslidar_msgs) StdoutLine: {'line': b'-- Set non-toolchain portion of runtime path of "/home/bill8/billeagle_ws/lslidar_ws/install/lslidar_msgs/lib/liblslidar_msgs__rosidl_typesupport_introspection_c.so" to ""\n'}
[4.629456] (lslidar_msgs) StdoutLine: {'line': b'-- Installing: /home/bill8/billeagle_ws/lslidar_ws/install/lslidar_msgs/lib/liblslidar_msgs__rosidl_typesupport_c.so\n'}
[4.629513] (lslidar_msgs) StdoutLine: {'line': b'-- Set non-toolchain portion of runtime path of "/home/bill8/billeagle_ws/lslidar_ws/install/lslidar_msgs/lib/liblslidar_msgs__rosidl_typesupport_c.so" to ""\n'}
[4.629559] (lslidar_msgs) StdoutLine: {'line': b'-- Up-to-date: /home/bill8/billeagle_ws/lslidar_ws/install/lslidar_msgs/include/lslidar_msgs/lslidar_msgs\n'}
[4.629607] (lslidar_msgs) StdoutLine: {'line': b'-- Up-to-date: /home/bill8/billeagle_ws/lslidar_ws/install/lslidar_msgs/include/lslidar_msgs/lslidar_msgs/msg\n'}
[4.629634] (lslidar_msgs) StdoutLine: {'line': b'-- Up-to-date: /home/bill8/billeagle_ws/lslidar_ws/install/lslidar_msgs/include/lslidar_msgs/lslidar_msgs/msg/detail\n'}
[4.629681] (lslidar_msgs) StdoutLine: {'line': b'-- Installing: /home/bill8/billeagle_ws/lslidar_ws/install/lslidar_msgs/include/lslidar_msgs/lslidar_msgs/msg/detail/lslidar_difop__rosidl_typesupport_introspection_cpp.hpp\n'}
[4.629706] (lslidar_msgs) StdoutLine: {'line': b'-- Installing: /home/bill8/billeagle_ws/lslidar_ws/install/lslidar_msgs/include/lslidar_msgs/lslidar_msgs/msg/detail/lslidar_point__rosidl_typesupport_introspection_cpp.hpp\n'}
[4.629752] (lslidar_msgs) StdoutLine: {'line': b'-- Installing: /home/bill8/billeagle_ws/lslidar_ws/install/lslidar_msgs/include/lslidar_msgs/lslidar_msgs/msg/detail/lslidar_point__type_support.cpp\n'}
[4.629781] (lslidar_msgs) StdoutLine: {'line': b'-- Installing: /home/bill8/billeagle_ws/lslidar_ws/install/lslidar_msgs/include/lslidar_msgs/lslidar_msgs/msg/detail/lslidar_scan__rosidl_typesupport_introspection_cpp.hpp\n'}
[4.629828] (lslidar_msgs) StdoutLine: {'line': b'-- Installing: /home/bill8/billeagle_ws/lslidar_ws/install/lslidar_msgs/include/lslidar_msgs/lslidar_msgs/msg/detail/lslidar_sweep__type_support.cpp\n'}
[4.629854] (lslidar_msgs) StdoutLine: {'line': b'-- Installing: /home/bill8/billeagle_ws/lslidar_ws/install/lslidar_msgs/include/lslidar_msgs/lslidar_msgs/msg/detail/lslidar_sweep__rosidl_typesupport_introspection_cpp.hpp\n'}
[4.629905] (lslidar_msgs) StdoutLine: {'line': b'-- Installing: /home/bill8/billeagle_ws/lslidar_ws/install/lslidar_msgs/include/lslidar_msgs/lslidar_msgs/msg/detail/lslidar_packet__rosidl_typesupport_introspection_cpp.hpp\n'}
[4.629934] (lslidar_msgs) StdoutLine: {'line': b'-- Installing: /home/bill8/billeagle_ws/lslidar_ws/install/lslidar_msgs/include/lslidar_msgs/lslidar_msgs/msg/detail/lslidar_packet__type_support.cpp\n'}
[4.629982] (lslidar_msgs) StdoutLine: {'line': b'-- Installing: /home/bill8/billeagle_ws/lslidar_ws/install/lslidar_msgs/include/lslidar_msgs/lslidar_msgs/msg/detail/lslidar_scan__type_support.cpp\n'}
[4.630007] (lslidar_msgs) StdoutLine: {'line': b'-- Installing: /home/bill8/billeagle_ws/lslidar_ws/install/lslidar_msgs/include/lslidar_msgs/lslidar_msgs/msg/detail/lslidar_difop__type_support.cpp\n'}
[4.630051] (lslidar_msgs) StdoutLine: {'line': b'-- Installing: /home/bill8/billeagle_ws/lslidar_ws/install/lslidar_msgs/lib/liblslidar_msgs__rosidl_typesupport_introspection_cpp.so\n'}
[4.630124] (lslidar_msgs) StdoutLine: {'line': b'-- Set non-toolchain portion of runtime path of "/home/bill8/billeagle_ws/lslidar_ws/install/lslidar_msgs/lib/liblslidar_msgs__rosidl_typesupport_introspection_cpp.so" to ""\n'}
[4.630164] (lslidar_msgs) StdoutLine: {'line': b'-- Installing: /home/bill8/billeagle_ws/lslidar_ws/install/lslidar_msgs/lib/liblslidar_msgs__rosidl_typesupport_cpp.so\n'}
[4.630266] (lslidar_msgs) StdoutLine: {'line': b'-- Set non-toolchain portion of runtime path of "/home/bill8/billeagle_ws/lslidar_ws/install/lslidar_msgs/lib/liblslidar_msgs__rosidl_typesupport_cpp.so" to ""\n'}
[4.630346] (lslidar_msgs) StdoutLine: {'line': b'-- Installing: /home/bill8/billeagle_ws/lslidar_ws/install/lslidar_msgs/share/lslidar_msgs/environment/pythonpath.sh\n'}
[4.630392] (lslidar_msgs) StdoutLine: {'line': b'-- Installing: /home/bill8/billeagle_ws/lslidar_ws/install/lslidar_msgs/share/lslidar_msgs/environment/pythonpath.dsv\n'}
[4.630457] (lslidar_msgs) StdoutLine: {'line': b'-- Installing: /home/bill8/billeagle_ws/lslidar_ws/install/lslidar_msgs/local/lib/python3.10/dist-packages/lslidar_msgs-1.2.0-py3.10.egg-info\n'}
[4.630541] (lslidar_msgs) StdoutLine: {'line': b'-- Installing: /home/bill8/billeagle_ws/lslidar_ws/install/lslidar_msgs/local/lib/python3.10/dist-packages/lslidar_msgs-1.2.0-py3.10.egg-info/PKG-INFO\n'}
[4.630584] (lslidar_msgs) StdoutLine: {'line': b'-- Installing: /home/bill8/billeagle_ws/lslidar_ws/install/lslidar_msgs/local/lib/python3.10/dist-packages/lslidar_msgs-1.2.0-py3.10.egg-info/top_level.txt\n'}
[4.630625] (lslidar_msgs) StdoutLine: {'line': b'-- Installing: /home/bill8/billeagle_ws/lslidar_ws/install/lslidar_msgs/local/lib/python3.10/dist-packages/lslidar_msgs-1.2.0-py3.10.egg-info/dependency_links.txt\n'}
[4.630667] (lslidar_msgs) StdoutLine: {'line': b'-- Installing: /home/bill8/billeagle_ws/lslidar_ws/install/lslidar_msgs/local/lib/python3.10/dist-packages/lslidar_msgs-1.2.0-py3.10.egg-info/SOURCES.txt\n'}
[4.630731] (lslidar_msgs) StdoutLine: {'line': b'-- Installing: /home/bill8/billeagle_ws/lslidar_ws/install/lslidar_msgs/local/lib/python3.10/dist-packages/lslidar_msgs\n'}
[4.630794] (lslidar_msgs) StdoutLine: {'line': b'-- Installing: /home/bill8/billeagle_ws/lslidar_ws/install/lslidar_msgs/local/lib/python3.10/dist-packages/lslidar_msgs/_lslidar_msgs_s.ep.rosidl_typesupport_introspection_c.c\n'}
[4.630823] (lslidar_msgs) StdoutLine: {'line': b'-- Installing: /home/bill8/billeagle_ws/lslidar_ws/install/lslidar_msgs/local/lib/python3.10/dist-packages/lslidar_msgs/msg\n'}
[4.630849] (lslidar_msgs) StdoutLine: {'line': b'-- Installing: /home/bill8/billeagle_ws/lslidar_ws/install/lslidar_msgs/local/lib/python3.10/dist-packages/lslidar_msgs/msg/_lslidar_sweep.py\n'}
[4.630875] (lslidar_msgs) StdoutLine: {'line': b'-- Installing: /home/bill8/billeagle_ws/lslidar_ws/install/lslidar_msgs/local/lib/python3.10/dist-packages/lslidar_msgs/msg/_lslidar_point.py\n'}
[4.630931] (lslidar_msgs) StdoutLine: {'line': b'-- Installing: /home/bill8/billeagle_ws/lslidar_ws/install/lslidar_msgs/local/lib/python3.10/dist-packages/lslidar_msgs/msg/_lslidar_sweep_s.c\n'}
[4.630959] (lslidar_msgs) StdoutLine: {'line': b'-- Installing: /home/bill8/billeagle_ws/lslidar_ws/install/lslidar_msgs/local/lib/python3.10/dist-packages/lslidar_msgs/msg/_lslidar_scan.py\n'}
[4.631010] (lslidar_msgs) StdoutLine: {'line': b'-- Installing: /home/bill8/billeagle_ws/lslidar_ws/install/lslidar_msgs/local/lib/python3.10/dist-packages/lslidar_msgs/msg/_lslidar_packet_s.c\n'}
[4.631056] (lslidar_msgs) StdoutLine: {'line': b'-- Installing: /home/bill8/billeagle_ws/lslidar_ws/install/lslidar_msgs/local/lib/python3.10/dist-packages/lslidar_msgs/msg/_lslidar_difop.py\n'}
[4.631091] (lslidar_msgs) StdoutLine: {'line': b'-- Installing: /home/bill8/billeagle_ws/lslidar_ws/install/lslidar_msgs/local/lib/python3.10/dist-packages/lslidar_msgs/msg/_lslidar_packet.py\n'}
[4.631127] (lslidar_msgs) StdoutLine: {'line': b'-- Installing: /home/bill8/billeagle_ws/lslidar_ws/install/lslidar_msgs/local/lib/python3.10/dist-packages/lslidar_msgs/msg/__init__.py\n'}
[4.631168] (lslidar_msgs) StdoutLine: {'line': b'-- Installing: /home/bill8/billeagle_ws/lslidar_ws/install/lslidar_msgs/local/lib/python3.10/dist-packages/lslidar_msgs/msg/_lslidar_point_s.c\n'}
[4.631193] (lslidar_msgs) StdoutLine: {'line': b'-- Installing: /home/bill8/billeagle_ws/lslidar_ws/install/lslidar_msgs/local/lib/python3.10/dist-packages/lslidar_msgs/msg/_lslidar_difop_s.c\n'}
[4.631219] (lslidar_msgs) StdoutLine: {'line': b'-- Installing: /home/bill8/billeagle_ws/lslidar_ws/install/lslidar_msgs/local/lib/python3.10/dist-packages/lslidar_msgs/msg/_lslidar_scan_s.c\n'}
[4.631270] (lslidar_msgs) StdoutLine: {'line': b'-- Installing: /home/bill8/billeagle_ws/lslidar_ws/install/lslidar_msgs/local/lib/python3.10/dist-packages/lslidar_msgs/_lslidar_msgs_s.ep.rosidl_typesupport_fastrtps_c.c\n'}
[4.631298] (lslidar_msgs) StdoutLine: {'line': b'-- Installing: /home/bill8/billeagle_ws/lslidar_ws/install/lslidar_msgs/local/lib/python3.10/dist-packages/lslidar_msgs/_lslidar_msgs_s.ep.rosidl_typesupport_c.c\n'}
[4.631343] (lslidar_msgs) StdoutLine: {'line': b'-- Installing: /home/bill8/billeagle_ws/lslidar_ws/install/lslidar_msgs/local/lib/python3.10/dist-packages/lslidar_msgs/liblslidar_msgs__rosidl_generator_py.so\n'}
[4.631369] (lslidar_msgs) StdoutLine: {'line': b'-- Installing: /home/bill8/billeagle_ws/lslidar_ws/install/lslidar_msgs/local/lib/python3.10/dist-packages/lslidar_msgs/__init__.py\n'}
[4.631411] (lslidar_msgs) StdoutLine: {'line': b'-- Installing: /home/bill8/billeagle_ws/lslidar_ws/install/lslidar_msgs/local/lib/python3.10/dist-packages/lslidar_msgs/lslidar_msgs_s__rosidl_typesupport_fastrtps_c.cpython-310-x86_64-linux-gnu.so\n'}
[4.631436] (lslidar_msgs) StdoutLine: {'line': b'-- Installing: /home/bill8/billeagle_ws/lslidar_ws/install/lslidar_msgs/local/lib/python3.10/dist-packages/lslidar_msgs/lslidar_msgs_s__rosidl_typesupport_introspection_c.cpython-310-x86_64-linux-gnu.so\n'}
[4.631460] (lslidar_msgs) StdoutLine: {'line': b'-- Installing: /home/bill8/billeagle_ws/lslidar_ws/install/lslidar_msgs/local/lib/python3.10/dist-packages/lslidar_msgs/lslidar_msgs_s__rosidl_typesupport_c.cpython-310-x86_64-linux-gnu.so\n'}
[4.665185] (lslidar_msgs) StdoutLine: {'line': b"Listing '/home/bill8/billeagle_ws/lslidar_ws/install/lslidar_msgs/local/lib/python3.10/dist-packages/lslidar_msgs'...\n"}
[4.665298] (lslidar_msgs) StdoutLine: {'line': b"Compiling '/home/bill8/billeagle_ws/lslidar_ws/install/lslidar_msgs/local/lib/python3.10/dist-packages/lslidar_msgs/__init__.py'...\n"}
[4.665329] (lslidar_msgs) StdoutLine: {'line': b"Listing '/home/bill8/billeagle_ws/lslidar_ws/install/lslidar_msgs/local/lib/python3.10/dist-packages/lslidar_msgs/msg'...\n"}
[4.665355] (lslidar_msgs) StdoutLine: {'line': b"Compiling '/home/bill8/billeagle_ws/lslidar_ws/install/lslidar_msgs/local/lib/python3.10/dist-packages/lslidar_msgs/msg/__init__.py'...\n"}
[4.665380] (lslidar_msgs) StdoutLine: {'line': b"Compiling '/home/bill8/billeagle_ws/lslidar_ws/install/lslidar_msgs/local/lib/python3.10/dist-packages/lslidar_msgs/msg/_lslidar_difop.py'...\n"}
[4.665404] (lslidar_msgs) StdoutLine: {'line': b"Compiling '/home/bill8/billeagle_ws/lslidar_ws/install/lslidar_msgs/local/lib/python3.10/dist-packages/lslidar_msgs/msg/_lslidar_packet.py'...\n"}
[4.665428] (lslidar_msgs) StdoutLine: {'line': b"Compiling '/home/bill8/billeagle_ws/lslidar_ws/install/lslidar_msgs/local/lib/python3.10/dist-packages/lslidar_msgs/msg/_lslidar_point.py'...\n"}
[4.665457] (lslidar_msgs) StdoutLine: {'line': b"Compiling '/home/bill8/billeagle_ws/lslidar_ws/install/lslidar_msgs/local/lib/python3.10/dist-packages/lslidar_msgs/msg/_lslidar_scan.py'...\n"}
[4.665480] (lslidar_msgs) StdoutLine: {'line': b"Compiling '/home/bill8/billeagle_ws/lslidar_ws/install/lslidar_msgs/local/lib/python3.10/dist-packages/lslidar_msgs/msg/_lslidar_sweep.py'...\n"}
[4.668122] (lslidar_msgs) StdoutLine: {'line': b'-- Installing: /home/bill8/billeagle_ws/lslidar_ws/install/lslidar_msgs/local/lib/python3.10/dist-packages/lslidar_msgs/lslidar_msgs_s__rosidl_typesupport_fastrtps_c.cpython-310-x86_64-linux-gnu.so\n'}
[4.668222] (lslidar_msgs) StdoutLine: {'line': b'-- Set non-toolchain portion of runtime path of "/home/bill8/billeagle_ws/lslidar_ws/install/lslidar_msgs/local/lib/python3.10/dist-packages/lslidar_msgs/lslidar_msgs_s__rosidl_typesupport_fastrtps_c.cpython-310-x86_64-linux-gnu.so" to ""\n'}
[4.668275] (lslidar_msgs) StdoutLine: {'line': b'-- Installing: /home/bill8/billeagle_ws/lslidar_ws/install/lslidar_msgs/local/lib/python3.10/dist-packages/lslidar_msgs/lslidar_msgs_s__rosidl_typesupport_introspection_c.cpython-310-x86_64-linux-gnu.so\n'}
[4.668455] (lslidar_msgs) StdoutLine: {'line': b'-- Set non-toolchain portion of runtime path of "/home/bill8/billeagle_ws/lslidar_ws/install/lslidar_msgs/local/lib/python3.10/dist-packages/lslidar_msgs/lslidar_msgs_s__rosidl_typesupport_introspection_c.cpython-310-x86_64-linux-gnu.so" to ""\n'}
[4.668542] (lslidar_msgs) StdoutLine: {'line': b'-- Installing: /home/bill8/billeagle_ws/lslidar_ws/install/lslidar_msgs/local/lib/python3.10/dist-packages/lslidar_msgs/lslidar_msgs_s__rosidl_typesupport_c.cpython-310-x86_64-linux-gnu.so\n'}
[4.668578] (lslidar_msgs) StdoutLine: {'line': b'-- Set non-toolchain portion of runtime path of "/home/bill8/billeagle_ws/lslidar_ws/install/lslidar_msgs/local/lib/python3.10/dist-packages/lslidar_msgs/lslidar_msgs_s__rosidl_typesupport_c.cpython-310-x86_64-linux-gnu.so" to ""\n'}
[4.668613] (lslidar_msgs) StdoutLine: {'line': b'-- Installing: /home/bill8/billeagle_ws/lslidar_ws/install/lslidar_msgs/lib/liblslidar_msgs__rosidl_generator_py.so\n'}
[4.668665] (lslidar_msgs) StdoutLine: {'line': b'-- Set non-toolchain portion of runtime path of "/home/bill8/billeagle_ws/lslidar_ws/install/lslidar_msgs/lib/liblslidar_msgs__rosidl_generator_py.so" to ""\n'}
[4.668729] (lslidar_msgs) StdoutLine: {'line': b'-- Installing: /home/bill8/billeagle_ws/lslidar_ws/install/lslidar_msgs/share/lslidar_msgs/msg/LslidarDifop.idl\n'}
[4.668761] (lslidar_msgs) StdoutLine: {'line': b'-- Installing: /home/bill8/billeagle_ws/lslidar_ws/install/lslidar_msgs/share/lslidar_msgs/msg/LslidarPacket.idl\n'}
[4.668796] (lslidar_msgs) StdoutLine: {'line': b'-- Installing: /home/bill8/billeagle_ws/lslidar_ws/install/lslidar_msgs/share/lslidar_msgs/msg/LslidarPoint.idl\n'}
[4.668851] (lslidar_msgs) StdoutLine: {'line': b'-- Installing: /home/bill8/billeagle_ws/lslidar_ws/install/lslidar_msgs/share/lslidar_msgs/msg/LslidarScan.idl\n'}
[4.668903] (lslidar_msgs) StdoutLine: {'line': b'-- Installing: /home/bill8/billeagle_ws/lslidar_ws/install/lslidar_msgs/share/lslidar_msgs/msg/LslidarSweep.idl\n'}
[4.668939] (lslidar_msgs) StdoutLine: {'line': b'-- Installing: /home/bill8/billeagle_ws/lslidar_ws/install/lslidar_msgs/share/lslidar_msgs/msg/LslidarDifop.msg\n'}
[4.668971] (lslidar_msgs) StdoutLine: {'line': b'-- Installing: /home/bill8/billeagle_ws/lslidar_ws/install/lslidar_msgs/share/lslidar_msgs/msg/LslidarPacket.msg\n'}
[4.669017] (lslidar_msgs) StdoutLine: {'line': b'-- Installing: /home/bill8/billeagle_ws/lslidar_ws/install/lslidar_msgs/share/lslidar_msgs/msg/LslidarPoint.msg\n'}
[4.669042] (lslidar_msgs) StdoutLine: {'line': b'-- Installing: /home/bill8/billeagle_ws/lslidar_ws/install/lslidar_msgs/share/lslidar_msgs/msg/LslidarScan.msg\n'}
[4.669075] (lslidar_msgs) StdoutLine: {'line': b'-- Installing: /home/bill8/billeagle_ws/lslidar_ws/install/lslidar_msgs/share/lslidar_msgs/msg/LslidarSweep.msg\n'}
[4.669109] (lslidar_msgs) StdoutLine: {'line': b'-- Installing: /home/bill8/billeagle_ws/lslidar_ws/install/lslidar_msgs/share/ament_index/resource_index/package_run_dependencies/lslidar_msgs\n'}
[4.669155] (lslidar_msgs) StdoutLine: {'line': b'-- Installing: /home/bill8/billeagle_ws/lslidar_ws/install/lslidar_msgs/share/ament_index/resource_index/parent_prefix_path/lslidar_msgs\n'}
[4.669200] (lslidar_msgs) StdoutLine: {'line': b'-- Installing: /home/bill8/billeagle_ws/lslidar_ws/install/lslidar_msgs/share/lslidar_msgs/environment/ament_prefix_path.sh\n'}
[4.669246] (lslidar_msgs) StdoutLine: {'line': b'-- Installing: /home/bill8/billeagle_ws/lslidar_ws/install/lslidar_msgs/share/lslidar_msgs/environment/ament_prefix_path.dsv\n'}
[4.669289] (lslidar_msgs) StdoutLine: {'line': b'-- Installing: /home/bill8/billeagle_ws/lslidar_ws/install/lslidar_msgs/share/lslidar_msgs/environment/path.sh\n'}
[4.669334] (lslidar_msgs) StdoutLine: {'line': b'-- Installing: /home/bill8/billeagle_ws/lslidar_ws/install/lslidar_msgs/share/lslidar_msgs/environment/path.dsv\n'}
[4.669378] (lslidar_msgs) StdoutLine: {'line': b'-- Installing: /home/bill8/billeagle_ws/lslidar_ws/install/lslidar_msgs/share/lslidar_msgs/local_setup.bash\n'}
[4.669421] (lslidar_msgs) StdoutLine: {'line': b'-- Installing: /home/bill8/billeagle_ws/lslidar_ws/install/lslidar_msgs/share/lslidar_msgs/local_setup.sh\n'}
[4.669464] (lslidar_msgs) StdoutLine: {'line': b'-- Installing: /home/bill8/billeagle_ws/lslidar_ws/install/lslidar_msgs/share/lslidar_msgs/local_setup.zsh\n'}
[4.669507] (lslidar_msgs) StdoutLine: {'line': b'-- Installing: /home/bill8/billeagle_ws/lslidar_ws/install/lslidar_msgs/share/lslidar_msgs/local_setup.dsv\n'}
[4.669551] (lslidar_msgs) StdoutLine: {'line': b'-- Installing: /home/bill8/billeagle_ws/lslidar_ws/install/lslidar_msgs/share/lslidar_msgs/package.dsv\n'}
[4.669594] (lslidar_msgs) StdoutLine: {'line': b'-- Installing: /home/bill8/billeagle_ws/lslidar_ws/install/lslidar_msgs/share/ament_index/resource_index/packages/lslidar_msgs\n'}
[4.669640] (lslidar_msgs) StdoutLine: {'line': b'-- Installing: /home/bill8/billeagle_ws/lslidar_ws/install/lslidar_msgs/share/lslidar_msgs/cmake/export_lslidar_msgs__rosidl_generator_cExport.cmake\n'}
[4.669686] (lslidar_msgs) StdoutLine: {'line': b'-- Installing: /home/bill8/billeagle_ws/lslidar_ws/install/lslidar_msgs/share/lslidar_msgs/cmake/export_lslidar_msgs__rosidl_generator_cExport-noconfig.cmake\n'}
[4.669724] (lslidar_msgs) StdoutLine: {'line': b'-- Installing: /home/bill8/billeagle_ws/lslidar_ws/install/lslidar_msgs/share/lslidar_msgs/cmake/export_lslidar_msgs__rosidl_typesupport_fastrtps_cExport.cmake\n'}
[4.669765] (lslidar_msgs) StdoutLine: {'line': b'-- Installing: /home/bill8/billeagle_ws/lslidar_ws/install/lslidar_msgs/share/lslidar_msgs/cmake/export_lslidar_msgs__rosidl_typesupport_fastrtps_cExport-noconfig.cmake\n'}
[4.669815] (lslidar_msgs) StdoutLine: {'line': b'-- Installing: /home/bill8/billeagle_ws/lslidar_ws/install/lslidar_msgs/share/lslidar_msgs/cmake/export_lslidar_msgs__rosidl_generator_cppExport.cmake\n'}
[4.669865] (lslidar_msgs) StdoutLine: {'line': b'-- Installing: /home/bill8/billeagle_ws/lslidar_ws/install/lslidar_msgs/share/lslidar_msgs/cmake/export_lslidar_msgs__rosidl_typesupport_fastrtps_cppExport.cmake\n'}
[4.669919] (lslidar_msgs) StdoutLine: {'line': b'-- Installing: /home/bill8/billeagle_ws/lslidar_ws/install/lslidar_msgs/share/lslidar_msgs/cmake/export_lslidar_msgs__rosidl_typesupport_fastrtps_cppExport-noconfig.cmake\n'}
[4.669969] (lslidar_msgs) StdoutLine: {'line': b'-- Installing: /home/bill8/billeagle_ws/lslidar_ws/install/lslidar_msgs/share/lslidar_msgs/cmake/lslidar_msgs__rosidl_typesupport_introspection_cExport.cmake\n'}
[4.670013] (lslidar_msgs) StdoutLine: {'line': b'-- Installing: /home/bill8/billeagle_ws/lslidar_ws/install/lslidar_msgs/share/lslidar_msgs/cmake/lslidar_msgs__rosidl_typesupport_introspection_cExport-noconfig.cmake\n'}
[4.670062] (lslidar_msgs) StdoutLine: {'line': b'-- Installing: /home/bill8/billeagle_ws/lslidar_ws/install/lslidar_msgs/share/lslidar_msgs/cmake/lslidar_msgs__rosidl_typesupport_cExport.cmake\n'}
[4.670106] (lslidar_msgs) StdoutLine: {'line': b'-- Installing: /home/bill8/billeagle_ws/lslidar_ws/install/lslidar_msgs/share/lslidar_msgs/cmake/lslidar_msgs__rosidl_typesupport_cExport-noconfig.cmake\n'}
[4.670155] (lslidar_msgs) StdoutLine: {'line': b'-- Installing: /home/bill8/billeagle_ws/lslidar_ws/install/lslidar_msgs/share/lslidar_msgs/cmake/lslidar_msgs__rosidl_typesupport_introspection_cppExport.cmake\n'}
[4.670208] (lslidar_msgs) StdoutLine: {'line': b'-- Installing: /home/bill8/billeagle_ws/lslidar_ws/install/lslidar_msgs/share/lslidar_msgs/cmake/lslidar_msgs__rosidl_typesupport_introspection_cppExport-noconfig.cmake\n'}
[4.670258] (lslidar_msgs) StdoutLine: {'line': b'-- Installing: /home/bill8/billeagle_ws/lslidar_ws/install/lslidar_msgs/share/lslidar_msgs/cmake/lslidar_msgs__rosidl_typesupport_cppExport.cmake\n'}
[4.670302] (lslidar_msgs) StdoutLine: {'line': b'-- Installing: /home/bill8/billeagle_ws/lslidar_ws/install/lslidar_msgs/share/lslidar_msgs/cmake/lslidar_msgs__rosidl_typesupport_cppExport-noconfig.cmake\n'}
[4.670353] (lslidar_msgs) StdoutLine: {'line': b'-- Installing: /home/bill8/billeagle_ws/lslidar_ws/install/lslidar_msgs/share/lslidar_msgs/cmake/export_lslidar_msgs__rosidl_generator_pyExport.cmake\n'}
[4.670397] (lslidar_msgs) StdoutLine: {'line': b'-- Installing: /home/bill8/billeagle_ws/lslidar_ws/install/lslidar_msgs/share/lslidar_msgs/cmake/export_lslidar_msgs__rosidl_generator_pyExport-noconfig.cmake\n'}
[4.670441] (lslidar_msgs) StdoutLine: {'line': b'-- Installing: /home/bill8/billeagle_ws/lslidar_ws/install/lslidar_msgs/share/lslidar_msgs/cmake/rosidl_cmake-extras.cmake\n'}
[4.670485] (lslidar_msgs) StdoutLine: {'line': b'-- Installing: /home/bill8/billeagle_ws/lslidar_ws/install/lslidar_msgs/share/lslidar_msgs/cmake/ament_cmake_export_dependencies-extras.cmake\n'}
[4.670530] (lslidar_msgs) StdoutLine: {'line': b'-- Installing: /home/bill8/billeagle_ws/lslidar_ws/install/lslidar_msgs/share/lslidar_msgs/cmake/ament_cmake_export_include_directories-extras.cmake\n'}
[4.670572] (lslidar_msgs) StdoutLine: {'line': b'-- Installing: /home/bill8/billeagle_ws/lslidar_ws/install/lslidar_msgs/share/lslidar_msgs/cmake/ament_cmake_export_libraries-extras.cmake\n'}
[4.670616] (lslidar_msgs) StdoutLine: {'line': b'-- Installing: /home/bill8/billeagle_ws/lslidar_ws/install/lslidar_msgs/share/lslidar_msgs/cmake/ament_cmake_export_targets-extras.cmake\n'}
[4.670668] (lslidar_msgs) StdoutLine: {'line': b'-- Installing: /home/bill8/billeagle_ws/lslidar_ws/install/lslidar_msgs/share/lslidar_msgs/cmake/rosidl_cmake_export_typesupport_targets-extras.cmake\n'}
[4.670702] (lslidar_msgs) StdoutLine: {'line': b'-- Installing: /home/bill8/billeagle_ws/lslidar_ws/install/lslidar_msgs/share/lslidar_msgs/cmake/rosidl_cmake_export_typesupport_libraries-extras.cmake\n'}
[4.670747] (lslidar_msgs) StdoutLine: {'line': b'-- Installing: /home/bill8/billeagle_ws/lslidar_ws/install/lslidar_msgs/share/lslidar_msgs/cmake/lslidar_msgsConfig.cmake\n'}
[4.670782] (lslidar_msgs) StdoutLine: {'line': b'-- Installing: /home/bill8/billeagle_ws/lslidar_ws/install/lslidar_msgs/share/lslidar_msgs/cmake/lslidar_msgsConfig-version.cmake\n'}
[4.670825] (lslidar_msgs) StdoutLine: {'line': b'-- Installing: /home/bill8/billeagle_ws/lslidar_ws/install/lslidar_msgs/share/lslidar_msgs/package.xml\n'}
[4.672265] (lslidar_msgs) CommandEnded: {'returncode': 0}
[4.685823] (lslidar_msgs) JobEnded: {'identifier': 'lslidar_msgs', 'rc': 0}
[4.686140] (lslidar_driver) JobStarted: {'identifier': 'lslidar_driver'}
[4.691673] (lslidar_driver) JobProgress: {'identifier': 'lslidar_driver', 'progress': 'cmake'}
[4.692185] (lslidar_driver) Command: {'cmd': ['/home/bill8/.local/bin/cmake', '/home/bill8/billeagle_ws/lslidar_ws/src/LSLIDAR_M10_N10_V2.5.2_230110_ROS2/lslidar_driver', '-DCMAKE_INSTALL_PREFIX=/home/bill8/billeagle_ws/lslidar_ws/install/lslidar_driver'], 'cwd': '/home/bill8/billeagle_ws/lslidar_ws/build/lslidar_driver', 'env': OrderedDict([('LESSOPEN', '| /usr/bin/lesspipe %s'), ('USER', 'bill8'), ('LC_TIME', 'pt_BR.UTF-8'), ('XDG_SESSION_TYPE', 'x11'), ('SHLVL', '1'), ('LD_LIBRARY_PATH', '/home/bill8/billeagle_ws/lslidar_ws/install/lslidar_msgs/lib:/home/bill8/microros_ws/install/micro_ros_agent/lib:/home/bill8/microros_ws/install/micro_ros_msgs/lib:/opt/ros/humble/opt/rviz_ogre_vendor/lib:/opt/ros/humble/lib/x86_64-linux-gnu:/opt/ros/humble/lib'), ('HOME', '/home/bill8'), ('OLDPWD', '/home/bill8/billeagle_ws'), ('DESKTOP_SESSION', 'ubuntu'), ('ROS_PYTHON_VERSION', '3'), ('GNOME_SHELL_SESSION_MODE', 'ubuntu'), ('GTK_MODULES', 'gail:atk-bridge'), ('LC_MONETARY', 'pt_BR.UTF-8'), ('MANAGERPID', '1725'), ('LC_CTYPE', 'pt_BR.UTF-8'), ('SYSTEMD_EXEC_PID', '2195'), ('DBUS_SESSION_BUS_ADDRESS', 'unix:path=/run/user/1000/bus'), ('COLORTERM', 'truecolor'), ('TERMINATOR_DBUS_NAME', 'net.tenshu.Terminator23558193cd9818af7fe4d2c2f5bd9d00f'), ('GIO_LAUNCHED_DESKTOP_FILE_PID', '2738'), ('COLCON_PREFIX_PATH', '/home/bill8/microros_ws/install'), ('ROS_DISTRO', 'humble'), ('GTK_IM_MODULE', 'ibus'), ('LOGNAME', 'bill8'), ('JOURNAL_STREAM', '8:24604'), ('_', '/usr/bin/colcon'), ('ROS_VERSION', '2'), ('XDG_SESSION_CLASS', 'user'), ('USERNAME', 'bill8'), ('TERM', 'xterm-256color'), ('GNOME_DESKTOP_SESSION_ID', 'this-is-deprecated'), ('ROS_LOCALHOST_ONLY', '0'), ('WINDOWPATH', '2'), ('PATH', '/usr/local/cuda/bin:/opt/ros/humble/bin:/home/bill8/.local/bin:/usr/local/sbin:/usr/local/bin:/usr/sbin:/usr/bin:/sbin:/bin:/usr/games:/usr/local/games:/snap/bin:/snap/bin'), ('SESSION_MANAGER', 'local/bill8:@/tmp/.ICE-unix/1956,unix/bill8:/tmp/.ICE-unix/1956'), ('INVOCATION_ID', '1401dba4e6b349cb84cb3c6a9a7dbd69'), ('XDG_MENU_PREFIX', 'gnome-'), ('LC_ADDRESS', 'pt_BR.UTF-8'), ('XDG_RUNTIME_DIR', '/run/user/1000'), ('DISPLAY', ':1'), ('TERMINATOR_DBUS_PATH', '/net/tenshu/Terminator2'), ('LANG', 'en_US.UTF-8'), ('XDG_CURRENT_DESKTOP', 'ubuntu:GNOME'), ('LC_TELEPHONE', 'pt_BR.UTF-8'), ('XMODIFIERS', '@im=ibus'), ('XDG_SESSION_DESKTOP', 'ubuntu'), ('XAUTHORITY', '/run/user/1000/gdm/Xauthority'), ('LS_COLORS', 'rs=0:di=01;34:ln=01;36:mh=00:pi=40;33:so=01;35:do=01;35:bd=40;33;01:cd=40;33;01:or=40;31;01:mi=00:su=37;41:sg=30;43:ca=30;41:tw=30;42:ow=34;42:st=37;44:ex=01;32:*.tar=01;31:*.tgz=01;31:*.arc=01;31:*.arj=01;31:*.taz=01;31:*.lha=01;31:*.lz4=01;31:*.lzh=01;31:*.lzma=01;31:*.tlz=01;31:*.txz=01;31:*.tzo=01;31:*.t7z=01;31:*.zip=01;31:*.z=01;31:*.dz=01;31:*.gz=01;31:*.lrz=01;31:*.lz=01;31:*.lzo=01;31:*.xz=01;31:*.zst=01;31:*.tzst=01;31:*.bz2=01;31:*.bz=01;31:*.tbz=01;31:*.tbz2=01;31:*.tz=01;31:*.deb=01;31:*.rpm=01;31:*.jar=01;31:*.war=01;31:*.ear=01;31:*.sar=01;31:*.rar=01;31:*.alz=01;31:*.ace=01;31:*.zoo=01;31:*.cpio=01;31:*.7z=01;31:*.rz=01;31:*.cab=01;31:*.wim=01;31:*.swm=01;31:*.dwm=01;31:*.esd=01;31:*.jpg=01;35:*.jpeg=01;35:*.mjpg=01;35:*.mjpeg=01;35:*.gif=01;35:*.bmp=01;35:*.pbm=01;35:*.pgm=01;35:*.ppm=01;35:*.tga=01;35:*.xbm=01;35:*.xpm=01;35:*.tif=01;35:*.tiff=01;35:*.png=01;35:*.svg=01;35:*.svgz=01;35:*.mng=01;35:*.pcx=01;35:*.mov=01;35:*.mpg=01;35:*.mpeg=01;35:*.m2v=01;35:*.mkv=01;35:*.webm=01;35:*.webp=01;35:*.ogm=01;35:*.mp4=01;35:*.m4v=01;35:*.mp4v=01;35:*.vob=01;35:*.qt=01;35:*.nuv=01;35:*.wmv=01;35:*.asf=01;35:*.rm=01;35:*.rmvb=01;35:*.flc=01;35:*.avi=01;35:*.fli=01;35:*.flv=01;35:*.gl=01;35:*.dl=01;35:*.xcf=01;35:*.xwd=01;35:*.yuv=01;35:*.cgm=01;35:*.emf=01;35:*.ogv=01;35:*.ogx=01;35:*.aac=00;36:*.au=00;36:*.flac=00;36:*.m4a=00;36:*.mid=00;36:*.midi=00;36:*.mka=00;36:*.mp3=00;36:*.mpc=00;36:*.ogg=00;36:*.ra=00;36:*.wav=00;36:*.oga=00;36:*.opus=00;36:*.spx=00;36:*.xspf=00;36:'), ('SSH_AGENT_LAUNCHER', 'gnome-keyring'), ('SSH_AUTH_SOCK', '/run/user/1000/keyring/ssh'), ('AMENT_PREFIX_PATH', '/home/bill8/billeagle_ws/lslidar_ws/install/lslidar_msgs:/home/bill8/microros_ws/install/micro_ros_setup:/home/bill8/microros_ws/install/micro_ros_agent:/home/bill8/microros_ws/install/micro_ros_msgs:/opt/ros/humble'), ('SHELL', '/bin/bash'), ('LC_NAME', 'pt_BR.UTF-8'), ('TERMINATOR_UUID', 'urn:uuid:5e4fd70b-c729-4cac-97be-7af8ed2be7ba'), ('QT_ACCESSIBILITY', '1'), ('GDMSESSION', 'ubuntu'), ('LESSCLOSE', '/usr/bin/lesspipe %s %s'), ('LC_MEASUREMENT', 'pt_BR.UTF-8'), ('GPG_AGENT_INFO', '/run/user/1000/gnupg/S.gpg-agent:0:1'), ('LC_IDENTIFICATION', 'pt_BR.UTF-8'), ('QT_IM_MODULE', 'ibus'), ('PWD', '/home/bill8/billeagle_ws/lslidar_ws/build/lslidar_driver'), ('XDG_CONFIG_DIRS', '/etc/xdg/xdg-ubuntu:/etc/xdg'), ('XDG_DATA_DIRS', '/usr/share/ubuntu:/usr/share/gnome:/usr/local/share/:/usr/share/:/var/lib/snapd/desktop'), ('PYTHONPATH', '/home/bill8/billeagle_ws/lslidar_ws/install/lslidar_msgs/local/lib/python3.10/dist-packages:/home/bill8/microros_ws/install/micro_ros_msgs/local/lib/python3.10/dist-packages:/opt/ros/humble/lib/python3.10/site-packages:/opt/ros/humble/local/lib/python3.10/dist-packages'), ('LC_NUMERIC', 'pt_BR.UTF-8'), ('LC_PAPER', 'pt_BR.UTF-8'), ('COLCON', '1'), ('VTE_VERSION', '6800'), ('CMAKE_PREFIX_PATH', '/home/bill8/billeagle_ws/lslidar_ws/install/lslidar_msgs:/home/bill8/microros_ws/install/micro_ros_setup:/home/bill8/microros_ws/install/micro_ros_agent:/home/bill8/microros_ws/install/micro_ros_msgs:/opt/ros/humble')]), 'shell': False}
[4.709889] (-) TimerEvent: {}
[4.742290] (lslidar_driver) StderrLine: {'line': b'\x1b[0mCMake Deprecation Warning at CMakeLists.txt:1 (cmake_minimum_required):\n'}
[4.742421] (lslidar_driver) StderrLine: {'line': b'  Compatibility with CMake < 3.10 will be removed from a future version of\n'}
[4.742453] (lslidar_driver) StderrLine: {'line': b'  CMake.\n'}
[4.742479] (lslidar_driver) StderrLine: {'line': b'\n'}
[4.742503] (lslidar_driver) StderrLine: {'line': b'  Update the VERSION argument <min> value.  Or, use the <min>...<max> syntax\n'}
[4.742527] (lslidar_driver) StderrLine: {'line': b'  to tell CMake that the project requires at least <min> but has been updated\n'}
[4.742553] (lslidar_driver) StderrLine: {'line': b'  to work with policies introduced by <max> or earlier.\n'}
[4.742577] (lslidar_driver) StderrLine: {'line': b'\n'}
[4.742598] (lslidar_driver) StderrLine: {'line': b'\x1b[0m\n'}
[4.772832] (lslidar_driver) StdoutLine: {'line': b'-- The C compiler identification is GNU 11.4.0\n'}
[4.806630] (lslidar_driver) StdoutLine: {'line': b'-- The CXX compiler identification is GNU 11.4.0\n'}
[4.810028] (-) TimerEvent: {}
[4.811931] (lslidar_driver) StdoutLine: {'line': b'-- Detecting C compiler ABI info\n'}
[4.854860] (lslidar_driver) StdoutLine: {'line': b'-- Detecting C compiler ABI info - done\n'}
[4.864966] (lslidar_driver) StdoutLine: {'line': b'-- Check for working C compiler: /usr/bin/cc - skipped\n'}
[4.865197] (lslidar_driver) StdoutLine: {'line': b'-- Detecting C compile features\n'}
[4.865357] (lslidar_driver) StdoutLine: {'line': b'-- Detecting C compile features - done\n'}
[4.873768] (lslidar_driver) StdoutLine: {'line': b'-- Detecting CXX compiler ABI info\n'}
[4.910119] (-) TimerEvent: {}
[4.921409] (lslidar_driver) StdoutLine: {'line': b'-- Detecting CXX compiler ABI info - done\n'}
[4.938499] (lslidar_driver) StdoutLine: {'line': b'-- Check for working CXX compiler: /usr/bin/c++ - skipped\n'}
[4.938711] (lslidar_driver) StdoutLine: {'line': b'-- Detecting CXX compile features\n'}
[4.938890] (lslidar_driver) StdoutLine: {'line': b'-- Detecting CXX compile features - done\n'}
[4.943679] (lslidar_driver) StderrLine: {'line': b'\x1b[33mCMake Warning (dev) at CMakeLists.txt:19 (find_package):\n'}
[4.943753] (lslidar_driver) StderrLine: {'line': b'  Policy CMP0167 is not set: The FindBoost module is removed.  Run "cmake\n'}
[4.943784] (lslidar_driver) StderrLine: {'line': b'  --help-policy CMP0167" for policy details.  Use the cmake_policy command to\n'}
[4.943810] (lslidar_driver) StderrLine: {'line': b'  set the policy and suppress this warning.\n'}
[4.943834] (lslidar_driver) StderrLine: {'line': b'\n'}
[4.943857] (lslidar_driver) StderrLine: {'line': b'This warning is for project developers.  Use -Wno-dev to suppress it.\n'}
[4.943886] (lslidar_driver) StderrLine: {'line': b'\x1b[0m\n'}
[5.005160] (lslidar_driver) StdoutLine: {'line': b'-- Found Boost: /usr/lib/x86_64-linux-gnu/cmake/Boost-1.74.0/BoostConfig.cmake (found version "1.74.0") found components: thread\n'}
[5.009980] (lslidar_driver) StdoutLine: {'line': b'-- Found rclcpp: 16.0.11 (/opt/ros/humble/share/rclcpp/cmake)\n'}
[5.010172] (-) TimerEvent: {}
[5.097813] (lslidar_driver) StdoutLine: {'line': b'-- Found Python3: /usr/bin/python3 (found version "3.10.12") found components: Interpreter\n'}
[5.110274] (-) TimerEvent: {}
[5.197129] (lslidar_driver) StdoutLine: {'line': b'-- Found rosidl_generator_c: 3.1.6 (/opt/ros/humble/share/rosidl_generator_c/cmake)\n'}
[5.200499] (lslidar_driver) StdoutLine: {'line': b'-- Found rosidl_adapter: 3.1.6 (/opt/ros/humble/share/rosidl_adapter/cmake)\n'}
[5.206088] (lslidar_driver) StdoutLine: {'line': b'-- Found rosidl_generator_cpp: 3.1.6 (/opt/ros/humble/share/rosidl_generator_cpp/cmake)\n'}
[5.210342] (-) TimerEvent: {}
[5.214701] (lslidar_driver) StdoutLine: {'line': b'-- Using all available rosidl_typesupport_c: rosidl_typesupport_fastrtps_c;rosidl_typesupport_introspection_c\n'}
[5.226141] (lslidar_driver) StdoutLine: {'line': b'-- Using all available rosidl_typesupport_cpp: rosidl_typesupport_fastrtps_cpp;rosidl_typesupport_introspection_cpp\n'}
[5.264477] (lslidar_driver) StdoutLine: {'line': b'-- Found rmw_implementation_cmake: 6.1.2 (/opt/ros/humble/share/rmw_implementation_cmake/cmake)\n'}
[5.266814] (lslidar_driver) StdoutLine: {'line': b'-- Found rmw_fastrtps_cpp: 6.2.7 (/opt/ros/humble/share/rmw_fastrtps_cpp/cmake)\n'}
[5.310456] (-) TimerEvent: {}
[5.332688] (lslidar_driver) StdoutLine: {'line': b'-- Found OpenSSL: /usr/lib/x86_64-linux-gnu/libcrypto.so (found version "3.0.2")\n'}
[5.352372] (lslidar_driver) StdoutLine: {'line': b'-- Found FastRTPS: /opt/ros/humble/include\n'}
[5.385405] (lslidar_driver) StdoutLine: {'line': b"-- Using RMW implementation 'rmw_fastrtps_cpp' as default\n"}
[5.394333] (lslidar_driver) StdoutLine: {'line': b'-- Found Threads: TRUE\n'}
[5.410541] (-) TimerEvent: {}
[5.445560] (lslidar_driver) StderrLine: {'line': b'\x1b[33mCMake Warning (dev) at /usr/lib/x86_64-linux-gnu/cmake/pcl/PCLConfig.cmake:146 (find_package):\n'}
[5.445669] (lslidar_driver) StderrLine: {'line': b'  Policy CMP0144 is not set: find_package uses upper-case <PACKAGENAME>_ROOT\n'}
[5.445700] (lslidar_driver) StderrLine: {'line': b'  variables.  Run "cmake --help-policy CMP0144" for policy details.  Use the\n'}
[5.445726] (lslidar_driver) StderrLine: {'line': b'  cmake_policy command to set the policy and suppress this warning.\n'}
[5.445750] (lslidar_driver) StderrLine: {'line': b'\n'}
[5.445774] (lslidar_driver) StderrLine: {'line': b'  CMake variable EIGEN_ROOT is set to:\n'}
[5.445799] (lslidar_driver) StderrLine: {'line': b'\n'}
[5.445821] (lslidar_driver) StderrLine: {'line': b'    /usr/include/eigen3\n'}
[5.445844] (lslidar_driver) StderrLine: {'line': b'\n'}
[5.445867] (lslidar_driver) StderrLine: {'line': b'  For compatibility, find_package is ignoring the variable, but code in a\n'}
[5.445905] (lslidar_driver) StderrLine: {'line': b'  .cmake module might still use it.\n'}
[5.445928] (lslidar_driver) StderrLine: {'line': b'Call Stack (most recent call first):\n'}
[5.445950] (lslidar_driver) StderrLine: {'line': b'  /usr/lib/x86_64-linux-gnu/cmake/pcl/PCLConfig.cmake:299 (find_eigen)\n'}
[5.445974] (lslidar_driver) StderrLine: {'line': b'  /usr/lib/x86_64-linux-gnu/cmake/pcl/PCLConfig.cmake:543 (find_external_library)\n'}
[5.445996] (lslidar_driver) StderrLine: {'line': b'  CMakeLists.txt:21 (find_package)\n'}
[5.446017] (lslidar_driver) StderrLine: {'line': b'This warning is for project developers.  Use -Wno-dev to suppress it.\n'}
[5.446039] (lslidar_driver) StderrLine: {'line': b'\x1b[0m\n'}
[5.448723] (lslidar_driver) StdoutLine: {'line': b"-- Checking for module 'eigen3'\n"}
[5.457487] (lslidar_driver) StdoutLine: {'line': b'--   Found eigen3, version 3.4.0\n'}
[5.479615] (lslidar_driver) StdoutLine: {'line': b'-- Found Eigen: /usr/include/eigen3 (Required is at least version "3.1")\n'}
[5.479739] (lslidar_driver) StdoutLine: {'line': b'-- Eigen found (include: /usr/include/eigen3, version: 3.4.0)\n'}
[5.479911] (lslidar_driver) StderrLine: {'line': b'\x1b[33mCMake Warning (dev) at /usr/lib/x86_64-linux-gnu/cmake/pcl/PCLConfig.cmake:128 (find_package):\n'}
[5.479950] (lslidar_driver) StderrLine: {'line': b'  Policy CMP0167 is not set: The FindBoost module is removed.  Run "cmake\n'}
[5.479976] (lslidar_driver) StderrLine: {'line': b'  --help-policy CMP0167" for policy details.  Use the cmake_policy command to\n'}
[5.480001] (lslidar_driver) StderrLine: {'line': b'  set the policy and suppress this warning.\n'}
[5.480024] (lslidar_driver) StderrLine: {'line': b'\n'}
[5.480048] (lslidar_driver) StderrLine: {'line': b'Call Stack (most recent call first):\n'}
[5.480072] (lslidar_driver) StderrLine: {'line': b'  /usr/lib/x86_64-linux-gnu/cmake/pcl/PCLConfig.cmake:297 (find_boost)\n'}
[5.480097] (lslidar_driver) StderrLine: {'line': b'  /usr/lib/x86_64-linux-gnu/cmake/pcl/PCLConfig.cmake:543 (find_external_library)\n'}
[5.480119] (lslidar_driver) StderrLine: {'line': b'  CMakeLists.txt:21 (find_package)\n'}
[5.480141] (lslidar_driver) StderrLine: {'line': b'This warning is for project developers.  Use -Wno-dev to suppress it.\n'}
[5.480164] (lslidar_driver) StderrLine: {'line': b'\x1b[0m\n'}
[5.492515] (lslidar_driver) StdoutLine: {'line': b'-- Found Boost: /usr/lib/x86_64-linux-gnu/cmake/Boost-1.74.0/BoostConfig.cmake (found suitable version "1.74.0", minimum required is "1.65.0") found components: system filesystem date_time iostreams serialization\n'}
[5.493741] (lslidar_driver) StderrLine: {'line': b'\x1b[33mCMake Warning (dev) at /usr/lib/x86_64-linux-gnu/cmake/pcl/Modules/FindFLANN.cmake:44 (find_package):\n'}
[5.493813] (lslidar_driver) StderrLine: {'line': b'  Policy CMP0144 is not set: find_package uses upper-case <PACKAGENAME>_ROOT\n'}
[5.493843] (lslidar_driver) StderrLine: {'line': b'  variables.  Run "cmake --help-policy CMP0144" for policy details.  Use the\n'}
[5.493868] (lslidar_driver) StderrLine: {'line': b'  cmake_policy command to set the policy and suppress this warning.\n'}
[5.493898] (lslidar_driver) StderrLine: {'line': b'\n'}
[5.493932] (lslidar_driver) StderrLine: {'line': b'  CMake variable FLANN_ROOT is set to:\n'}
[5.493955] (lslidar_driver) StderrLine: {'line': b'\n'}
[5.493978] (lslidar_driver) StderrLine: {'line': b'    /usr\n'}
[5.494000] (lslidar_driver) StderrLine: {'line': b'\n'}
[5.494022] (lslidar_driver) StderrLine: {'line': b'  For compatibility, find_package is ignoring the variable, but code in a\n'}
[5.494045] (lslidar_driver) StderrLine: {'line': b'  .cmake module might still use it.\n'}
[5.494066] (lslidar_driver) StderrLine: {'line': b'Call Stack (most recent call first):\n'}
[5.494088] (lslidar_driver) StderrLine: {'line': b'  /usr/lib/x86_64-linux-gnu/cmake/pcl/PCLConfig.cmake:256 (find_package)\n'}
[5.494112] (lslidar_driver) StderrLine: {'line': b'  /usr/lib/x86_64-linux-gnu/cmake/pcl/PCLConfig.cmake:301 (find_flann)\n'}
[5.494133] (lslidar_driver) StderrLine: {'line': b'  /usr/lib/x86_64-linux-gnu/cmake/pcl/PCLConfig.cmake:543 (find_external_library)\n'}
[5.494156] (lslidar_driver) StderrLine: {'line': b'  CMakeLists.txt:21 (find_package)\n'}
[5.494177] (lslidar_driver) StderrLine: {'line': b'This warning is for project developers.  Use -Wno-dev to suppress it.\n'}
[5.494199] (lslidar_driver) StderrLine: {'line': b'\x1b[0m\n'}
[5.502765] (lslidar_driver) StdoutLine: {'line': b"-- Checking for module 'flann'\n"}
[5.510708] (-) TimerEvent: {}
[5.512246] (lslidar_driver) StdoutLine: {'line': b'--   Found flann, version 1.9.1\n'}
[5.541234] (lslidar_driver) StdoutLine: {'line': b'-- Found FLANN: /usr/lib/x86_64-linux-gnu/libflann_cpp.so\n'}
[5.541361] (lslidar_driver) StdoutLine: {'line': b'-- FLANN found (include: /usr/include, lib: /usr/lib/x86_64-linux-gnu/libflann_cpp.so)\n'}
[5.573314] (lslidar_driver) StdoutLine: {'line': b'-- Found GLEW: /usr/lib/x86_64-linux-gnu/libGLEW.so\n'}
[5.579619] (lslidar_driver) StdoutLine: {'line': b'-- Found OpenGL: /usr/lib/x86_64-linux-gnu/libOpenGL.so  found components: OpenGL GLX\n'}
[5.610798] (-) TimerEvent: {}
[5.685274] (lslidar_driver) StdoutLine: {'line': b'-- Found MPI_C: /usr/lib/x86_64-linux-gnu/libmpi.so (found version "3.1")\n'}
[5.685421] (lslidar_driver) StdoutLine: {'line': b'-- Found MPI: TRUE (found version "3.1") found components: C\n'}
[5.688154] (lslidar_driver) StdoutLine: {'line': b'-- Found JsonCpp: /usr/lib/x86_64-linux-gnu/libjsoncpp.so (found suitable version "1.9.5", minimum required is "0.7.0")\n'}
[5.698684] (lslidar_driver) StdoutLine: {'line': b'-- Found ZLIB: /usr/lib/x86_64-linux-gnu/libz.so (found version "1.2.11")\n'}
[5.710863] (-) TimerEvent: {}
[5.716585] (lslidar_driver) StdoutLine: {'line': b'-- Found PNG: /usr/lib/x86_64-linux-gnu/libpng.so (found version "1.6.37")\n'}
[5.731598] (lslidar_driver) StdoutLine: {'line': b'-- Found Eigen3: /usr/include/eigen3 (found version "3.4.0")\n'}
[5.811030] (-) TimerEvent: {}
[5.823805] (lslidar_driver) StdoutLine: {'line': b'-- Found X11: /usr/include\n'}
[5.824084] (lslidar_driver) StdoutLine: {'line': b'-- Looking for XOpenDisplay in /usr/lib/x86_64-linux-gnu/libX11.so;/usr/lib/x86_64-linux-gnu/libXext.so\n'}
[5.874078] (lslidar_driver) StdoutLine: {'line': b'-- Looking for XOpenDisplay in /usr/lib/x86_64-linux-gnu/libX11.so;/usr/lib/x86_64-linux-gnu/libXext.so - found\n'}
[5.874248] (lslidar_driver) StdoutLine: {'line': b'-- Looking for gethostbyname\n'}
[5.911141] (-) TimerEvent: {}
[5.924061] (lslidar_driver) StdoutLine: {'line': b'-- Looking for gethostbyname - found\n'}
[5.924220] (lslidar_driver) StdoutLine: {'line': b'-- Looking for connect\n'}
[5.972238] (lslidar_driver) StdoutLine: {'line': b'-- Looking for connect - found\n'}
[5.972402] (lslidar_driver) StdoutLine: {'line': b'-- Looking for remove\n'}
[6.011235] (-) TimerEvent: {}
[6.019941] (lslidar_driver) StdoutLine: {'line': b'-- Looking for remove - found\n'}
[6.020201] (lslidar_driver) StdoutLine: {'line': b'-- Looking for shmat\n'}
[6.070106] (lslidar_driver) StdoutLine: {'line': b'-- Looking for shmat - found\n'}
[6.070275] (lslidar_driver) StdoutLine: {'line': b'-- Looking for IceConnectionNumber in ICE\n'}
[6.111453] (-) TimerEvent: {}
[6.118115] (lslidar_driver) StdoutLine: {'line': b'-- Looking for IceConnectionNumber in ICE - found\n'}
[6.201295] (lslidar_driver) StdoutLine: {'line': b'-- Found EXPAT: /usr/lib/x86_64-linux-gnu/libexpat.so (found version "2.4.7")\n'}
[6.203056] (lslidar_driver) StdoutLine: {'line': b'-- Found double-conversion: /usr/lib/x86_64-linux-gnu/libdouble-conversion.so\n'}
[6.205581] (lslidar_driver) StdoutLine: {'line': b'-- Found LZ4: /usr/lib/x86_64-linux-gnu/liblz4.so (found version "1.9.3")\n'}
[6.207444] (lslidar_driver) StdoutLine: {'line': b'-- Found LZMA: /usr/lib/x86_64-linux-gnu/liblzma.so (found version "5.2.5")\n'}
[6.211747] (-) TimerEvent: {}
[6.239137] (lslidar_driver) StdoutLine: {'line': b'-- Found JPEG: /usr/lib/x86_64-linux-gnu/libjpeg.so (found version "80")\n'}
[6.249748] (lslidar_driver) StdoutLine: {'line': b'-- Found TIFF: /usr/lib/x86_64-linux-gnu/libtiff.so (found version "4.3.0")\n'}
[6.255251] (lslidar_driver) StdoutLine: {'line': b'-- Found Freetype: /usr/lib/x86_64-linux-gnu/libfreetype.so (found version "2.11.1")\n'}
[6.259712] (lslidar_driver) StdoutLine: {'line': b'-- Found utf8cpp: /usr/include/utf8cpp\n'}
[6.311838] (-) TimerEvent: {}
[6.317372] (lslidar_driver) StdoutLine: {'line': b"-- Checking for module 'libusb-1.0'\n"}
[6.326332] (lslidar_driver) StdoutLine: {'line': b'--   Found libusb-1.0, version 1.0.25\n'}
[6.350427] (lslidar_driver) StdoutLine: {'line': b'-- Found libusb: /usr/lib/x86_64-linux-gnu/libusb-1.0.so\n'}
[6.352248] (lslidar_driver) StdoutLine: {'line': b'-- Found OpenNI: /usr/lib/libOpenNI.so;libusb::libusb (found version "1.5.4.0")\n'}
[6.352407] (lslidar_driver) StdoutLine: {'line': b'-- OpenNI found (version: 1.5.4.0, include: /usr/include/ni, lib: /usr/lib/libOpenNI.so;libusb::libusb)\n'}
[6.393796] (lslidar_driver) StdoutLine: {'line': b'-- Found OpenNI2: /usr/lib/x86_64-linux-gnu/libOpenNI2.so;libusb::libusb (found version "2.2.0.33")\n'}
[6.394126] (lslidar_driver) StdoutLine: {'line': b'-- OpenNI2 found (version: 2.2.0.33, include: /usr/include/openni2, lib: /usr/lib/x86_64-linux-gnu/libOpenNI2.so;libusb::libusb)\n'}
[6.394236] (lslidar_driver) StderrLine: {'line': b'\x1b[0m** WARNING ** io features related to pcap will be disabled\x1b[0m\n'}
[6.411960] (-) TimerEvent: {}
[6.512155] (-) TimerEvent: {}
[6.563372] (lslidar_driver) StderrLine: {'line': b'\x1b[33mCMake Warning (dev) at /usr/lib/x86_64-linux-gnu/cmake/pcl/PCLConfig.cmake:128 (find_package):\n'}
[6.563494] (lslidar_driver) StderrLine: {'line': b'  Policy CMP0167 is not set: The FindBoost module is removed.  Run "cmake\n'}
[6.563524] (lslidar_driver) StderrLine: {'line': b'  --help-policy CMP0167" for policy details.  Use the cmake_policy command to\n'}
[6.563547] (lslidar_driver) StderrLine: {'line': b'  set the policy and suppress this warning.\n'}
[6.563569] (lslidar_driver) StderrLine: {'line': b'\n'}
[6.563592] (lslidar_driver) StderrLine: {'line': b'Call Stack (most recent call first):\n'}
[6.563613] (lslidar_driver) StderrLine: {'line': b'  /usr/lib/x86_64-linux-gnu/cmake/pcl/PCLConfig.cmake:297 (find_boost)\n'}
[6.563635] (lslidar_driver) StderrLine: {'line': b'  /usr/lib/x86_64-linux-gnu/cmake/pcl/PCLConfig.cmake:543 (find_external_library)\n'}
[6.563656] (lslidar_driver) StderrLine: {'line': b'  CMakeLists.txt:21 (find_package)\n'}
[6.563677] (lslidar_driver) StderrLine: {'line': b'This warning is for project developers.  Use -Wno-dev to suppress it.\n'}
[6.563698] (lslidar_driver) StderrLine: {'line': b'\x1b[0m\n'}
[6.572601] (lslidar_driver) StdoutLine: {'line': b'-- Eigen found (include: /usr/include/eigen3, version: 3.4.0)\n'}
[6.577443] (lslidar_driver) StdoutLine: {'line': b'-- OpenNI found (version: 1.5.4.0, include: /usr/include/ni, lib: /usr/lib/libOpenNI.so;libusb::libusb)\n'}
[6.582276] (lslidar_driver) StdoutLine: {'line': b'-- OpenNI2 found (version: 2.2.0.33, include: /usr/include/openni2, lib: /usr/lib/x86_64-linux-gnu/libOpenNI2.so;libusb::libusb)\n'}
[6.612310] (-) TimerEvent: {}
[6.712566] (-) TimerEvent: {}
[6.754618] (lslidar_driver) StdoutLine: {'line': b'-- Found Qhull version 8.0.2\n'}
[6.812721] (-) TimerEvent: {}
[6.912999] (-) TimerEvent: {}
[6.921737] (lslidar_driver) StdoutLine: {'line': b'-- OpenNI found (version: 1.5.4.0, include: /usr/include/ni, lib: /usr/lib/libOpenNI.so;libusb::libusb)\n'}
[7.013188] (-) TimerEvent: {}
[7.084707] (lslidar_driver) StdoutLine: {'line': b'-- looking for PCL_COMMON\n'}
[7.085433] (lslidar_driver) StdoutLine: {'line': b'-- Found PCL_COMMON: /usr/lib/x86_64-linux-gnu/libpcl_common.so\n'}
[7.085500] (lslidar_driver) StdoutLine: {'line': b'-- looking for PCL_KDTREE\n'}
[7.095360] (lslidar_driver) StdoutLine: {'line': b'-- Found PCL_KDTREE: /usr/lib/x86_64-linux-gnu/libpcl_kdtree.so\n'}
[7.095475] (lslidar_driver) StdoutLine: {'line': b'-- looking for PCL_OCTREE\n'}
[7.096152] (lslidar_driver) StdoutLine: {'line': b'-- Found PCL_OCTREE: /usr/lib/x86_64-linux-gnu/libpcl_octree.so\n'}
[7.096214] (lslidar_driver) StdoutLine: {'line': b'-- looking for PCL_SEARCH\n'}
[7.096965] (lslidar_driver) StdoutLine: {'line': b'-- Found PCL_SEARCH: /usr/lib/x86_64-linux-gnu/libpcl_search.so\n'}
[7.097033] (lslidar_driver) StdoutLine: {'line': b'-- looking for PCL_SAMPLE_CONSENSUS\n'}
[7.097707] (lslidar_driver) StdoutLine: {'line': b'-- Found PCL_SAMPLE_CONSENSUS: /usr/lib/x86_64-linux-gnu/libpcl_sample_consensus.so\n'}
[7.097767] (lslidar_driver) StdoutLine: {'line': b'-- looking for PCL_FILTERS\n'}
[7.098382] (lslidar_driver) StdoutLine: {'line': b'-- Found PCL_FILTERS: /usr/lib/x86_64-linux-gnu/libpcl_filters.so\n'}
[7.098445] (lslidar_driver) StdoutLine: {'line': b'-- looking for PCL_2D\n'}
[7.098577] (lslidar_driver) StdoutLine: {'line': b'-- Found PCL_2D: /usr/include/pcl-1.12\n'}
[7.098661] (lslidar_driver) StdoutLine: {'line': b'-- looking for PCL_GEOMETRY\n'}
[7.098874] (lslidar_driver) StdoutLine: {'line': b'-- Found PCL_GEOMETRY: /usr/include/pcl-1.12\n'}
[7.099000] (lslidar_driver) StdoutLine: {'line': b'-- looking for PCL_IO\n'}
[7.100493] (lslidar_driver) StdoutLine: {'line': b'-- Found PCL_IO: /usr/lib/x86_64-linux-gnu/libpcl_io.so\n'}
[7.100671] (lslidar_driver) StdoutLine: {'line': b'-- looking for PCL_FEATURES\n'}
[7.102040] (lslidar_driver) StdoutLine: {'line': b'-- Found PCL_FEATURES: /usr/lib/x86_64-linux-gnu/libpcl_features.so\n'}
[7.102190] (lslidar_driver) StdoutLine: {'line': b'-- looking for PCL_ML\n'}
[7.103500] (lslidar_driver) StdoutLine: {'line': b'-- Found PCL_ML: /usr/lib/x86_64-linux-gnu/libpcl_ml.so\n'}
[7.103653] (lslidar_driver) StdoutLine: {'line': b'-- looking for PCL_SEGMENTATION\n'}
[7.104870] (lslidar_driver) StdoutLine: {'line': b'-- Found PCL_SEGMENTATION: /usr/lib/x86_64-linux-gnu/libpcl_segmentation.so\n'}
[7.105075] (lslidar_driver) StdoutLine: {'line': b'-- looking for PCL_VISUALIZATION\n'}
[7.106319] (lslidar_driver) StdoutLine: {'line': b'-- Found PCL_VISUALIZATION: /usr/lib/x86_64-linux-gnu/libpcl_visualization.so\n'}
[7.106549] (lslidar_driver) StdoutLine: {'line': b'-- looking for PCL_SURFACE\n'}
[7.107860] (lslidar_driver) StdoutLine: {'line': b'-- Found PCL_SURFACE: /usr/lib/x86_64-linux-gnu/libpcl_surface.so\n'}
[7.108020] (lslidar_driver) StdoutLine: {'line': b'-- looking for PCL_REGISTRATION\n'}
[7.109304] (lslidar_driver) StdoutLine: {'line': b'-- Found PCL_REGISTRATION: /usr/lib/x86_64-linux-gnu/libpcl_registration.so\n'}
[7.109518] (lslidar_driver) StdoutLine: {'line': b'-- looking for PCL_KEYPOINTS\n'}
[7.110314] (lslidar_driver) StdoutLine: {'line': b'-- Found PCL_KEYPOINTS: /usr/lib/x86_64-linux-gnu/libpcl_keypoints.so\n'}
[7.110451] (lslidar_driver) StdoutLine: {'line': b'-- looking for PCL_TRACKING\n'}
[7.111032] (lslidar_driver) StdoutLine: {'line': b'-- Found PCL_TRACKING: /usr/lib/x86_64-linux-gnu/libpcl_tracking.so\n'}
[7.111304] (lslidar_driver) StdoutLine: {'line': b'-- looking for PCL_RECOGNITION\n'}
[7.111624] (lslidar_driver) StdoutLine: {'line': b'-- Found PCL_RECOGNITION: /usr/lib/x86_64-linux-gnu/libpcl_recognition.so\n'}
[7.111827] (lslidar_driver) StdoutLine: {'line': b'-- looking for PCL_STEREO\n'}
[7.112538] (lslidar_driver) StdoutLine: {'line': b'-- Found PCL_STEREO: /usr/lib/x86_64-linux-gnu/libpcl_stereo.so\n'}
[7.112679] (lslidar_driver) StdoutLine: {'line': b'-- looking for PCL_APPS\n'}
[7.113165] (lslidar_driver) StdoutLine: {'line': b'-- Found PCL_APPS: /usr/lib/x86_64-linux-gnu/libpcl_apps.so\n'}
[7.113246] (-) TimerEvent: {}
[7.113594] (lslidar_driver) StdoutLine: {'line': b'-- looking for PCL_IN_HAND_SCANNER\n'}
[7.113776] (lslidar_driver) StdoutLine: {'line': b'-- Found PCL_IN_HAND_SCANNER: /usr/include/pcl-1.12\n'}
[7.113977] (lslidar_driver) StdoutLine: {'line': b'-- looking for PCL_MODELER\n'}
[7.114125] (lslidar_driver) StdoutLine: {'line': b'-- Found PCL_MODELER: /usr/include/pcl-1.12\n'}
[7.114205] (lslidar_driver) StdoutLine: {'line': b'-- looking for PCL_POINT_CLOUD_EDITOR\n'}
[7.115307] (lslidar_driver) StdoutLine: {'line': b'-- Found PCL_POINT_CLOUD_EDITOR: /usr/include/pcl-1.12\n'}
[7.115430] (lslidar_driver) StdoutLine: {'line': b'-- looking for PCL_OUTOFCORE\n'}
[7.116012] (lslidar_driver) StdoutLine: {'line': b'-- Found PCL_OUTOFCORE: /usr/lib/x86_64-linux-gnu/libpcl_outofcore.so\n'}
[7.116146] (lslidar_driver) StdoutLine: {'line': b'-- looking for PCL_PEOPLE\n'}
[7.116796] (lslidar_driver) StdoutLine: {'line': b'-- Found PCL_PEOPLE: /usr/lib/x86_64-linux-gnu/libpcl_people.so\n'}
[7.117382] (lslidar_driver) StdoutLine: {'line': b'-- Found PCL: pcl_common;pcl_kdtree;pcl_octree;pcl_search;pcl_sample_consensus;pcl_filters;pcl_io;pcl_features;pcl_ml;pcl_segmentation;pcl_visualization;pcl_surface;pcl_registration;pcl_keypoints;pcl_tracking;pcl_recognition;pcl_stereo;pcl_apps;pcl_outofcore;pcl_people;Boost::system;Boost::filesystem;Boost::date_time;Boost::iostreams;Boost::serialization;/usr/lib/libOpenNI.so;libusb::libusb;/usr/lib/x86_64-linux-gnu/libOpenNI2.so;libusb::libusb;VTK::ChartsCore;VTK::CommonColor;VTK::CommonComputationalGeometry;VTK::CommonCore;VTK::CommonDataModel;VTK::CommonExecutionModel;VTK::CommonMath;VTK::CommonMisc;VTK::CommonTransforms;VTK::FiltersCore;VTK::FiltersExtraction;VTK::FiltersGeneral;VTK::FiltersGeometry;VTK::FiltersModeling;VTK::FiltersSources;VTK::ImagingCore;VTK::ImagingSources;VTK::InteractionImage;VTK::InteractionStyle;VTK::InteractionWidgets;VTK::IOCore;VTK::IOGeometry;VTK::IOImage;VTK::IOLegacy;VTK::IOPLY;VTK::RenderingAnnotation;VTK::RenderingCore;VTK::RenderingContext2D;VTK::RenderingLOD;VTK::RenderingFreeType;VTK::ViewsCore;VTK::ViewsContext2D;VTK::RenderingOpenGL2;VTK::GUISupportQt;FLANN::FLANN;QHULL::QHULL\n'}
[7.118837] (lslidar_driver) StdoutLine: {'line': b'-- Found diagnostic_updater: 4.0.2 (/opt/ros/humble/share/diagnostic_updater/cmake)\n'}
[7.136467] (lslidar_driver) StdoutLine: {'line': b'-- Found lslidar_msgs: 1.2.0 (/home/bill8/billeagle_ws/lslidar_ws/install/lslidar_msgs/share/lslidar_msgs/cmake)\n'}
[7.149977] (lslidar_driver) StdoutLine: {'line': b'-- Found pluginlib: 5.1.0 (/opt/ros/humble/share/pluginlib/cmake)\n'}
[7.167303] (lslidar_driver) StdoutLine: {'line': b'-- Found pcl_conversions: 2.4.5 (/opt/ros/humble/share/pcl_conversions/cmake)\n'}
[7.213452] (-) TimerEvent: {}
[7.269583] (lslidar_driver) StdoutLine: {'line': b'-- Configuring done (2.5s)\n'}
[7.313592] (-) TimerEvent: {}
[7.329859] (lslidar_driver) StdoutLine: {'line': b'-- Generating done (0.1s)\n'}
[7.333566] (lslidar_driver) StdoutLine: {'line': b'-- Build files have been written to: /home/bill8/billeagle_ws/lslidar_ws/build/lslidar_driver\n'}
[7.345380] (lslidar_driver) CommandEnded: {'returncode': 0}
[7.346195] (lslidar_driver) JobProgress: {'identifier': 'lslidar_driver', 'progress': 'build'}
[7.346660] (lslidar_driver) Command: {'cmd': ['/home/bill8/.local/bin/cmake', '--build', '/home/bill8/billeagle_ws/lslidar_ws/build/lslidar_driver', '--', '-j16', '-l16'], 'cwd': '/home/bill8/billeagle_ws/lslidar_ws/build/lslidar_driver', 'env': OrderedDict([('LESSOPEN', '| /usr/bin/lesspipe %s'), ('USER', 'bill8'), ('LC_TIME', 'pt_BR.UTF-8'), ('XDG_SESSION_TYPE', 'x11'), ('SHLVL', '1'), ('LD_LIBRARY_PATH', '/home/bill8/billeagle_ws/lslidar_ws/install/lslidar_msgs/lib:/home/bill8/microros_ws/install/micro_ros_agent/lib:/home/bill8/microros_ws/install/micro_ros_msgs/lib:/opt/ros/humble/opt/rviz_ogre_vendor/lib:/opt/ros/humble/lib/x86_64-linux-gnu:/opt/ros/humble/lib'), ('HOME', '/home/bill8'), ('OLDPWD', '/home/bill8/billeagle_ws'), ('DESKTOP_SESSION', 'ubuntu'), ('ROS_PYTHON_VERSION', '3'), ('GNOME_SHELL_SESSION_MODE', 'ubuntu'), ('GTK_MODULES', 'gail:atk-bridge'), ('LC_MONETARY', 'pt_BR.UTF-8'), ('MANAGERPID', '1725'), ('LC_CTYPE', 'pt_BR.UTF-8'), ('SYSTEMD_EXEC_PID', '2195'), ('DBUS_SESSION_BUS_ADDRESS', 'unix:path=/run/user/1000/bus'), ('COLORTERM', 'truecolor'), ('TERMINATOR_DBUS_NAME', 'net.tenshu.Terminator23558193cd9818af7fe4d2c2f5bd9d00f'), ('GIO_LAUNCHED_DESKTOP_FILE_PID', '2738'), ('COLCON_PREFIX_PATH', '/home/bill8/microros_ws/install'), ('ROS_DISTRO', 'humble'), ('GTK_IM_MODULE', 'ibus'), ('LOGNAME', 'bill8'), ('JOURNAL_STREAM', '8:24604'), ('_', '/usr/bin/colcon'), ('ROS_VERSION', '2'), ('XDG_SESSION_CLASS', 'user'), ('USERNAME', 'bill8'), ('TERM', 'xterm-256color'), ('GNOME_DESKTOP_SESSION_ID', 'this-is-deprecated'), ('ROS_LOCALHOST_ONLY', '0'), ('WINDOWPATH', '2'), ('PATH', '/usr/local/cuda/bin:/opt/ros/humble/bin:/home/bill8/.local/bin:/usr/local/sbin:/usr/local/bin:/usr/sbin:/usr/bin:/sbin:/bin:/usr/games:/usr/local/games:/snap/bin:/snap/bin'), ('SESSION_MANAGER', 'local/bill8:@/tmp/.ICE-unix/1956,unix/bill8:/tmp/.ICE-unix/1956'), ('INVOCATION_ID', '1401dba4e6b349cb84cb3c6a9a7dbd69'), ('XDG_MENU_PREFIX', 'gnome-'), ('LC_ADDRESS', 'pt_BR.UTF-8'), ('XDG_RUNTIME_DIR', '/run/user/1000'), ('DISPLAY', ':1'), ('TERMINATOR_DBUS_PATH', '/net/tenshu/Terminator2'), ('LANG', 'en_US.UTF-8'), ('XDG_CURRENT_DESKTOP', 'ubuntu:GNOME'), ('LC_TELEPHONE', 'pt_BR.UTF-8'), ('XMODIFIERS', '@im=ibus'), ('XDG_SESSION_DESKTOP', 'ubuntu'), ('XAUTHORITY', '/run/user/1000/gdm/Xauthority'), ('LS_COLORS', 'rs=0:di=01;34:ln=01;36:mh=00:pi=40;33:so=01;35:do=01;35:bd=40;33;01:cd=40;33;01:or=40;31;01:mi=00:su=37;41:sg=30;43:ca=30;41:tw=30;42:ow=34;42:st=37;44:ex=01;32:*.tar=01;31:*.tgz=01;31:*.arc=01;31:*.arj=01;31:*.taz=01;31:*.lha=01;31:*.lz4=01;31:*.lzh=01;31:*.lzma=01;31:*.tlz=01;31:*.txz=01;31:*.tzo=01;31:*.t7z=01;31:*.zip=01;31:*.z=01;31:*.dz=01;31:*.gz=01;31:*.lrz=01;31:*.lz=01;31:*.lzo=01;31:*.xz=01;31:*.zst=01;31:*.tzst=01;31:*.bz2=01;31:*.bz=01;31:*.tbz=01;31:*.tbz2=01;31:*.tz=01;31:*.deb=01;31:*.rpm=01;31:*.jar=01;31:*.war=01;31:*.ear=01;31:*.sar=01;31:*.rar=01;31:*.alz=01;31:*.ace=01;31:*.zoo=01;31:*.cpio=01;31:*.7z=01;31:*.rz=01;31:*.cab=01;31:*.wim=01;31:*.swm=01;31:*.dwm=01;31:*.esd=01;31:*.jpg=01;35:*.jpeg=01;35:*.mjpg=01;35:*.mjpeg=01;35:*.gif=01;35:*.bmp=01;35:*.pbm=01;35:*.pgm=01;35:*.ppm=01;35:*.tga=01;35:*.xbm=01;35:*.xpm=01;35:*.tif=01;35:*.tiff=01;35:*.png=01;35:*.svg=01;35:*.svgz=01;35:*.mng=01;35:*.pcx=01;35:*.mov=01;35:*.mpg=01;35:*.mpeg=01;35:*.m2v=01;35:*.mkv=01;35:*.webm=01;35:*.webp=01;35:*.ogm=01;35:*.mp4=01;35:*.m4v=01;35:*.mp4v=01;35:*.vob=01;35:*.qt=01;35:*.nuv=01;35:*.wmv=01;35:*.asf=01;35:*.rm=01;35:*.rmvb=01;35:*.flc=01;35:*.avi=01;35:*.fli=01;35:*.flv=01;35:*.gl=01;35:*.dl=01;35:*.xcf=01;35:*.xwd=01;35:*.yuv=01;35:*.cgm=01;35:*.emf=01;35:*.ogv=01;35:*.ogx=01;35:*.aac=00;36:*.au=00;36:*.flac=00;36:*.m4a=00;36:*.mid=00;36:*.midi=00;36:*.mka=00;36:*.mp3=00;36:*.mpc=00;36:*.ogg=00;36:*.ra=00;36:*.wav=00;36:*.oga=00;36:*.opus=00;36:*.spx=00;36:*.xspf=00;36:'), ('SSH_AGENT_LAUNCHER', 'gnome-keyring'), ('SSH_AUTH_SOCK', '/run/user/1000/keyring/ssh'), ('AMENT_PREFIX_PATH', '/home/bill8/billeagle_ws/lslidar_ws/install/lslidar_msgs:/home/bill8/microros_ws/install/micro_ros_setup:/home/bill8/microros_ws/install/micro_ros_agent:/home/bill8/microros_ws/install/micro_ros_msgs:/opt/ros/humble'), ('SHELL', '/bin/bash'), ('LC_NAME', 'pt_BR.UTF-8'), ('TERMINATOR_UUID', 'urn:uuid:5e4fd70b-c729-4cac-97be-7af8ed2be7ba'), ('QT_ACCESSIBILITY', '1'), ('GDMSESSION', 'ubuntu'), ('LESSCLOSE', '/usr/bin/lesspipe %s %s'), ('LC_MEASUREMENT', 'pt_BR.UTF-8'), ('GPG_AGENT_INFO', '/run/user/1000/gnupg/S.gpg-agent:0:1'), ('LC_IDENTIFICATION', 'pt_BR.UTF-8'), ('QT_IM_MODULE', 'ibus'), ('PWD', '/home/bill8/billeagle_ws/lslidar_ws/build/lslidar_driver'), ('XDG_CONFIG_DIRS', '/etc/xdg/xdg-ubuntu:/etc/xdg'), ('XDG_DATA_DIRS', '/usr/share/ubuntu:/usr/share/gnome:/usr/local/share/:/usr/share/:/var/lib/snapd/desktop'), ('PYTHONPATH', '/home/bill8/billeagle_ws/lslidar_ws/install/lslidar_msgs/local/lib/python3.10/dist-packages:/home/bill8/microros_ws/install/micro_ros_msgs/local/lib/python3.10/dist-packages:/opt/ros/humble/lib/python3.10/site-packages:/opt/ros/humble/local/lib/python3.10/dist-packages'), ('LC_NUMERIC', 'pt_BR.UTF-8'), ('LC_PAPER', 'pt_BR.UTF-8'), ('COLCON', '1'), ('VTE_VERSION', '6800'), ('CMAKE_PREFIX_PATH', '/home/bill8/billeagle_ws/lslidar_ws/install/lslidar_msgs:/home/bill8/microros_ws/install/micro_ros_setup:/home/bill8/microros_ws/install/micro_ros_agent:/home/bill8/microros_ws/install/micro_ros_msgs:/opt/ros/humble')]), 'shell': False}
[7.413724] (-) TimerEvent: {}
[7.421389] (lslidar_driver) StdoutLine: {'line': b'[ 40%] \x1b[32mBuilding CXX object CMakeFiles/lslidar_driver_node.dir/src/lslidar_driver.cc.o\x1b[0m\n'}
[7.421563] (lslidar_driver) StdoutLine: {'line': b'[ 40%] \x1b[32mBuilding CXX object CMakeFiles/lslidar_driver_node.dir/src/lslidar_driver_node.cc.o\x1b[0m\n'}
[7.421742] (lslidar_driver) StdoutLine: {'line': b'[ 80%] \x1b[32mBuilding CXX object CMakeFiles/lslidar_driver_node.dir/src/input.cc.o\x1b[0m\n'}
[7.421920] (lslidar_driver) StdoutLine: {'line': b'[ 80%] \x1b[32mBuilding CXX object CMakeFiles/lslidar_driver_node.dir/src/lsiosr.cpp.o\x1b[0m\n'}
[7.513978] (-) TimerEvent: {}
[7.614453] (-) TimerEvent: {}
[7.714959] (-) TimerEvent: {}
[7.815316] (-) TimerEvent: {}
[7.915741] (-) TimerEvent: {}
[8.016173] (-) TimerEvent: {}
[8.116620] (-) TimerEvent: {}
[8.217066] (-) TimerEvent: {}
[8.317527] (-) TimerEvent: {}
[8.417917] (-) TimerEvent: {}
[8.518299] (-) TimerEvent: {}
[8.618644] (-) TimerEvent: {}
[8.719035] (-) TimerEvent: {}
[8.819447] (-) TimerEvent: {}
[8.919804] (-) TimerEvent: {}
[9.020145] (-) TimerEvent: {}
[9.120507] (-) TimerEvent: {}
[9.220942] (-) TimerEvent: {}
[9.321313] (-) TimerEvent: {}
[9.421727] (-) TimerEvent: {}
[9.522200] (-) TimerEvent: {}
[9.622636] (-) TimerEvent: {}
[9.723012] (-) TimerEvent: {}
[9.823448] (-) TimerEvent: {}
[9.923874] (-) TimerEvent: {}
[10.024322] (-) TimerEvent: {}
[10.124746] (-) TimerEvent: {}
[10.225206] (-) TimerEvent: {}
[10.325620] (-) TimerEvent: {}
[10.426044] (-) TimerEvent: {}
[10.526410] (-) TimerEvent: {}
[10.626794] (-) TimerEvent: {}
[10.727226] (-) TimerEvent: {}
[10.827649] (-) TimerEvent: {}
[10.928091] (-) TimerEvent: {}
[11.028509] (-) TimerEvent: {}
[11.128933] (-) TimerEvent: {}
[11.229351] (-) TimerEvent: {}
[11.329765] (-) TimerEvent: {}
[11.430206] (-) TimerEvent: {}
[11.530620] (-) TimerEvent: {}
[11.631048] (-) TimerEvent: {}
[11.731347] (-) TimerEvent: {}
[11.831787] (-) TimerEvent: {}
[11.932196] (-) TimerEvent: {}
[12.032468] (-) TimerEvent: {}
[12.132784] (-) TimerEvent: {}
[12.233046] (-) TimerEvent: {}
[12.333316] (-) TimerEvent: {}
[12.433597] (-) TimerEvent: {}
[12.533928] (-) TimerEvent: {}
[12.634253] (-) TimerEvent: {}
[12.734536] (-) TimerEvent: {}
[12.834892] (-) TimerEvent: {}
[12.935142] (-) TimerEvent: {}
[13.035430] (-) TimerEvent: {}
[13.135777] (-) TimerEvent: {}
[13.236030] (-) TimerEvent: {}
[13.336384] (-) TimerEvent: {}
[13.436739] (-) TimerEvent: {}
[13.537026] (-) TimerEvent: {}
[13.637260] (-) TimerEvent: {}
[13.737531] (-) TimerEvent: {}
[13.837846] (-) TimerEvent: {}
[13.938084] (-) TimerEvent: {}
[14.038349] (-) TimerEvent: {}
[14.138618] (-) TimerEvent: {}
[14.238950] (-) TimerEvent: {}
[14.339179] (-) TimerEvent: {}
[14.439443] (-) TimerEvent: {}
[14.539781] (-) TimerEvent: {}
[14.640026] (-) TimerEvent: {}
[14.740262] (-) TimerEvent: {}
[14.840535] (-) TimerEvent: {}
[14.940863] (-) TimerEvent: {}
[15.041104] (-) TimerEvent: {}
[15.141438] (-) TimerEvent: {}
[15.241748] (-) TimerEvent: {}
[15.342023] (-) TimerEvent: {}
[15.442257] (-) TimerEvent: {}
[15.542524] (-) TimerEvent: {}
[15.642839] (-) TimerEvent: {}
[15.743177] (-) TimerEvent: {}
[15.843521] (-) TimerEvent: {}
[15.943865] (-) TimerEvent: {}
[16.028281] (lslidar_driver) StdoutLine: {'line': b'[100%] \x1b[32m\x1b[1mLinking CXX executable lslidar_driver_node\x1b[0m\n'}
[16.044071] (-) TimerEvent: {}
[16.144372] (-) TimerEvent: {}
[16.244678] (-) TimerEvent: {}
[16.345003] (-) TimerEvent: {}
[16.445302] (-) TimerEvent: {}
[16.545610] (-) TimerEvent: {}
[16.645888] (-) TimerEvent: {}
[16.746201] (-) TimerEvent: {}
[16.846467] (-) TimerEvent: {}
[16.915546] (lslidar_driver) StdoutLine: {'line': b'[100%] Built target lslidar_driver_node\n'}
[16.925618] (lslidar_driver) CommandEnded: {'returncode': 0}
[16.926124] (lslidar_driver) JobProgress: {'identifier': 'lslidar_driver', 'progress': 'install'}
[16.926608] (lslidar_driver) Command: {'cmd': ['/home/bill8/.local/bin/cmake', '--install', '/home/bill8/billeagle_ws/lslidar_ws/build/lslidar_driver'], 'cwd': '/home/bill8/billeagle_ws/lslidar_ws/build/lslidar_driver', 'env': OrderedDict([('LESSOPEN', '| /usr/bin/lesspipe %s'), ('USER', 'bill8'), ('LC_TIME', 'pt_BR.UTF-8'), ('XDG_SESSION_TYPE', 'x11'), ('SHLVL', '1'), ('LD_LIBRARY_PATH', '/home/bill8/billeagle_ws/lslidar_ws/install/lslidar_msgs/lib:/home/bill8/microros_ws/install/micro_ros_agent/lib:/home/bill8/microros_ws/install/micro_ros_msgs/lib:/opt/ros/humble/opt/rviz_ogre_vendor/lib:/opt/ros/humble/lib/x86_64-linux-gnu:/opt/ros/humble/lib'), ('HOME', '/home/bill8'), ('OLDPWD', '/home/bill8/billeagle_ws'), ('DESKTOP_SESSION', 'ubuntu'), ('ROS_PYTHON_VERSION', '3'), ('GNOME_SHELL_SESSION_MODE', 'ubuntu'), ('GTK_MODULES', 'gail:atk-bridge'), ('LC_MONETARY', 'pt_BR.UTF-8'), ('MANAGERPID', '1725'), ('LC_CTYPE', 'pt_BR.UTF-8'), ('SYSTEMD_EXEC_PID', '2195'), ('DBUS_SESSION_BUS_ADDRESS', 'unix:path=/run/user/1000/bus'), ('COLORTERM', 'truecolor'), ('TERMINATOR_DBUS_NAME', 'net.tenshu.Terminator23558193cd9818af7fe4d2c2f5bd9d00f'), ('GIO_LAUNCHED_DESKTOP_FILE_PID', '2738'), ('COLCON_PREFIX_PATH', '/home/bill8/microros_ws/install'), ('ROS_DISTRO', 'humble'), ('GTK_IM_MODULE', 'ibus'), ('LOGNAME', 'bill8'), ('JOURNAL_STREAM', '8:24604'), ('_', '/usr/bin/colcon'), ('ROS_VERSION', '2'), ('XDG_SESSION_CLASS', 'user'), ('USERNAME', 'bill8'), ('TERM', 'xterm-256color'), ('GNOME_DESKTOP_SESSION_ID', 'this-is-deprecated'), ('ROS_LOCALHOST_ONLY', '0'), ('WINDOWPATH', '2'), ('PATH', '/usr/local/cuda/bin:/opt/ros/humble/bin:/home/bill8/.local/bin:/usr/local/sbin:/usr/local/bin:/usr/sbin:/usr/bin:/sbin:/bin:/usr/games:/usr/local/games:/snap/bin:/snap/bin'), ('SESSION_MANAGER', 'local/bill8:@/tmp/.ICE-unix/1956,unix/bill8:/tmp/.ICE-unix/1956'), ('INVOCATION_ID', '1401dba4e6b349cb84cb3c6a9a7dbd69'), ('XDG_MENU_PREFIX', 'gnome-'), ('LC_ADDRESS', 'pt_BR.UTF-8'), ('XDG_RUNTIME_DIR', '/run/user/1000'), ('DISPLAY', ':1'), ('TERMINATOR_DBUS_PATH', '/net/tenshu/Terminator2'), ('LANG', 'en_US.UTF-8'), ('XDG_CURRENT_DESKTOP', 'ubuntu:GNOME'), ('LC_TELEPHONE', 'pt_BR.UTF-8'), ('XMODIFIERS', '@im=ibus'), ('XDG_SESSION_DESKTOP', 'ubuntu'), ('XAUTHORITY', '/run/user/1000/gdm/Xauthority'), ('LS_COLORS', 'rs=0:di=01;34:ln=01;36:mh=00:pi=40;33:so=01;35:do=01;35:bd=40;33;01:cd=40;33;01:or=40;31;01:mi=00:su=37;41:sg=30;43:ca=30;41:tw=30;42:ow=34;42:st=37;44:ex=01;32:*.tar=01;31:*.tgz=01;31:*.arc=01;31:*.arj=01;31:*.taz=01;31:*.lha=01;31:*.lz4=01;31:*.lzh=01;31:*.lzma=01;31:*.tlz=01;31:*.txz=01;31:*.tzo=01;31:*.t7z=01;31:*.zip=01;31:*.z=01;31:*.dz=01;31:*.gz=01;31:*.lrz=01;31:*.lz=01;31:*.lzo=01;31:*.xz=01;31:*.zst=01;31:*.tzst=01;31:*.bz2=01;31:*.bz=01;31:*.tbz=01;31:*.tbz2=01;31:*.tz=01;31:*.deb=01;31:*.rpm=01;31:*.jar=01;31:*.war=01;31:*.ear=01;31:*.sar=01;31:*.rar=01;31:*.alz=01;31:*.ace=01;31:*.zoo=01;31:*.cpio=01;31:*.7z=01;31:*.rz=01;31:*.cab=01;31:*.wim=01;31:*.swm=01;31:*.dwm=01;31:*.esd=01;31:*.jpg=01;35:*.jpeg=01;35:*.mjpg=01;35:*.mjpeg=01;35:*.gif=01;35:*.bmp=01;35:*.pbm=01;35:*.pgm=01;35:*.ppm=01;35:*.tga=01;35:*.xbm=01;35:*.xpm=01;35:*.tif=01;35:*.tiff=01;35:*.png=01;35:*.svg=01;35:*.svgz=01;35:*.mng=01;35:*.pcx=01;35:*.mov=01;35:*.mpg=01;35:*.mpeg=01;35:*.m2v=01;35:*.mkv=01;35:*.webm=01;35:*.webp=01;35:*.ogm=01;35:*.mp4=01;35:*.m4v=01;35:*.mp4v=01;35:*.vob=01;35:*.qt=01;35:*.nuv=01;35:*.wmv=01;35:*.asf=01;35:*.rm=01;35:*.rmvb=01;35:*.flc=01;35:*.avi=01;35:*.fli=01;35:*.flv=01;35:*.gl=01;35:*.dl=01;35:*.xcf=01;35:*.xwd=01;35:*.yuv=01;35:*.cgm=01;35:*.emf=01;35:*.ogv=01;35:*.ogx=01;35:*.aac=00;36:*.au=00;36:*.flac=00;36:*.m4a=00;36:*.mid=00;36:*.midi=00;36:*.mka=00;36:*.mp3=00;36:*.mpc=00;36:*.ogg=00;36:*.ra=00;36:*.wav=00;36:*.oga=00;36:*.opus=00;36:*.spx=00;36:*.xspf=00;36:'), ('SSH_AGENT_LAUNCHER', 'gnome-keyring'), ('SSH_AUTH_SOCK', '/run/user/1000/keyring/ssh'), ('AMENT_PREFIX_PATH', '/home/bill8/billeagle_ws/lslidar_ws/install/lslidar_msgs:/home/bill8/microros_ws/install/micro_ros_setup:/home/bill8/microros_ws/install/micro_ros_agent:/home/bill8/microros_ws/install/micro_ros_msgs:/opt/ros/humble'), ('SHELL', '/bin/bash'), ('LC_NAME', 'pt_BR.UTF-8'), ('TERMINATOR_UUID', 'urn:uuid:5e4fd70b-c729-4cac-97be-7af8ed2be7ba'), ('QT_ACCESSIBILITY', '1'), ('GDMSESSION', 'ubuntu'), ('LESSCLOSE', '/usr/bin/lesspipe %s %s'), ('LC_MEASUREMENT', 'pt_BR.UTF-8'), ('GPG_AGENT_INFO', '/run/user/1000/gnupg/S.gpg-agent:0:1'), ('LC_IDENTIFICATION', 'pt_BR.UTF-8'), ('QT_IM_MODULE', 'ibus'), ('PWD', '/home/bill8/billeagle_ws/lslidar_ws/build/lslidar_driver'), ('XDG_CONFIG_DIRS', '/etc/xdg/xdg-ubuntu:/etc/xdg'), ('XDG_DATA_DIRS', '/usr/share/ubuntu:/usr/share/gnome:/usr/local/share/:/usr/share/:/var/lib/snapd/desktop'), ('PYTHONPATH', '/home/bill8/billeagle_ws/lslidar_ws/install/lslidar_msgs/local/lib/python3.10/dist-packages:/home/bill8/microros_ws/install/micro_ros_msgs/local/lib/python3.10/dist-packages:/opt/ros/humble/lib/python3.10/site-packages:/opt/ros/humble/local/lib/python3.10/dist-packages'), ('LC_NUMERIC', 'pt_BR.UTF-8'), ('LC_PAPER', 'pt_BR.UTF-8'), ('COLCON', '1'), ('VTE_VERSION', '6800'), ('CMAKE_PREFIX_PATH', '/home/bill8/billeagle_ws/lslidar_ws/install/lslidar_msgs:/home/bill8/microros_ws/install/micro_ros_setup:/home/bill8/microros_ws/install/micro_ros_agent:/home/bill8/microros_ws/install/micro_ros_msgs:/opt/ros/humble')]), 'shell': False}
[16.946661] (-) TimerEvent: {}
[16.974394] (lslidar_driver) StdoutLine: {'line': b'-- Install configuration: ""\n'}
[16.974517] (lslidar_driver) StdoutLine: {'line': b'-- Installing: /home/bill8/billeagle_ws/lslidar_ws/install/lslidar_driver/share/lslidar_driver/launch\n'}
[16.974550] (lslidar_driver) StdoutLine: {'line': b'-- Installing: /home/bill8/billeagle_ws/lslidar_ws/install/lslidar_driver/share/lslidar_driver/launch/lslidar_launch.py\n'}
[16.975599] (lslidar_driver) StdoutLine: {'line': b'-- Installing: /home/bill8/billeagle_ws/lslidar_ws/install/lslidar_driver/share/lslidar_driver/params\n'}
[16.975668] (lslidar_driver) StdoutLine: {'line': b'-- Installing: /home/bill8/billeagle_ws/lslidar_ws/install/lslidar_driver/share/lslidar_driver/params/lsx10_2.yaml\n'}
[16.975698] (lslidar_driver) StdoutLine: {'line': b'-- Installing: /home/bill8/billeagle_ws/lslidar_ws/install/lslidar_driver/share/lslidar_driver/params/lsx10.yaml\n'}
[16.975828] (lslidar_driver) StdoutLine: {'line': b'-- Installing: /home/bill8/billeagle_ws/lslidar_ws/install/lslidar_driver/share/lslidar_driver/params/lsx10_1.yaml\n'}
[16.975895] (lslidar_driver) StdoutLine: {'line': b'-- Installing: /home/bill8/billeagle_ws/lslidar_ws/install/lslidar_driver/share/lslidar_driver/rviz\n'}
[16.975929] (lslidar_driver) StdoutLine: {'line': b'-- Installing: /home/bill8/billeagle_ws/lslidar_ws/install/lslidar_driver/share/lslidar_driver/rviz/lslidar.rviz\n'}
[16.975958] (lslidar_driver) StdoutLine: {'line': b'-- Installing: /home/bill8/billeagle_ws/lslidar_ws/install/lslidar_driver/lib/lslidar_driver/lslidar_driver_node\n'}
[16.977900] (lslidar_driver) StdoutLine: {'line': b'-- Set non-toolchain portion of runtime path of "/home/bill8/billeagle_ws/lslidar_ws/install/lslidar_driver/lib/lslidar_driver/lslidar_driver_node" to ""\n'}
[16.978080] (lslidar_driver) StdoutLine: {'line': b'-- Installing: /home/bill8/billeagle_ws/lslidar_ws/install/lslidar_driver/share/ament_index/resource_index/package_run_dependencies/lslidar_driver\n'}
[16.978216] (lslidar_driver) StdoutLine: {'line': b'-- Installing: /home/bill8/billeagle_ws/lslidar_ws/install/lslidar_driver/share/ament_index/resource_index/parent_prefix_path/lslidar_driver\n'}
[16.978263] (lslidar_driver) StdoutLine: {'line': b'-- Installing: /home/bill8/billeagle_ws/lslidar_ws/install/lslidar_driver/share/lslidar_driver/environment/ament_prefix_path.sh\n'}
[16.978318] (lslidar_driver) StdoutLine: {'line': b'-- Installing: /home/bill8/billeagle_ws/lslidar_ws/install/lslidar_driver/share/lslidar_driver/environment/ament_prefix_path.dsv\n'}
[16.978367] (lslidar_driver) StdoutLine: {'line': b'-- Installing: /home/bill8/billeagle_ws/lslidar_ws/install/lslidar_driver/share/lslidar_driver/environment/path.sh\n'}
[16.978416] (lslidar_driver) StdoutLine: {'line': b'-- Installing: /home/bill8/billeagle_ws/lslidar_ws/install/lslidar_driver/share/lslidar_driver/environment/path.dsv\n'}
[16.978439] (lslidar_driver) StdoutLine: {'line': b'-- Installing: /home/bill8/billeagle_ws/lslidar_ws/install/lslidar_driver/share/lslidar_driver/local_setup.bash\n'}
[16.978462] (lslidar_driver) StdoutLine: {'line': b'-- Installing: /home/bill8/billeagle_ws/lslidar_ws/install/lslidar_driver/share/lslidar_driver/local_setup.sh\n'}
[16.978485] (lslidar_driver) StdoutLine: {'line': b'-- Installing: /home/bill8/billeagle_ws/lslidar_ws/install/lslidar_driver/share/lslidar_driver/local_setup.zsh\n'}
[16.978507] (lslidar_driver) StdoutLine: {'line': b'-- Installing: /home/bill8/billeagle_ws/lslidar_ws/install/lslidar_driver/share/lslidar_driver/local_setup.dsv\n'}
[16.978528] (lslidar_driver) StdoutLine: {'line': b'-- Installing: /home/bill8/billeagle_ws/lslidar_ws/install/lslidar_driver/share/lslidar_driver/package.dsv\n'}
[16.978550] (lslidar_driver) StdoutLine: {'line': b'-- Installing: /home/bill8/billeagle_ws/lslidar_ws/install/lslidar_driver/share/ament_index/resource_index/packages/lslidar_driver\n'}
[16.978572] (lslidar_driver) StdoutLine: {'line': b'-- Installing: /home/bill8/billeagle_ws/lslidar_ws/install/lslidar_driver/share/lslidar_driver/cmake/ament_cmake_export_dependencies-extras.cmake\n'}
[16.978594] (lslidar_driver) StdoutLine: {'line': b'-- Installing: /home/bill8/billeagle_ws/lslidar_ws/install/lslidar_driver/share/lslidar_driver/cmake/ament_cmake_export_include_directories-extras.cmake\n'}
[16.978619] (lslidar_driver) StdoutLine: {'line': b'-- Installing: /home/bill8/billeagle_ws/lslidar_ws/install/lslidar_driver/share/lslidar_driver/cmake/lslidar_driverConfig.cmake\n'}
[16.978640] (lslidar_driver) StdoutLine: {'line': b'-- Installing: /home/bill8/billeagle_ws/lslidar_ws/install/lslidar_driver/share/lslidar_driver/cmake/lslidar_driverConfig-version.cmake\n'}
[16.978661] (lslidar_driver) StdoutLine: {'line': b'-- Installing: /home/bill8/billeagle_ws/lslidar_ws/install/lslidar_driver/share/lslidar_driver/package.xml\n'}
[16.979598] (lslidar_driver) CommandEnded: {'returncode': 0}
[16.985219] (lslidar_driver) JobEnded: {'identifier': 'lslidar_driver', 'rc': 0}
[16.985433] (-) EventReactorShutdown: {}
