[0.000000] (-) TimerEvent: {}
[0.000522] (bill) JobQueued: {'identifier': 'bill', 'dependencies': OrderedDict()}
[0.000555] (bill_description) JobQueued: {'identifier': 'bill_description', 'dependencies': OrderedDict()}
[0.000579] (bill_nav) JobQueued: {'identifier': 'bill_nav', 'dependencies': OrderedDict()}
[0.000598] (bill_slam) JobQueued: {'identifier': 'bill_slam', 'dependencies': OrderedDict()}
[0.000620] (bill) JobStarted: {'identifier': 'bill'}
[0.003698] (bill_description) JobStarted: {'identifier': 'bill_description'}
[0.005932] (bill_nav) JobStarted: {'identifier': 'bill_nav'}
[0.007788] (bill_slam) JobStarted: {'identifier': 'bill_slam'}
[0.010136] (bill) JobProgress: {'identifier': 'bill', 'progress': 'cmake'}
[0.010375] (bill) Command: {'cmd': ['/home/bill8/.local/bin/cmake', '/home/bill8/billeagle_ws/bill_ws/src/bill', '-DCMAKE_INSTALL_PREFIX=/home/bill8/billeagle_ws/bill_ws/install/bill'], 'cwd': '/home/bill8/billeagle_ws/bill_ws/build/bill', 'env': OrderedDict([('LESSOPEN', '| /usr/bin/lesspipe %s'), ('USER', 'bill8'), ('LC_TIME', 'pt_BR.UTF-8'), ('XDG_SESSION_TYPE', 'x11'), ('SHLVL', '1'), ('LD_LIBRARY_PATH', '/home/bill8/microros_ws/install/micro_ros_agent/lib:/home/bill8/microros_ws/install/micro_ros_msgs/lib:/opt/ros/humble/opt/rviz_ogre_vendor/lib:/opt/ros/humble/lib/x86_64-linux-gnu:/opt/ros/humble/lib'), ('HOME', '/home/bill8'), ('OLDPWD', '/home/bill8'), ('DESKTOP_SESSION', 'ubuntu'), ('ROS_PYTHON_VERSION', '3'), ('GNOME_SHELL_SESSION_MODE', 'ubuntu'), ('GTK_MODULES', 'gail:atk-bridge'), ('LC_MONETARY', 'pt_BR.UTF-8'), ('MANAGERPID', '1714'), ('LC_CTYPE', 'pt_BR.UTF-8'), ('SYSTEMD_EXEC_PID', '31471'), ('DBUS_SESSION_BUS_ADDRESS', 'unix:path=/run/user/1000/bus'), ('COLORTERM', 'truecolor'), ('TERMINATOR_DBUS_NAME', 'net.tenshu.Terminator23558193cd9818af7fe4d2c2f5bd9d00f'), ('COLCON_PREFIX_PATH', '/home/bill8/billeagle_ws/bill_ws/install:/home/bill8/microros_ws/install'), ('ROS_DISTRO', 'humble'), ('GTK_IM_MODULE', 'ibus'), ('LOGNAME', 'bill8'), ('JOURNAL_STREAM', '8:212819'), ('_', '/usr/bin/colcon'), ('ROS_VERSION', '2'), ('XDG_SESSION_CLASS', 'user'), ('USERNAME', 'bill8'), ('TERM', 'xterm-256color'), ('GNOME_DESKTOP_SESSION_ID', 'this-is-deprecated'), ('ROS_LOCALHOST_ONLY', '0'), ('WINDOWPATH', '2'), ('PATH', '/usr/local/cuda/bin:/opt/ros/humble/bin:/home/bill8/.local/bin:/usr/local/sbin:/usr/local/bin:/usr/sbin:/usr/bin:/sbin:/bin:/usr/games:/usr/local/games:/snap/bin:/snap/bin'), ('SESSION_MANAGER', 'local/bill8:@/tmp/.ICE-unix/1944,unix/bill8:/tmp/.ICE-unix/1944'), ('INVOCATION_ID', '9f9bd253a3f6467f82567c45bf8bdcd7'), ('XDG_MENU_PREFIX', 'gnome-'), ('LC_ADDRESS', 'pt_BR.UTF-8'), ('XDG_RUNTIME_DIR', '/run/user/1000'), ('DISPLAY', ':1'), ('TERMINATOR_DBUS_PATH', '/net/tenshu/Terminator2'), ('LANG', 'en_US.UTF-8'), ('XDG_CURRENT_DESKTOP', 'ubuntu:GNOME'), ('LC_TELEPHONE', 'pt_BR.UTF-8'), ('XMODIFIERS', '@im=ibus'), ('XDG_SESSION_DESKTOP', 'ubuntu'), ('XAUTHORITY', '/run/user/1000/gdm/Xauthority'), ('LS_COLORS', 'rs=0:di=01;34:ln=01;36:mh=00:pi=40;33:so=01;35:do=01;35:bd=40;33;01:cd=40;33;01:or=40;31;01:mi=00:su=37;41:sg=30;43:ca=30;41:tw=30;42:ow=34;42:st=37;44:ex=01;32:*.tar=01;31:*.tgz=01;31:*.arc=01;31:*.arj=01;31:*.taz=01;31:*.lha=01;31:*.lz4=01;31:*.lzh=01;31:*.lzma=01;31:*.tlz=01;31:*.txz=01;31:*.tzo=01;31:*.t7z=01;31:*.zip=01;31:*.z=01;31:*.dz=01;31:*.gz=01;31:*.lrz=01;31:*.lz=01;31:*.lzo=01;31:*.xz=01;31:*.zst=01;31:*.tzst=01;31:*.bz2=01;31:*.bz=01;31:*.tbz=01;31:*.tbz2=01;31:*.tz=01;31:*.deb=01;31:*.rpm=01;31:*.jar=01;31:*.war=01;31:*.ear=01;31:*.sar=01;31:*.rar=01;31:*.alz=01;31:*.ace=01;31:*.zoo=01;31:*.cpio=01;31:*.7z=01;31:*.rz=01;31:*.cab=01;31:*.wim=01;31:*.swm=01;31:*.dwm=01;31:*.esd=01;31:*.jpg=01;35:*.jpeg=01;35:*.mjpg=01;35:*.mjpeg=01;35:*.gif=01;35:*.bmp=01;35:*.pbm=01;35:*.pgm=01;35:*.ppm=01;35:*.tga=01;35:*.xbm=01;35:*.xpm=01;35:*.tif=01;35:*.tiff=01;35:*.png=01;35:*.svg=01;35:*.svgz=01;35:*.mng=01;35:*.pcx=01;35:*.mov=01;35:*.mpg=01;35:*.mpeg=01;35:*.m2v=01;35:*.mkv=01;35:*.webm=01;35:*.webp=01;35:*.ogm=01;35:*.mp4=01;35:*.m4v=01;35:*.mp4v=01;35:*.vob=01;35:*.qt=01;35:*.nuv=01;35:*.wmv=01;35:*.asf=01;35:*.rm=01;35:*.rmvb=01;35:*.flc=01;35:*.avi=01;35:*.fli=01;35:*.flv=01;35:*.gl=01;35:*.dl=01;35:*.xcf=01;35:*.xwd=01;35:*.yuv=01;35:*.cgm=01;35:*.emf=01;35:*.ogv=01;35:*.ogx=01;35:*.aac=00;36:*.au=00;36:*.flac=00;36:*.m4a=00;36:*.mid=00;36:*.midi=00;36:*.mka=00;36:*.mp3=00;36:*.mpc=00;36:*.ogg=00;36:*.ra=00;36:*.wav=00;36:*.oga=00;36:*.opus=00;36:*.spx=00;36:*.xspf=00;36:'), ('SSH_AGENT_LAUNCHER', 'gnome-keyring'), ('SSH_AUTH_SOCK', '/run/user/1000/keyring/ssh'), ('AMENT_PREFIX_PATH', '/home/bill8/billeagle_ws/bill_ws/install/bill_slam:/home/bill8/billeagle_ws/bill_ws/install/bill_nav:/home/bill8/billeagle_ws/bill_ws/install/bill_description:/home/bill8/billeagle_ws/bill_ws/install/bill:/home/bill8/microros_ws/install/micro_ros_setup:/home/bill8/microros_ws/install/micro_ros_agent:/home/bill8/microros_ws/install/micro_ros_msgs:/opt/ros/humble'), ('SHELL', '/bin/bash'), ('LC_NAME', 'pt_BR.UTF-8'), ('TERMINATOR_UUID', 'urn:uuid:057a99c7-7991-4306-b781-d3c67e9aef07'), ('QT_ACCESSIBILITY', '1'), ('GDMSESSION', 'ubuntu'), ('LESSCLOSE', '/usr/bin/lesspipe %s %s'), ('LC_MEASUREMENT', 'pt_BR.UTF-8'), ('GPG_AGENT_INFO', '/run/user/1000/gnupg/S.gpg-agent:0:1'), ('LC_IDENTIFICATION', 'pt_BR.UTF-8'), ('QT_IM_MODULE', 'ibus'), ('PWD', '/home/bill8/billeagle_ws/bill_ws/build/bill'), ('XDG_CONFIG_DIRS', '/etc/xdg/xdg-ubuntu:/etc/xdg'), ('XDG_DATA_DIRS', '/usr/share/ubuntu:/usr/share/gnome:/usr/local/share/:/usr/share/:/var/lib/snapd/desktop'), ('PYTHONPATH', '/home/bill8/microros_ws/install/micro_ros_msgs/local/lib/python3.10/dist-packages:/opt/ros/humble/lib/python3.10/site-packages:/opt/ros/humble/local/lib/python3.10/dist-packages'), ('LC_NUMERIC', 'pt_BR.UTF-8'), ('LC_PAPER', 'pt_BR.UTF-8'), ('COLCON', '1'), ('VTE_VERSION', '6800'), ('CMAKE_PREFIX_PATH', '/home/bill8/billeagle_ws/bill_ws/install/bill_slam:/home/bill8/billeagle_ws/bill_ws/install/bill_nav:/home/bill8/billeagle_ws/bill_ws/install/bill_description:/home/bill8/billeagle_ws/bill_ws/install/bill:/home/bill8/microros_ws/install/micro_ros_setup:/home/bill8/microros_ws/install/micro_ros_agent:/home/bill8/microros_ws/install/micro_ros_msgs:/opt/ros/humble')]), 'shell': False}
[0.012232] (bill_description) JobProgress: {'identifier': 'bill_description', 'progress': 'cmake'}
[0.012655] (bill_description) Command: {'cmd': ['/home/bill8/.local/bin/cmake', '/home/bill8/billeagle_ws/bill_ws/src/bill_description', '-DCMAKE_INSTALL_PREFIX=/home/bill8/billeagle_ws/bill_ws/install/bill_description'], 'cwd': '/home/bill8/billeagle_ws/bill_ws/build/bill_description', 'env': OrderedDict([('LESSOPEN', '| /usr/bin/lesspipe %s'), ('USER', 'bill8'), ('LC_TIME', 'pt_BR.UTF-8'), ('XDG_SESSION_TYPE', 'x11'), ('SHLVL', '1'), ('LD_LIBRARY_PATH', '/home/bill8/microros_ws/install/micro_ros_agent/lib:/home/bill8/microros_ws/install/micro_ros_msgs/lib:/opt/ros/humble/opt/rviz_ogre_vendor/lib:/opt/ros/humble/lib/x86_64-linux-gnu:/opt/ros/humble/lib'), ('HOME', '/home/bill8'), ('OLDPWD', '/home/bill8'), ('DESKTOP_SESSION', 'ubuntu'), ('ROS_PYTHON_VERSION', '3'), ('GNOME_SHELL_SESSION_MODE', 'ubuntu'), ('GTK_MODULES', 'gail:atk-bridge'), ('LC_MONETARY', 'pt_BR.UTF-8'), ('MANAGERPID', '1714'), ('LC_CTYPE', 'pt_BR.UTF-8'), ('SYSTEMD_EXEC_PID', '31471'), ('DBUS_SESSION_BUS_ADDRESS', 'unix:path=/run/user/1000/bus'), ('COLORTERM', 'truecolor'), ('TERMINATOR_DBUS_NAME', 'net.tenshu.Terminator23558193cd9818af7fe4d2c2f5bd9d00f'), ('COLCON_PREFIX_PATH', '/home/bill8/billeagle_ws/bill_ws/install:/home/bill8/microros_ws/install'), ('ROS_DISTRO', 'humble'), ('GTK_IM_MODULE', 'ibus'), ('LOGNAME', 'bill8'), ('JOURNAL_STREAM', '8:212819'), ('_', '/usr/bin/colcon'), ('ROS_VERSION', '2'), ('XDG_SESSION_CLASS', 'user'), ('USERNAME', 'bill8'), ('TERM', 'xterm-256color'), ('GNOME_DESKTOP_SESSION_ID', 'this-is-deprecated'), ('ROS_LOCALHOST_ONLY', '0'), ('WINDOWPATH', '2'), ('PATH', '/usr/local/cuda/bin:/opt/ros/humble/bin:/home/bill8/.local/bin:/usr/local/sbin:/usr/local/bin:/usr/sbin:/usr/bin:/sbin:/bin:/usr/games:/usr/local/games:/snap/bin:/snap/bin'), ('SESSION_MANAGER', 'local/bill8:@/tmp/.ICE-unix/1944,unix/bill8:/tmp/.ICE-unix/1944'), ('INVOCATION_ID', '9f9bd253a3f6467f82567c45bf8bdcd7'), ('XDG_MENU_PREFIX', 'gnome-'), ('LC_ADDRESS', 'pt_BR.UTF-8'), ('XDG_RUNTIME_DIR', '/run/user/1000'), ('DISPLAY', ':1'), ('TERMINATOR_DBUS_PATH', '/net/tenshu/Terminator2'), ('LANG', 'en_US.UTF-8'), ('XDG_CURRENT_DESKTOP', 'ubuntu:GNOME'), ('LC_TELEPHONE', 'pt_BR.UTF-8'), ('XMODIFIERS', '@im=ibus'), ('XDG_SESSION_DESKTOP', 'ubuntu'), ('XAUTHORITY', '/run/user/1000/gdm/Xauthority'), ('LS_COLORS', 'rs=0:di=01;34:ln=01;36:mh=00:pi=40;33:so=01;35:do=01;35:bd=40;33;01:cd=40;33;01:or=40;31;01:mi=00:su=37;41:sg=30;43:ca=30;41:tw=30;42:ow=34;42:st=37;44:ex=01;32:*.tar=01;31:*.tgz=01;31:*.arc=01;31:*.arj=01;31:*.taz=01;31:*.lha=01;31:*.lz4=01;31:*.lzh=01;31:*.lzma=01;31:*.tlz=01;31:*.txz=01;31:*.tzo=01;31:*.t7z=01;31:*.zip=01;31:*.z=01;31:*.dz=01;31:*.gz=01;31:*.lrz=01;31:*.lz=01;31:*.lzo=01;31:*.xz=01;31:*.zst=01;31:*.tzst=01;31:*.bz2=01;31:*.bz=01;31:*.tbz=01;31:*.tbz2=01;31:*.tz=01;31:*.deb=01;31:*.rpm=01;31:*.jar=01;31:*.war=01;31:*.ear=01;31:*.sar=01;31:*.rar=01;31:*.alz=01;31:*.ace=01;31:*.zoo=01;31:*.cpio=01;31:*.7z=01;31:*.rz=01;31:*.cab=01;31:*.wim=01;31:*.swm=01;31:*.dwm=01;31:*.esd=01;31:*.jpg=01;35:*.jpeg=01;35:*.mjpg=01;35:*.mjpeg=01;35:*.gif=01;35:*.bmp=01;35:*.pbm=01;35:*.pgm=01;35:*.ppm=01;35:*.tga=01;35:*.xbm=01;35:*.xpm=01;35:*.tif=01;35:*.tiff=01;35:*.png=01;35:*.svg=01;35:*.svgz=01;35:*.mng=01;35:*.pcx=01;35:*.mov=01;35:*.mpg=01;35:*.mpeg=01;35:*.m2v=01;35:*.mkv=01;35:*.webm=01;35:*.webp=01;35:*.ogm=01;35:*.mp4=01;35:*.m4v=01;35:*.mp4v=01;35:*.vob=01;35:*.qt=01;35:*.nuv=01;35:*.wmv=01;35:*.asf=01;35:*.rm=01;35:*.rmvb=01;35:*.flc=01;35:*.avi=01;35:*.fli=01;35:*.flv=01;35:*.gl=01;35:*.dl=01;35:*.xcf=01;35:*.xwd=01;35:*.yuv=01;35:*.cgm=01;35:*.emf=01;35:*.ogv=01;35:*.ogx=01;35:*.aac=00;36:*.au=00;36:*.flac=00;36:*.m4a=00;36:*.mid=00;36:*.midi=00;36:*.mka=00;36:*.mp3=00;36:*.mpc=00;36:*.ogg=00;36:*.ra=00;36:*.wav=00;36:*.oga=00;36:*.opus=00;36:*.spx=00;36:*.xspf=00;36:'), ('SSH_AGENT_LAUNCHER', 'gnome-keyring'), ('SSH_AUTH_SOCK', '/run/user/1000/keyring/ssh'), ('AMENT_PREFIX_PATH', '/home/bill8/billeagle_ws/bill_ws/install/bill_slam:/home/bill8/billeagle_ws/bill_ws/install/bill_nav:/home/bill8/billeagle_ws/bill_ws/install/bill_description:/home/bill8/billeagle_ws/bill_ws/install/bill:/home/bill8/microros_ws/install/micro_ros_setup:/home/bill8/microros_ws/install/micro_ros_agent:/home/bill8/microros_ws/install/micro_ros_msgs:/opt/ros/humble'), ('SHELL', '/bin/bash'), ('LC_NAME', 'pt_BR.UTF-8'), ('TERMINATOR_UUID', 'urn:uuid:057a99c7-7991-4306-b781-d3c67e9aef07'), ('QT_ACCESSIBILITY', '1'), ('GDMSESSION', 'ubuntu'), ('LESSCLOSE', '/usr/bin/lesspipe %s %s'), ('LC_MEASUREMENT', 'pt_BR.UTF-8'), ('GPG_AGENT_INFO', '/run/user/1000/gnupg/S.gpg-agent:0:1'), ('LC_IDENTIFICATION', 'pt_BR.UTF-8'), ('QT_IM_MODULE', 'ibus'), ('PWD', '/home/bill8/billeagle_ws/bill_ws/build/bill_description'), ('XDG_CONFIG_DIRS', '/etc/xdg/xdg-ubuntu:/etc/xdg'), ('XDG_DATA_DIRS', '/usr/share/ubuntu:/usr/share/gnome:/usr/local/share/:/usr/share/:/var/lib/snapd/desktop'), ('PYTHONPATH', '/home/bill8/microros_ws/install/micro_ros_msgs/local/lib/python3.10/dist-packages:/opt/ros/humble/lib/python3.10/site-packages:/opt/ros/humble/local/lib/python3.10/dist-packages'), ('LC_NUMERIC', 'pt_BR.UTF-8'), ('LC_PAPER', 'pt_BR.UTF-8'), ('COLCON', '1'), ('VTE_VERSION', '6800'), ('CMAKE_PREFIX_PATH', '/home/bill8/billeagle_ws/bill_ws/install/bill_slam:/home/bill8/billeagle_ws/bill_ws/install/bill_nav:/home/bill8/billeagle_ws/bill_ws/install/bill_description:/home/bill8/billeagle_ws/bill_ws/install/bill:/home/bill8/microros_ws/install/micro_ros_setup:/home/bill8/microros_ws/install/micro_ros_agent:/home/bill8/microros_ws/install/micro_ros_msgs:/opt/ros/humble')]), 'shell': False}
[0.013759] (bill_nav) JobProgress: {'identifier': 'bill_nav', 'progress': 'cmake'}
[0.014258] (bill_nav) Command: {'cmd': ['/home/bill8/.local/bin/cmake', '/home/bill8/billeagle_ws/bill_ws/src/bill_nav', '-DCMAKE_INSTALL_PREFIX=/home/bill8/billeagle_ws/bill_ws/install/bill_nav'], 'cwd': '/home/bill8/billeagle_ws/bill_ws/build/bill_nav', 'env': OrderedDict([('LESSOPEN', '| /usr/bin/lesspipe %s'), ('USER', 'bill8'), ('LC_TIME', 'pt_BR.UTF-8'), ('XDG_SESSION_TYPE', 'x11'), ('SHLVL', '1'), ('LD_LIBRARY_PATH', '/home/bill8/microros_ws/install/micro_ros_agent/lib:/home/bill8/microros_ws/install/micro_ros_msgs/lib:/opt/ros/humble/opt/rviz_ogre_vendor/lib:/opt/ros/humble/lib/x86_64-linux-gnu:/opt/ros/humble/lib'), ('HOME', '/home/bill8'), ('OLDPWD', '/home/bill8'), ('DESKTOP_SESSION', 'ubuntu'), ('ROS_PYTHON_VERSION', '3'), ('GNOME_SHELL_SESSION_MODE', 'ubuntu'), ('GTK_MODULES', 'gail:atk-bridge'), ('LC_MONETARY', 'pt_BR.UTF-8'), ('MANAGERPID', '1714'), ('LC_CTYPE', 'pt_BR.UTF-8'), ('SYSTEMD_EXEC_PID', '31471'), ('DBUS_SESSION_BUS_ADDRESS', 'unix:path=/run/user/1000/bus'), ('COLORTERM', 'truecolor'), ('TERMINATOR_DBUS_NAME', 'net.tenshu.Terminator23558193cd9818af7fe4d2c2f5bd9d00f'), ('COLCON_PREFIX_PATH', '/home/bill8/billeagle_ws/bill_ws/install:/home/bill8/microros_ws/install'), ('ROS_DISTRO', 'humble'), ('GTK_IM_MODULE', 'ibus'), ('LOGNAME', 'bill8'), ('JOURNAL_STREAM', '8:212819'), ('_', '/usr/bin/colcon'), ('ROS_VERSION', '2'), ('XDG_SESSION_CLASS', 'user'), ('USERNAME', 'bill8'), ('TERM', 'xterm-256color'), ('GNOME_DESKTOP_SESSION_ID', 'this-is-deprecated'), ('ROS_LOCALHOST_ONLY', '0'), ('WINDOWPATH', '2'), ('PATH', '/usr/local/cuda/bin:/opt/ros/humble/bin:/home/bill8/.local/bin:/usr/local/sbin:/usr/local/bin:/usr/sbin:/usr/bin:/sbin:/bin:/usr/games:/usr/local/games:/snap/bin:/snap/bin'), ('SESSION_MANAGER', 'local/bill8:@/tmp/.ICE-unix/1944,unix/bill8:/tmp/.ICE-unix/1944'), ('INVOCATION_ID', '9f9bd253a3f6467f82567c45bf8bdcd7'), ('XDG_MENU_PREFIX', 'gnome-'), ('LC_ADDRESS', 'pt_BR.UTF-8'), ('XDG_RUNTIME_DIR', '/run/user/1000'), ('DISPLAY', ':1'), ('TERMINATOR_DBUS_PATH', '/net/tenshu/Terminator2'), ('LANG', 'en_US.UTF-8'), ('XDG_CURRENT_DESKTOP', 'ubuntu:GNOME'), ('LC_TELEPHONE', 'pt_BR.UTF-8'), ('XMODIFIERS', '@im=ibus'), ('XDG_SESSION_DESKTOP', 'ubuntu'), ('XAUTHORITY', '/run/user/1000/gdm/Xauthority'), ('LS_COLORS', 'rs=0:di=01;34:ln=01;36:mh=00:pi=40;33:so=01;35:do=01;35:bd=40;33;01:cd=40;33;01:or=40;31;01:mi=00:su=37;41:sg=30;43:ca=30;41:tw=30;42:ow=34;42:st=37;44:ex=01;32:*.tar=01;31:*.tgz=01;31:*.arc=01;31:*.arj=01;31:*.taz=01;31:*.lha=01;31:*.lz4=01;31:*.lzh=01;31:*.lzma=01;31:*.tlz=01;31:*.txz=01;31:*.tzo=01;31:*.t7z=01;31:*.zip=01;31:*.z=01;31:*.dz=01;31:*.gz=01;31:*.lrz=01;31:*.lz=01;31:*.lzo=01;31:*.xz=01;31:*.zst=01;31:*.tzst=01;31:*.bz2=01;31:*.bz=01;31:*.tbz=01;31:*.tbz2=01;31:*.tz=01;31:*.deb=01;31:*.rpm=01;31:*.jar=01;31:*.war=01;31:*.ear=01;31:*.sar=01;31:*.rar=01;31:*.alz=01;31:*.ace=01;31:*.zoo=01;31:*.cpio=01;31:*.7z=01;31:*.rz=01;31:*.cab=01;31:*.wim=01;31:*.swm=01;31:*.dwm=01;31:*.esd=01;31:*.jpg=01;35:*.jpeg=01;35:*.mjpg=01;35:*.mjpeg=01;35:*.gif=01;35:*.bmp=01;35:*.pbm=01;35:*.pgm=01;35:*.ppm=01;35:*.tga=01;35:*.xbm=01;35:*.xpm=01;35:*.tif=01;35:*.tiff=01;35:*.png=01;35:*.svg=01;35:*.svgz=01;35:*.mng=01;35:*.pcx=01;35:*.mov=01;35:*.mpg=01;35:*.mpeg=01;35:*.m2v=01;35:*.mkv=01;35:*.webm=01;35:*.webp=01;35:*.ogm=01;35:*.mp4=01;35:*.m4v=01;35:*.mp4v=01;35:*.vob=01;35:*.qt=01;35:*.nuv=01;35:*.wmv=01;35:*.asf=01;35:*.rm=01;35:*.rmvb=01;35:*.flc=01;35:*.avi=01;35:*.fli=01;35:*.flv=01;35:*.gl=01;35:*.dl=01;35:*.xcf=01;35:*.xwd=01;35:*.yuv=01;35:*.cgm=01;35:*.emf=01;35:*.ogv=01;35:*.ogx=01;35:*.aac=00;36:*.au=00;36:*.flac=00;36:*.m4a=00;36:*.mid=00;36:*.midi=00;36:*.mka=00;36:*.mp3=00;36:*.mpc=00;36:*.ogg=00;36:*.ra=00;36:*.wav=00;36:*.oga=00;36:*.opus=00;36:*.spx=00;36:*.xspf=00;36:'), ('SSH_AGENT_LAUNCHER', 'gnome-keyring'), ('SSH_AUTH_SOCK', '/run/user/1000/keyring/ssh'), ('AMENT_PREFIX_PATH', '/home/bill8/billeagle_ws/bill_ws/install/bill_slam:/home/bill8/billeagle_ws/bill_ws/install/bill_nav:/home/bill8/billeagle_ws/bill_ws/install/bill_description:/home/bill8/billeagle_ws/bill_ws/install/bill:/home/bill8/microros_ws/install/micro_ros_setup:/home/bill8/microros_ws/install/micro_ros_agent:/home/bill8/microros_ws/install/micro_ros_msgs:/opt/ros/humble'), ('SHELL', '/bin/bash'), ('LC_NAME', 'pt_BR.UTF-8'), ('TERMINATOR_UUID', 'urn:uuid:057a99c7-7991-4306-b781-d3c67e9aef07'), ('QT_ACCESSIBILITY', '1'), ('GDMSESSION', 'ubuntu'), ('LESSCLOSE', '/usr/bin/lesspipe %s %s'), ('LC_MEASUREMENT', 'pt_BR.UTF-8'), ('GPG_AGENT_INFO', '/run/user/1000/gnupg/S.gpg-agent:0:1'), ('LC_IDENTIFICATION', 'pt_BR.UTF-8'), ('QT_IM_MODULE', 'ibus'), ('PWD', '/home/bill8/billeagle_ws/bill_ws/build/bill_nav'), ('XDG_CONFIG_DIRS', '/etc/xdg/xdg-ubuntu:/etc/xdg'), ('XDG_DATA_DIRS', '/usr/share/ubuntu:/usr/share/gnome:/usr/local/share/:/usr/share/:/var/lib/snapd/desktop'), ('PYTHONPATH', '/home/bill8/microros_ws/install/micro_ros_msgs/local/lib/python3.10/dist-packages:/opt/ros/humble/lib/python3.10/site-packages:/opt/ros/humble/local/lib/python3.10/dist-packages'), ('LC_NUMERIC', 'pt_BR.UTF-8'), ('LC_PAPER', 'pt_BR.UTF-8'), ('COLCON', '1'), ('VTE_VERSION', '6800'), ('CMAKE_PREFIX_PATH', '/home/bill8/billeagle_ws/bill_ws/install/bill_slam:/home/bill8/billeagle_ws/bill_ws/install/bill_nav:/home/bill8/billeagle_ws/bill_ws/install/bill_description:/home/bill8/billeagle_ws/bill_ws/install/bill:/home/bill8/microros_ws/install/micro_ros_setup:/home/bill8/microros_ws/install/micro_ros_agent:/home/bill8/microros_ws/install/micro_ros_msgs:/opt/ros/humble')]), 'shell': False}
[0.016981] (bill_slam) JobProgress: {'identifier': 'bill_slam', 'progress': 'cmake'}
[0.017524] (bill_slam) Command: {'cmd': ['/home/bill8/.local/bin/cmake', '/home/bill8/billeagle_ws/bill_ws/src/bill_slam', '-DCMAKE_INSTALL_PREFIX=/home/bill8/billeagle_ws/bill_ws/install/bill_slam'], 'cwd': '/home/bill8/billeagle_ws/bill_ws/build/bill_slam', 'env': OrderedDict([('LESSOPEN', '| /usr/bin/lesspipe %s'), ('USER', 'bill8'), ('LC_TIME', 'pt_BR.UTF-8'), ('XDG_SESSION_TYPE', 'x11'), ('SHLVL', '1'), ('LD_LIBRARY_PATH', '/home/bill8/microros_ws/install/micro_ros_agent/lib:/home/bill8/microros_ws/install/micro_ros_msgs/lib:/opt/ros/humble/opt/rviz_ogre_vendor/lib:/opt/ros/humble/lib/x86_64-linux-gnu:/opt/ros/humble/lib'), ('HOME', '/home/bill8'), ('OLDPWD', '/home/bill8'), ('DESKTOP_SESSION', 'ubuntu'), ('ROS_PYTHON_VERSION', '3'), ('GNOME_SHELL_SESSION_MODE', 'ubuntu'), ('GTK_MODULES', 'gail:atk-bridge'), ('LC_MONETARY', 'pt_BR.UTF-8'), ('MANAGERPID', '1714'), ('LC_CTYPE', 'pt_BR.UTF-8'), ('SYSTEMD_EXEC_PID', '31471'), ('DBUS_SESSION_BUS_ADDRESS', 'unix:path=/run/user/1000/bus'), ('COLORTERM', 'truecolor'), ('TERMINATOR_DBUS_NAME', 'net.tenshu.Terminator23558193cd9818af7fe4d2c2f5bd9d00f'), ('COLCON_PREFIX_PATH', '/home/bill8/billeagle_ws/bill_ws/install:/home/bill8/microros_ws/install'), ('ROS_DISTRO', 'humble'), ('GTK_IM_MODULE', 'ibus'), ('LOGNAME', 'bill8'), ('JOURNAL_STREAM', '8:212819'), ('_', '/usr/bin/colcon'), ('ROS_VERSION', '2'), ('XDG_SESSION_CLASS', 'user'), ('USERNAME', 'bill8'), ('TERM', 'xterm-256color'), ('GNOME_DESKTOP_SESSION_ID', 'this-is-deprecated'), ('ROS_LOCALHOST_ONLY', '0'), ('WINDOWPATH', '2'), ('PATH', '/usr/local/cuda/bin:/opt/ros/humble/bin:/home/bill8/.local/bin:/usr/local/sbin:/usr/local/bin:/usr/sbin:/usr/bin:/sbin:/bin:/usr/games:/usr/local/games:/snap/bin:/snap/bin'), ('SESSION_MANAGER', 'local/bill8:@/tmp/.ICE-unix/1944,unix/bill8:/tmp/.ICE-unix/1944'), ('INVOCATION_ID', '9f9bd253a3f6467f82567c45bf8bdcd7'), ('XDG_MENU_PREFIX', 'gnome-'), ('LC_ADDRESS', 'pt_BR.UTF-8'), ('XDG_RUNTIME_DIR', '/run/user/1000'), ('DISPLAY', ':1'), ('TERMINATOR_DBUS_PATH', '/net/tenshu/Terminator2'), ('LANG', 'en_US.UTF-8'), ('XDG_CURRENT_DESKTOP', 'ubuntu:GNOME'), ('LC_TELEPHONE', 'pt_BR.UTF-8'), ('XMODIFIERS', '@im=ibus'), ('XDG_SESSION_DESKTOP', 'ubuntu'), ('XAUTHORITY', '/run/user/1000/gdm/Xauthority'), ('LS_COLORS', 'rs=0:di=01;34:ln=01;36:mh=00:pi=40;33:so=01;35:do=01;35:bd=40;33;01:cd=40;33;01:or=40;31;01:mi=00:su=37;41:sg=30;43:ca=30;41:tw=30;42:ow=34;42:st=37;44:ex=01;32:*.tar=01;31:*.tgz=01;31:*.arc=01;31:*.arj=01;31:*.taz=01;31:*.lha=01;31:*.lz4=01;31:*.lzh=01;31:*.lzma=01;31:*.tlz=01;31:*.txz=01;31:*.tzo=01;31:*.t7z=01;31:*.zip=01;31:*.z=01;31:*.dz=01;31:*.gz=01;31:*.lrz=01;31:*.lz=01;31:*.lzo=01;31:*.xz=01;31:*.zst=01;31:*.tzst=01;31:*.bz2=01;31:*.bz=01;31:*.tbz=01;31:*.tbz2=01;31:*.tz=01;31:*.deb=01;31:*.rpm=01;31:*.jar=01;31:*.war=01;31:*.ear=01;31:*.sar=01;31:*.rar=01;31:*.alz=01;31:*.ace=01;31:*.zoo=01;31:*.cpio=01;31:*.7z=01;31:*.rz=01;31:*.cab=01;31:*.wim=01;31:*.swm=01;31:*.dwm=01;31:*.esd=01;31:*.jpg=01;35:*.jpeg=01;35:*.mjpg=01;35:*.mjpeg=01;35:*.gif=01;35:*.bmp=01;35:*.pbm=01;35:*.pgm=01;35:*.ppm=01;35:*.tga=01;35:*.xbm=01;35:*.xpm=01;35:*.tif=01;35:*.tiff=01;35:*.png=01;35:*.svg=01;35:*.svgz=01;35:*.mng=01;35:*.pcx=01;35:*.mov=01;35:*.mpg=01;35:*.mpeg=01;35:*.m2v=01;35:*.mkv=01;35:*.webm=01;35:*.webp=01;35:*.ogm=01;35:*.mp4=01;35:*.m4v=01;35:*.mp4v=01;35:*.vob=01;35:*.qt=01;35:*.nuv=01;35:*.wmv=01;35:*.asf=01;35:*.rm=01;35:*.rmvb=01;35:*.flc=01;35:*.avi=01;35:*.fli=01;35:*.flv=01;35:*.gl=01;35:*.dl=01;35:*.xcf=01;35:*.xwd=01;35:*.yuv=01;35:*.cgm=01;35:*.emf=01;35:*.ogv=01;35:*.ogx=01;35:*.aac=00;36:*.au=00;36:*.flac=00;36:*.m4a=00;36:*.mid=00;36:*.midi=00;36:*.mka=00;36:*.mp3=00;36:*.mpc=00;36:*.ogg=00;36:*.ra=00;36:*.wav=00;36:*.oga=00;36:*.opus=00;36:*.spx=00;36:*.xspf=00;36:'), ('SSH_AGENT_LAUNCHER', 'gnome-keyring'), ('SSH_AUTH_SOCK', '/run/user/1000/keyring/ssh'), ('AMENT_PREFIX_PATH', '/home/bill8/billeagle_ws/bill_ws/install/bill_slam:/home/bill8/billeagle_ws/bill_ws/install/bill_nav:/home/bill8/billeagle_ws/bill_ws/install/bill_description:/home/bill8/billeagle_ws/bill_ws/install/bill:/home/bill8/microros_ws/install/micro_ros_setup:/home/bill8/microros_ws/install/micro_ros_agent:/home/bill8/microros_ws/install/micro_ros_msgs:/opt/ros/humble'), ('SHELL', '/bin/bash'), ('LC_NAME', 'pt_BR.UTF-8'), ('TERMINATOR_UUID', 'urn:uuid:057a99c7-7991-4306-b781-d3c67e9aef07'), ('QT_ACCESSIBILITY', '1'), ('GDMSESSION', 'ubuntu'), ('LESSCLOSE', '/usr/bin/lesspipe %s %s'), ('LC_MEASUREMENT', 'pt_BR.UTF-8'), ('GPG_AGENT_INFO', '/run/user/1000/gnupg/S.gpg-agent:0:1'), ('LC_IDENTIFICATION', 'pt_BR.UTF-8'), ('QT_IM_MODULE', 'ibus'), ('PWD', '/home/bill8/billeagle_ws/bill_ws/build/bill_slam'), ('XDG_CONFIG_DIRS', '/etc/xdg/xdg-ubuntu:/etc/xdg'), ('XDG_DATA_DIRS', '/usr/share/ubuntu:/usr/share/gnome:/usr/local/share/:/usr/share/:/var/lib/snapd/desktop'), ('PYTHONPATH', '/home/bill8/microros_ws/install/micro_ros_msgs/local/lib/python3.10/dist-packages:/opt/ros/humble/lib/python3.10/site-packages:/opt/ros/humble/local/lib/python3.10/dist-packages'), ('LC_NUMERIC', 'pt_BR.UTF-8'), ('LC_PAPER', 'pt_BR.UTF-8'), ('COLCON', '1'), ('VTE_VERSION', '6800'), ('CMAKE_PREFIX_PATH', '/home/bill8/billeagle_ws/bill_ws/install/bill_slam:/home/bill8/billeagle_ws/bill_ws/install/bill_nav:/home/bill8/billeagle_ws/bill_ws/install/bill_description:/home/bill8/billeagle_ws/bill_ws/install/bill:/home/bill8/microros_ws/install/micro_ros_setup:/home/bill8/microros_ws/install/micro_ros_agent:/home/bill8/microros_ws/install/micro_ros_msgs:/opt/ros/humble')]), 'shell': False}
[0.061628] (bill) StderrLine: {'line': b'\x1b[0mCMake Deprecation Warning at CMakeLists.txt:1 (cmake_minimum_required):\n'}
[0.061758] (bill) StderrLine: {'line': b'  Compatibility with CMake < 3.10 will be removed from a future version of\n'}
[0.061791] (bill) StderrLine: {'line': b'  CMake.\n'}
[0.061816] (bill) StderrLine: {'line': b'\n'}
[0.061840] (bill) StderrLine: {'line': b'  Update the VERSION argument <min> value.  Or, use the <min>...<max> syntax\n'}
[0.061864] (bill) StderrLine: {'line': b'  to tell CMake that the project requires at least <min> but has been updated\n'}
[0.061887] (bill) StderrLine: {'line': b'  to work with policies introduced by <max> or earlier.\n'}
[0.061909] (bill) StderrLine: {'line': b'\n'}
[0.061932] (bill) StderrLine: {'line': b'\x1b[0m\n'}
[0.064832] (bill_nav) StderrLine: {'line': b'\x1b[0mCMake Deprecation Warning at CMakeLists.txt:1 (cmake_minimum_required):\n'}
[0.064979] (bill_nav) StderrLine: {'line': b'  Compatibility with CMake < 3.10 will be removed from a future version of\n'}
[0.065042] (bill_nav) StderrLine: {'line': b'  CMake.\n'}
[0.065100] (bill_nav) StderrLine: {'line': b'\n'}
[0.065157] (bill_nav) StderrLine: {'line': b'  Update the VERSION argument <min> value.  Or, use the <min>...<max> syntax\n'}
[0.065220] (bill_nav) StderrLine: {'line': b'  to tell CMake that the project requires at least <min> but has been updated\n'}
[0.065279] (bill_nav) StderrLine: {'line': b'  to work with policies introduced by <max> or earlier.\n'}
[0.065339] (bill_nav) StderrLine: {'line': b'\n'}
[0.065403] (bill_nav) StderrLine: {'line': b'\x1b[0m\n'}
[0.065570] (bill_slam) StderrLine: {'line': b'\x1b[0mCMake Deprecation Warning at CMakeLists.txt:1 (cmake_minimum_required):\n'}
[0.065678] (bill_slam) StderrLine: {'line': b'  Compatibility with CMake < 3.10 will be removed from a future version of\n'}
[0.065748] (bill_slam) StderrLine: {'line': b'  CMake.\n'}
[0.065809] (bill_slam) StderrLine: {'line': b'\n'}
[0.065868] (bill_slam) StderrLine: {'line': b'  Update the VERSION argument <min> value.  Or, use the <min>...<max> syntax\n'}
[0.065929] (bill_slam) StderrLine: {'line': b'  to tell CMake that the project requires at least <min> but has been updated\n'}
[0.065988] (bill_slam) StderrLine: {'line': b'  to work with policies introduced by <max> or earlier.\n'}
[0.066046] (bill_slam) StderrLine: {'line': b'\n'}
[0.066103] (bill_slam) StderrLine: {'line': b'\x1b[0m\n'}
[0.074605] (bill_description) StderrLine: {'line': b'\x1b[0mCMake Deprecation Warning at CMakeLists.txt:1 (cmake_minimum_required):\n'}
[0.074783] (bill_description) StderrLine: {'line': b'  Compatibility with CMake < 3.10 will be removed from a future version of\n'}
[0.074853] (bill_description) StderrLine: {'line': b'  CMake.\n'}
[0.074913] (bill_description) StderrLine: {'line': b'\n'}
[0.074972] (bill_description) StderrLine: {'line': b'  Update the VERSION argument <min> value.  Or, use the <min>...<max> syntax\n'}
[0.075032] (bill_description) StderrLine: {'line': b'  to tell CMake that the project requires at least <min> but has been updated\n'}
[0.075091] (bill_description) StderrLine: {'line': b'  to work with policies introduced by <max> or earlier.\n'}
[0.075149] (bill_description) StderrLine: {'line': b'\n'}
[0.075205] (bill_description) StderrLine: {'line': b'\x1b[0m\n'}
[0.095123] (bill_nav) StdoutLine: {'line': b'-- The C compiler identification is GNU 11.4.0\n'}
[0.096311] (bill) StdoutLine: {'line': b'-- The C compiler identification is GNU 11.4.0\n'}
[0.099833] (-) TimerEvent: {}
[0.103330] (bill_slam) StdoutLine: {'line': b'-- The C compiler identification is GNU 11.4.0\n'}
[0.111550] (bill_description) StdoutLine: {'line': b'-- The C compiler identification is GNU 11.4.0\n'}
[0.133679] (bill) StdoutLine: {'line': b'-- The CXX compiler identification is GNU 11.4.0\n'}
[0.136308] (bill_nav) StdoutLine: {'line': b'-- The CXX compiler identification is GNU 11.4.0\n'}
[0.139489] (bill) StdoutLine: {'line': b'-- Detecting C compiler ABI info\n'}
[0.141800] (bill_nav) StdoutLine: {'line': b'-- Detecting C compiler ABI info\n'}
[0.142819] (bill_slam) StdoutLine: {'line': b'-- The CXX compiler identification is GNU 11.4.0\n'}
[0.151234] (bill_slam) StdoutLine: {'line': b'-- Detecting C compiler ABI info\n'}
[0.164297] (bill_description) StdoutLine: {'line': b'-- The CXX compiler identification is GNU 11.4.0\n'}
[0.171371] (bill_description) StdoutLine: {'line': b'-- Detecting C compiler ABI info\n'}
[0.185439] (bill) StdoutLine: {'line': b'-- Detecting C compiler ABI info - done\n'}
[0.185601] (bill_nav) StdoutLine: {'line': b'-- Detecting C compiler ABI info - done\n'}
[0.196354] (bill) StdoutLine: {'line': b'-- Check for working C compiler: /usr/bin/cc - skipped\n'}
[0.196558] (bill_nav) StdoutLine: {'line': b'-- Check for working C compiler: /usr/bin/cc - skipped\n'}
[0.196731] (bill) StdoutLine: {'line': b'-- Detecting C compile features\n'}
[0.196851] (bill_nav) StdoutLine: {'line': b'-- Detecting C compile features\n'}
[0.196977] (bill) StdoutLine: {'line': b'-- Detecting C compile features - done\n'}
[0.197244] (bill_nav) StdoutLine: {'line': b'-- Detecting C compile features - done\n'}
[0.199397] (bill_slam) StdoutLine: {'line': b'-- Detecting C compiler ABI info - done\n'}
[0.199901] (-) TimerEvent: {}
[0.205738] (bill) StdoutLine: {'line': b'-- Detecting CXX compiler ABI info\n'}
[0.207102] (bill_nav) StdoutLine: {'line': b'-- Detecting CXX compiler ABI info\n'}
[0.211250] (bill_slam) StdoutLine: {'line': b'-- Check for working C compiler: /usr/bin/cc - skipped\n'}
[0.211422] (bill_slam) StdoutLine: {'line': b'-- Detecting C compile features\n'}
[0.211803] (bill_slam) StdoutLine: {'line': b'-- Detecting C compile features - done\n'}
[0.214356] (bill_description) StdoutLine: {'line': b'-- Detecting C compiler ABI info - done\n'}
[0.219614] (bill_slam) StdoutLine: {'line': b'-- Detecting CXX compiler ABI info\n'}
[0.224820] (bill_description) StdoutLine: {'line': b'-- Check for working C compiler: /usr/bin/cc - skipped\n'}
[0.225081] (bill_description) StdoutLine: {'line': b'-- Detecting C compile features\n'}
[0.225499] (bill_description) StdoutLine: {'line': b'-- Detecting C compile features - done\n'}
[0.234619] (bill_description) StdoutLine: {'line': b'-- Detecting CXX compiler ABI info\n'}
[0.261054] (bill_nav) StdoutLine: {'line': b'-- Detecting CXX compiler ABI info - done\n'}
[0.261273] (bill) StdoutLine: {'line': b'-- Detecting CXX compiler ABI info - done\n'}
[0.270821] (bill_slam) StdoutLine: {'line': b'-- Detecting CXX compiler ABI info - done\n'}
[0.278438] (bill) StdoutLine: {'line': b'-- Check for working CXX compiler: /usr/bin/c++ - skipped\n'}
[0.278628] (bill) StdoutLine: {'line': b'-- Detecting CXX compile features\n'}
[0.279073] (bill) StdoutLine: {'line': b'-- Detecting CXX compile features - done\n'}
[0.279197] (bill_nav) StdoutLine: {'line': b'-- Check for working CXX compiler: /usr/bin/c++ - skipped\n'}
[0.279326] (bill_nav) StdoutLine: {'line': b'-- Detecting CXX compile features\n'}
[0.279774] (bill_nav) StdoutLine: {'line': b'-- Detecting CXX compile features - done\n'}
[0.281813] (bill_slam) StdoutLine: {'line': b'-- Check for working CXX compiler: /usr/bin/c++ - skipped\n'}
[0.282046] (bill_slam) StdoutLine: {'line': b'-- Detecting CXX compile features\n'}
[0.282453] (bill_slam) StdoutLine: {'line': b'-- Detecting CXX compile features - done\n'}
[0.284515] (bill) StdoutLine: {'line': b'-- Found ament_cmake: 1.3.11 (/opt/ros/humble/share/ament_cmake/cmake)\n'}
[0.285975] (bill_description) StdoutLine: {'line': b'-- Detecting CXX compiler ABI info - done\n'}
[0.286163] (bill_nav) StdoutLine: {'line': b'-- Found ament_cmake: 1.3.11 (/opt/ros/humble/share/ament_cmake/cmake)\n'}
[0.287242] (bill_slam) StdoutLine: {'line': b'-- Found ament_cmake: 1.3.11 (/opt/ros/humble/share/ament_cmake/cmake)\n'}
[0.297090] (bill_description) StdoutLine: {'line': b'-- Check for working CXX compiler: /usr/bin/c++ - skipped\n'}
[0.297292] (bill_description) StdoutLine: {'line': b'-- Detecting CXX compile features\n'}
[0.297785] (bill_description) StdoutLine: {'line': b'-- Detecting CXX compile features - done\n'}
[0.299979] (-) TimerEvent: {}
[0.304575] (bill_description) StdoutLine: {'line': b'-- Found ament_cmake: 1.3.11 (/opt/ros/humble/share/ament_cmake/cmake)\n'}
[0.382993] (bill) StdoutLine: {'line': b'-- Found Python3: /usr/bin/python3 (found version "3.10.12") found components: Interpreter\n'}
[0.385927] (bill_nav) StdoutLine: {'line': b'-- Found Python3: /usr/bin/python3 (found version "3.10.12") found components: Interpreter\n'}
[0.386167] (bill_slam) StdoutLine: {'line': b'-- Found Python3: /usr/bin/python3 (found version "3.10.12") found components: Interpreter\n'}
[0.400073] (-) TimerEvent: {}
[0.403054] (bill_description) StdoutLine: {'line': b'-- Found Python3: /usr/bin/python3 (found version "3.10.12") found components: Interpreter\n'}
[0.443944] (bill) StdoutLine: {'line': b'-- Found ament_lint_auto: 0.12.11 (/opt/ros/humble/share/ament_lint_auto/cmake)\n'}
[0.455404] (bill_slam) StdoutLine: {'line': b'-- Found ament_lint_auto: 0.12.11 (/opt/ros/humble/share/ament_lint_auto/cmake)\n'}
[0.456875] (bill_nav) StdoutLine: {'line': b'-- Found ament_lint_auto: 0.12.11 (/opt/ros/humble/share/ament_lint_auto/cmake)\n'}
[0.461375] (bill_description) StdoutLine: {'line': b'-- Found ament_lint_auto: 0.12.11 (/opt/ros/humble/share/ament_lint_auto/cmake)\n'}
[0.497656] (bill) StdoutLine: {'line': b"-- Added test 'flake8' to check Python code syntax and style conventions\n"}
[0.498295] (bill) StdoutLine: {'line': b"-- Added test 'lint_cmake' to check CMake code style\n"}
[0.498765] (bill) StdoutLine: {'line': b"-- Added test 'pep257' to check Python code against some of the docstring style conventions in PEP 257\n"}
[0.500028] (bill) StdoutLine: {'line': b"-- Added test 'xmllint' to check XML markup files\n"}
[0.500106] (-) TimerEvent: {}
[0.500795] (bill) StdoutLine: {'line': b'-- Configuring done (0.4s)\n'}
[0.502823] (bill) StdoutLine: {'line': b'-- Generating done (0.0s)\n'}
[0.502950] (bill_slam) StdoutLine: {'line': b"-- Added test 'flake8' to check Python code syntax and style conventions\n"}
[0.503335] (bill_slam) StdoutLine: {'line': b"-- Added test 'lint_cmake' to check CMake code style\n"}
[0.503448] (bill) StdoutLine: {'line': b'-- Build files have been written to: /home/bill8/billeagle_ws/bill_ws/build/bill\n'}
[0.503690] (bill_slam) StdoutLine: {'line': b"-- Added test 'pep257' to check Python code against some of the docstring style conventions in PEP 257\n"}
[0.504424] (bill_slam) StdoutLine: {'line': b"-- Added test 'xmllint' to check XML markup files\n"}
[0.505221] (bill_slam) StdoutLine: {'line': b'-- Configuring done (0.4s)\n'}
[0.506306] (bill) CommandEnded: {'returncode': 0}
[0.507504] (bill) JobProgress: {'identifier': 'bill', 'progress': 'build'}
[0.508045] (bill) Command: {'cmd': ['/home/bill8/.local/bin/cmake', '--build', '/home/bill8/billeagle_ws/bill_ws/build/bill', '--', '-j16', '-l16'], 'cwd': '/home/bill8/billeagle_ws/bill_ws/build/bill', 'env': OrderedDict([('LESSOPEN', '| /usr/bin/lesspipe %s'), ('USER', 'bill8'), ('LC_TIME', 'pt_BR.UTF-8'), ('XDG_SESSION_TYPE', 'x11'), ('SHLVL', '1'), ('LD_LIBRARY_PATH', '/home/bill8/microros_ws/install/micro_ros_agent/lib:/home/bill8/microros_ws/install/micro_ros_msgs/lib:/opt/ros/humble/opt/rviz_ogre_vendor/lib:/opt/ros/humble/lib/x86_64-linux-gnu:/opt/ros/humble/lib'), ('HOME', '/home/bill8'), ('OLDPWD', '/home/bill8'), ('DESKTOP_SESSION', 'ubuntu'), ('ROS_PYTHON_VERSION', '3'), ('GNOME_SHELL_SESSION_MODE', 'ubuntu'), ('GTK_MODULES', 'gail:atk-bridge'), ('LC_MONETARY', 'pt_BR.UTF-8'), ('MANAGERPID', '1714'), ('LC_CTYPE', 'pt_BR.UTF-8'), ('SYSTEMD_EXEC_PID', '31471'), ('DBUS_SESSION_BUS_ADDRESS', 'unix:path=/run/user/1000/bus'), ('COLORTERM', 'truecolor'), ('TERMINATOR_DBUS_NAME', 'net.tenshu.Terminator23558193cd9818af7fe4d2c2f5bd9d00f'), ('COLCON_PREFIX_PATH', '/home/bill8/billeagle_ws/bill_ws/install:/home/bill8/microros_ws/install'), ('ROS_DISTRO', 'humble'), ('GTK_IM_MODULE', 'ibus'), ('LOGNAME', 'bill8'), ('JOURNAL_STREAM', '8:212819'), ('_', '/usr/bin/colcon'), ('ROS_VERSION', '2'), ('XDG_SESSION_CLASS', 'user'), ('USERNAME', 'bill8'), ('TERM', 'xterm-256color'), ('GNOME_DESKTOP_SESSION_ID', 'this-is-deprecated'), ('ROS_LOCALHOST_ONLY', '0'), ('WINDOWPATH', '2'), ('PATH', '/usr/local/cuda/bin:/opt/ros/humble/bin:/home/bill8/.local/bin:/usr/local/sbin:/usr/local/bin:/usr/sbin:/usr/bin:/sbin:/bin:/usr/games:/usr/local/games:/snap/bin:/snap/bin'), ('SESSION_MANAGER', 'local/bill8:@/tmp/.ICE-unix/1944,unix/bill8:/tmp/.ICE-unix/1944'), ('INVOCATION_ID', '9f9bd253a3f6467f82567c45bf8bdcd7'), ('XDG_MENU_PREFIX', 'gnome-'), ('LC_ADDRESS', 'pt_BR.UTF-8'), ('XDG_RUNTIME_DIR', '/run/user/1000'), ('DISPLAY', ':1'), ('TERMINATOR_DBUS_PATH', '/net/tenshu/Terminator2'), ('LANG', 'en_US.UTF-8'), ('XDG_CURRENT_DESKTOP', 'ubuntu:GNOME'), ('LC_TELEPHONE', 'pt_BR.UTF-8'), ('XMODIFIERS', '@im=ibus'), ('XDG_SESSION_DESKTOP', 'ubuntu'), ('XAUTHORITY', '/run/user/1000/gdm/Xauthority'), ('LS_COLORS', 'rs=0:di=01;34:ln=01;36:mh=00:pi=40;33:so=01;35:do=01;35:bd=40;33;01:cd=40;33;01:or=40;31;01:mi=00:su=37;41:sg=30;43:ca=30;41:tw=30;42:ow=34;42:st=37;44:ex=01;32:*.tar=01;31:*.tgz=01;31:*.arc=01;31:*.arj=01;31:*.taz=01;31:*.lha=01;31:*.lz4=01;31:*.lzh=01;31:*.lzma=01;31:*.tlz=01;31:*.txz=01;31:*.tzo=01;31:*.t7z=01;31:*.zip=01;31:*.z=01;31:*.dz=01;31:*.gz=01;31:*.lrz=01;31:*.lz=01;31:*.lzo=01;31:*.xz=01;31:*.zst=01;31:*.tzst=01;31:*.bz2=01;31:*.bz=01;31:*.tbz=01;31:*.tbz2=01;31:*.tz=01;31:*.deb=01;31:*.rpm=01;31:*.jar=01;31:*.war=01;31:*.ear=01;31:*.sar=01;31:*.rar=01;31:*.alz=01;31:*.ace=01;31:*.zoo=01;31:*.cpio=01;31:*.7z=01;31:*.rz=01;31:*.cab=01;31:*.wim=01;31:*.swm=01;31:*.dwm=01;31:*.esd=01;31:*.jpg=01;35:*.jpeg=01;35:*.mjpg=01;35:*.mjpeg=01;35:*.gif=01;35:*.bmp=01;35:*.pbm=01;35:*.pgm=01;35:*.ppm=01;35:*.tga=01;35:*.xbm=01;35:*.xpm=01;35:*.tif=01;35:*.tiff=01;35:*.png=01;35:*.svg=01;35:*.svgz=01;35:*.mng=01;35:*.pcx=01;35:*.mov=01;35:*.mpg=01;35:*.mpeg=01;35:*.m2v=01;35:*.mkv=01;35:*.webm=01;35:*.webp=01;35:*.ogm=01;35:*.mp4=01;35:*.m4v=01;35:*.mp4v=01;35:*.vob=01;35:*.qt=01;35:*.nuv=01;35:*.wmv=01;35:*.asf=01;35:*.rm=01;35:*.rmvb=01;35:*.flc=01;35:*.avi=01;35:*.fli=01;35:*.flv=01;35:*.gl=01;35:*.dl=01;35:*.xcf=01;35:*.xwd=01;35:*.yuv=01;35:*.cgm=01;35:*.emf=01;35:*.ogv=01;35:*.ogx=01;35:*.aac=00;36:*.au=00;36:*.flac=00;36:*.m4a=00;36:*.mid=00;36:*.midi=00;36:*.mka=00;36:*.mp3=00;36:*.mpc=00;36:*.ogg=00;36:*.ra=00;36:*.wav=00;36:*.oga=00;36:*.opus=00;36:*.spx=00;36:*.xspf=00;36:'), ('SSH_AGENT_LAUNCHER', 'gnome-keyring'), ('SSH_AUTH_SOCK', '/run/user/1000/keyring/ssh'), ('AMENT_PREFIX_PATH', '/home/bill8/billeagle_ws/bill_ws/install/bill_slam:/home/bill8/billeagle_ws/bill_ws/install/bill_nav:/home/bill8/billeagle_ws/bill_ws/install/bill_description:/home/bill8/billeagle_ws/bill_ws/install/bill:/home/bill8/microros_ws/install/micro_ros_setup:/home/bill8/microros_ws/install/micro_ros_agent:/home/bill8/microros_ws/install/micro_ros_msgs:/opt/ros/humble'), ('SHELL', '/bin/bash'), ('LC_NAME', 'pt_BR.UTF-8'), ('TERMINATOR_UUID', 'urn:uuid:057a99c7-7991-4306-b781-d3c67e9aef07'), ('QT_ACCESSIBILITY', '1'), ('GDMSESSION', 'ubuntu'), ('LESSCLOSE', '/usr/bin/lesspipe %s %s'), ('LC_MEASUREMENT', 'pt_BR.UTF-8'), ('GPG_AGENT_INFO', '/run/user/1000/gnupg/S.gpg-agent:0:1'), ('LC_IDENTIFICATION', 'pt_BR.UTF-8'), ('QT_IM_MODULE', 'ibus'), ('PWD', '/home/bill8/billeagle_ws/bill_ws/build/bill'), ('XDG_CONFIG_DIRS', '/etc/xdg/xdg-ubuntu:/etc/xdg'), ('XDG_DATA_DIRS', '/usr/share/ubuntu:/usr/share/gnome:/usr/local/share/:/usr/share/:/var/lib/snapd/desktop'), ('PYTHONPATH', '/home/bill8/microros_ws/install/micro_ros_msgs/local/lib/python3.10/dist-packages:/opt/ros/humble/lib/python3.10/site-packages:/opt/ros/humble/local/lib/python3.10/dist-packages'), ('LC_NUMERIC', 'pt_BR.UTF-8'), ('LC_PAPER', 'pt_BR.UTF-8'), ('COLCON', '1'), ('VTE_VERSION', '6800'), ('CMAKE_PREFIX_PATH', '/home/bill8/billeagle_ws/bill_ws/install/bill_slam:/home/bill8/billeagle_ws/bill_ws/install/bill_nav:/home/bill8/billeagle_ws/bill_ws/install/bill_description:/home/bill8/billeagle_ws/bill_ws/install/bill:/home/bill8/microros_ws/install/micro_ros_setup:/home/bill8/microros_ws/install/micro_ros_agent:/home/bill8/microros_ws/install/micro_ros_msgs:/opt/ros/humble')]), 'shell': False}
[0.508725] (bill_slam) StdoutLine: {'line': b'-- Generating done (0.0s)\n'}
[0.508930] (bill_slam) StdoutLine: {'line': b'-- Build files have been written to: /home/bill8/billeagle_ws/bill_ws/build/bill_slam\n'}
[0.510507] (bill_slam) CommandEnded: {'returncode': 0}
[0.510862] (bill_slam) JobProgress: {'identifier': 'bill_slam', 'progress': 'build'}
[0.511070] (bill_slam) Command: {'cmd': ['/home/bill8/.local/bin/cmake', '--build', '/home/bill8/billeagle_ws/bill_ws/build/bill_slam', '--', '-j16', '-l16'], 'cwd': '/home/bill8/billeagle_ws/bill_ws/build/bill_slam', 'env': OrderedDict([('LESSOPEN', '| /usr/bin/lesspipe %s'), ('USER', 'bill8'), ('LC_TIME', 'pt_BR.UTF-8'), ('XDG_SESSION_TYPE', 'x11'), ('SHLVL', '1'), ('LD_LIBRARY_PATH', '/home/bill8/microros_ws/install/micro_ros_agent/lib:/home/bill8/microros_ws/install/micro_ros_msgs/lib:/opt/ros/humble/opt/rviz_ogre_vendor/lib:/opt/ros/humble/lib/x86_64-linux-gnu:/opt/ros/humble/lib'), ('HOME', '/home/bill8'), ('OLDPWD', '/home/bill8'), ('DESKTOP_SESSION', 'ubuntu'), ('ROS_PYTHON_VERSION', '3'), ('GNOME_SHELL_SESSION_MODE', 'ubuntu'), ('GTK_MODULES', 'gail:atk-bridge'), ('LC_MONETARY', 'pt_BR.UTF-8'), ('MANAGERPID', '1714'), ('LC_CTYPE', 'pt_BR.UTF-8'), ('SYSTEMD_EXEC_PID', '31471'), ('DBUS_SESSION_BUS_ADDRESS', 'unix:path=/run/user/1000/bus'), ('COLORTERM', 'truecolor'), ('TERMINATOR_DBUS_NAME', 'net.tenshu.Terminator23558193cd9818af7fe4d2c2f5bd9d00f'), ('COLCON_PREFIX_PATH', '/home/bill8/billeagle_ws/bill_ws/install:/home/bill8/microros_ws/install'), ('ROS_DISTRO', 'humble'), ('GTK_IM_MODULE', 'ibus'), ('LOGNAME', 'bill8'), ('JOURNAL_STREAM', '8:212819'), ('_', '/usr/bin/colcon'), ('ROS_VERSION', '2'), ('XDG_SESSION_CLASS', 'user'), ('USERNAME', 'bill8'), ('TERM', 'xterm-256color'), ('GNOME_DESKTOP_SESSION_ID', 'this-is-deprecated'), ('ROS_LOCALHOST_ONLY', '0'), ('WINDOWPATH', '2'), ('PATH', '/usr/local/cuda/bin:/opt/ros/humble/bin:/home/bill8/.local/bin:/usr/local/sbin:/usr/local/bin:/usr/sbin:/usr/bin:/sbin:/bin:/usr/games:/usr/local/games:/snap/bin:/snap/bin'), ('SESSION_MANAGER', 'local/bill8:@/tmp/.ICE-unix/1944,unix/bill8:/tmp/.ICE-unix/1944'), ('INVOCATION_ID', '9f9bd253a3f6467f82567c45bf8bdcd7'), ('XDG_MENU_PREFIX', 'gnome-'), ('LC_ADDRESS', 'pt_BR.UTF-8'), ('XDG_RUNTIME_DIR', '/run/user/1000'), ('DISPLAY', ':1'), ('TERMINATOR_DBUS_PATH', '/net/tenshu/Terminator2'), ('LANG', 'en_US.UTF-8'), ('XDG_CURRENT_DESKTOP', 'ubuntu:GNOME'), ('LC_TELEPHONE', 'pt_BR.UTF-8'), ('XMODIFIERS', '@im=ibus'), ('XDG_SESSION_DESKTOP', 'ubuntu'), ('XAUTHORITY', '/run/user/1000/gdm/Xauthority'), ('LS_COLORS', 'rs=0:di=01;34:ln=01;36:mh=00:pi=40;33:so=01;35:do=01;35:bd=40;33;01:cd=40;33;01:or=40;31;01:mi=00:su=37;41:sg=30;43:ca=30;41:tw=30;42:ow=34;42:st=37;44:ex=01;32:*.tar=01;31:*.tgz=01;31:*.arc=01;31:*.arj=01;31:*.taz=01;31:*.lha=01;31:*.lz4=01;31:*.lzh=01;31:*.lzma=01;31:*.tlz=01;31:*.txz=01;31:*.tzo=01;31:*.t7z=01;31:*.zip=01;31:*.z=01;31:*.dz=01;31:*.gz=01;31:*.lrz=01;31:*.lz=01;31:*.lzo=01;31:*.xz=01;31:*.zst=01;31:*.tzst=01;31:*.bz2=01;31:*.bz=01;31:*.tbz=01;31:*.tbz2=01;31:*.tz=01;31:*.deb=01;31:*.rpm=01;31:*.jar=01;31:*.war=01;31:*.ear=01;31:*.sar=01;31:*.rar=01;31:*.alz=01;31:*.ace=01;31:*.zoo=01;31:*.cpio=01;31:*.7z=01;31:*.rz=01;31:*.cab=01;31:*.wim=01;31:*.swm=01;31:*.dwm=01;31:*.esd=01;31:*.jpg=01;35:*.jpeg=01;35:*.mjpg=01;35:*.mjpeg=01;35:*.gif=01;35:*.bmp=01;35:*.pbm=01;35:*.pgm=01;35:*.ppm=01;35:*.tga=01;35:*.xbm=01;35:*.xpm=01;35:*.tif=01;35:*.tiff=01;35:*.png=01;35:*.svg=01;35:*.svgz=01;35:*.mng=01;35:*.pcx=01;35:*.mov=01;35:*.mpg=01;35:*.mpeg=01;35:*.m2v=01;35:*.mkv=01;35:*.webm=01;35:*.webp=01;35:*.ogm=01;35:*.mp4=01;35:*.m4v=01;35:*.mp4v=01;35:*.vob=01;35:*.qt=01;35:*.nuv=01;35:*.wmv=01;35:*.asf=01;35:*.rm=01;35:*.rmvb=01;35:*.flc=01;35:*.avi=01;35:*.fli=01;35:*.flv=01;35:*.gl=01;35:*.dl=01;35:*.xcf=01;35:*.xwd=01;35:*.yuv=01;35:*.cgm=01;35:*.emf=01;35:*.ogv=01;35:*.ogx=01;35:*.aac=00;36:*.au=00;36:*.flac=00;36:*.m4a=00;36:*.mid=00;36:*.midi=00;36:*.mka=00;36:*.mp3=00;36:*.mpc=00;36:*.ogg=00;36:*.ra=00;36:*.wav=00;36:*.oga=00;36:*.opus=00;36:*.spx=00;36:*.xspf=00;36:'), ('SSH_AGENT_LAUNCHER', 'gnome-keyring'), ('SSH_AUTH_SOCK', '/run/user/1000/keyring/ssh'), ('AMENT_PREFIX_PATH', '/home/bill8/billeagle_ws/bill_ws/install/bill_slam:/home/bill8/billeagle_ws/bill_ws/install/bill_nav:/home/bill8/billeagle_ws/bill_ws/install/bill_description:/home/bill8/billeagle_ws/bill_ws/install/bill:/home/bill8/microros_ws/install/micro_ros_setup:/home/bill8/microros_ws/install/micro_ros_agent:/home/bill8/microros_ws/install/micro_ros_msgs:/opt/ros/humble'), ('SHELL', '/bin/bash'), ('LC_NAME', 'pt_BR.UTF-8'), ('TERMINATOR_UUID', 'urn:uuid:057a99c7-7991-4306-b781-d3c67e9aef07'), ('QT_ACCESSIBILITY', '1'), ('GDMSESSION', 'ubuntu'), ('LESSCLOSE', '/usr/bin/lesspipe %s %s'), ('LC_MEASUREMENT', 'pt_BR.UTF-8'), ('GPG_AGENT_INFO', '/run/user/1000/gnupg/S.gpg-agent:0:1'), ('LC_IDENTIFICATION', 'pt_BR.UTF-8'), ('QT_IM_MODULE', 'ibus'), ('PWD', '/home/bill8/billeagle_ws/bill_ws/build/bill_slam'), ('XDG_CONFIG_DIRS', '/etc/xdg/xdg-ubuntu:/etc/xdg'), ('XDG_DATA_DIRS', '/usr/share/ubuntu:/usr/share/gnome:/usr/local/share/:/usr/share/:/var/lib/snapd/desktop'), ('PYTHONPATH', '/home/bill8/microros_ws/install/micro_ros_msgs/local/lib/python3.10/dist-packages:/opt/ros/humble/lib/python3.10/site-packages:/opt/ros/humble/local/lib/python3.10/dist-packages'), ('LC_NUMERIC', 'pt_BR.UTF-8'), ('LC_PAPER', 'pt_BR.UTF-8'), ('COLCON', '1'), ('VTE_VERSION', '6800'), ('CMAKE_PREFIX_PATH', '/home/bill8/billeagle_ws/bill_ws/install/bill_slam:/home/bill8/billeagle_ws/bill_ws/install/bill_nav:/home/bill8/billeagle_ws/bill_ws/install/bill_description:/home/bill8/billeagle_ws/bill_ws/install/bill:/home/bill8/microros_ws/install/micro_ros_setup:/home/bill8/microros_ws/install/micro_ros_agent:/home/bill8/microros_ws/install/micro_ros_msgs:/opt/ros/humble')]), 'shell': False}
[0.514455] (bill_description) StdoutLine: {'line': b"-- Added test 'flake8' to check Python code syntax and style conventions\n"}
[0.514932] (bill_description) StdoutLine: {'line': b"-- Added test 'lint_cmake' to check CMake code style\n"}
[0.515351] (bill_description) StdoutLine: {'line': b"-- Added test 'pep257' to check Python code against some of the docstring style conventions in PEP 257\n"}
[0.516198] (bill_description) StdoutLine: {'line': b"-- Added test 'xmllint' to check XML markup files\n"}
[0.516945] (bill_description) StdoutLine: {'line': b'-- Configuring done (0.4s)\n'}
[0.518963] (bill_description) StdoutLine: {'line': b'-- Generating done (0.0s)\n'}
[0.519603] (bill_description) StdoutLine: {'line': b'-- Build files have been written to: /home/bill8/billeagle_ws/bill_ws/build/bill_description\n'}
[0.522378] (bill_description) CommandEnded: {'returncode': 0}
[0.522767] (bill_nav) StdoutLine: {'line': b"-- Added test 'flake8' to check Python code syntax and style conventions\n"}
[0.522964] (bill_description) JobProgress: {'identifier': 'bill_description', 'progress': 'build'}
[0.523292] (bill_description) Command: {'cmd': ['/home/bill8/.local/bin/cmake', '--build', '/home/bill8/billeagle_ws/bill_ws/build/bill_description', '--', '-j16', '-l16'], 'cwd': '/home/bill8/billeagle_ws/bill_ws/build/bill_description', 'env': OrderedDict([('LESSOPEN', '| /usr/bin/lesspipe %s'), ('USER', 'bill8'), ('LC_TIME', 'pt_BR.UTF-8'), ('XDG_SESSION_TYPE', 'x11'), ('SHLVL', '1'), ('LD_LIBRARY_PATH', '/home/bill8/microros_ws/install/micro_ros_agent/lib:/home/bill8/microros_ws/install/micro_ros_msgs/lib:/opt/ros/humble/opt/rviz_ogre_vendor/lib:/opt/ros/humble/lib/x86_64-linux-gnu:/opt/ros/humble/lib'), ('HOME', '/home/bill8'), ('OLDPWD', '/home/bill8'), ('DESKTOP_SESSION', 'ubuntu'), ('ROS_PYTHON_VERSION', '3'), ('GNOME_SHELL_SESSION_MODE', 'ubuntu'), ('GTK_MODULES', 'gail:atk-bridge'), ('LC_MONETARY', 'pt_BR.UTF-8'), ('MANAGERPID', '1714'), ('LC_CTYPE', 'pt_BR.UTF-8'), ('SYSTEMD_EXEC_PID', '31471'), ('DBUS_SESSION_BUS_ADDRESS', 'unix:path=/run/user/1000/bus'), ('COLORTERM', 'truecolor'), ('TERMINATOR_DBUS_NAME', 'net.tenshu.Terminator23558193cd9818af7fe4d2c2f5bd9d00f'), ('COLCON_PREFIX_PATH', '/home/bill8/billeagle_ws/bill_ws/install:/home/bill8/microros_ws/install'), ('ROS_DISTRO', 'humble'), ('GTK_IM_MODULE', 'ibus'), ('LOGNAME', 'bill8'), ('JOURNAL_STREAM', '8:212819'), ('_', '/usr/bin/colcon'), ('ROS_VERSION', '2'), ('XDG_SESSION_CLASS', 'user'), ('USERNAME', 'bill8'), ('TERM', 'xterm-256color'), ('GNOME_DESKTOP_SESSION_ID', 'this-is-deprecated'), ('ROS_LOCALHOST_ONLY', '0'), ('WINDOWPATH', '2'), ('PATH', '/usr/local/cuda/bin:/opt/ros/humble/bin:/home/bill8/.local/bin:/usr/local/sbin:/usr/local/bin:/usr/sbin:/usr/bin:/sbin:/bin:/usr/games:/usr/local/games:/snap/bin:/snap/bin'), ('SESSION_MANAGER', 'local/bill8:@/tmp/.ICE-unix/1944,unix/bill8:/tmp/.ICE-unix/1944'), ('INVOCATION_ID', '9f9bd253a3f6467f82567c45bf8bdcd7'), ('XDG_MENU_PREFIX', 'gnome-'), ('LC_ADDRESS', 'pt_BR.UTF-8'), ('XDG_RUNTIME_DIR', '/run/user/1000'), ('DISPLAY', ':1'), ('TERMINATOR_DBUS_PATH', '/net/tenshu/Terminator2'), ('LANG', 'en_US.UTF-8'), ('XDG_CURRENT_DESKTOP', 'ubuntu:GNOME'), ('LC_TELEPHONE', 'pt_BR.UTF-8'), ('XMODIFIERS', '@im=ibus'), ('XDG_SESSION_DESKTOP', 'ubuntu'), ('XAUTHORITY', '/run/user/1000/gdm/Xauthority'), ('LS_COLORS', 'rs=0:di=01;34:ln=01;36:mh=00:pi=40;33:so=01;35:do=01;35:bd=40;33;01:cd=40;33;01:or=40;31;01:mi=00:su=37;41:sg=30;43:ca=30;41:tw=30;42:ow=34;42:st=37;44:ex=01;32:*.tar=01;31:*.tgz=01;31:*.arc=01;31:*.arj=01;31:*.taz=01;31:*.lha=01;31:*.lz4=01;31:*.lzh=01;31:*.lzma=01;31:*.tlz=01;31:*.txz=01;31:*.tzo=01;31:*.t7z=01;31:*.zip=01;31:*.z=01;31:*.dz=01;31:*.gz=01;31:*.lrz=01;31:*.lz=01;31:*.lzo=01;31:*.xz=01;31:*.zst=01;31:*.tzst=01;31:*.bz2=01;31:*.bz=01;31:*.tbz=01;31:*.tbz2=01;31:*.tz=01;31:*.deb=01;31:*.rpm=01;31:*.jar=01;31:*.war=01;31:*.ear=01;31:*.sar=01;31:*.rar=01;31:*.alz=01;31:*.ace=01;31:*.zoo=01;31:*.cpio=01;31:*.7z=01;31:*.rz=01;31:*.cab=01;31:*.wim=01;31:*.swm=01;31:*.dwm=01;31:*.esd=01;31:*.jpg=01;35:*.jpeg=01;35:*.mjpg=01;35:*.mjpeg=01;35:*.gif=01;35:*.bmp=01;35:*.pbm=01;35:*.pgm=01;35:*.ppm=01;35:*.tga=01;35:*.xbm=01;35:*.xpm=01;35:*.tif=01;35:*.tiff=01;35:*.png=01;35:*.svg=01;35:*.svgz=01;35:*.mng=01;35:*.pcx=01;35:*.mov=01;35:*.mpg=01;35:*.mpeg=01;35:*.m2v=01;35:*.mkv=01;35:*.webm=01;35:*.webp=01;35:*.ogm=01;35:*.mp4=01;35:*.m4v=01;35:*.mp4v=01;35:*.vob=01;35:*.qt=01;35:*.nuv=01;35:*.wmv=01;35:*.asf=01;35:*.rm=01;35:*.rmvb=01;35:*.flc=01;35:*.avi=01;35:*.fli=01;35:*.flv=01;35:*.gl=01;35:*.dl=01;35:*.xcf=01;35:*.xwd=01;35:*.yuv=01;35:*.cgm=01;35:*.emf=01;35:*.ogv=01;35:*.ogx=01;35:*.aac=00;36:*.au=00;36:*.flac=00;36:*.m4a=00;36:*.mid=00;36:*.midi=00;36:*.mka=00;36:*.mp3=00;36:*.mpc=00;36:*.ogg=00;36:*.ra=00;36:*.wav=00;36:*.oga=00;36:*.opus=00;36:*.spx=00;36:*.xspf=00;36:'), ('SSH_AGENT_LAUNCHER', 'gnome-keyring'), ('SSH_AUTH_SOCK', '/run/user/1000/keyring/ssh'), ('AMENT_PREFIX_PATH', '/home/bill8/billeagle_ws/bill_ws/install/bill_slam:/home/bill8/billeagle_ws/bill_ws/install/bill_nav:/home/bill8/billeagle_ws/bill_ws/install/bill_description:/home/bill8/billeagle_ws/bill_ws/install/bill:/home/bill8/microros_ws/install/micro_ros_setup:/home/bill8/microros_ws/install/micro_ros_agent:/home/bill8/microros_ws/install/micro_ros_msgs:/opt/ros/humble'), ('SHELL', '/bin/bash'), ('LC_NAME', 'pt_BR.UTF-8'), ('TERMINATOR_UUID', 'urn:uuid:057a99c7-7991-4306-b781-d3c67e9aef07'), ('QT_ACCESSIBILITY', '1'), ('GDMSESSION', 'ubuntu'), ('LESSCLOSE', '/usr/bin/lesspipe %s %s'), ('LC_MEASUREMENT', 'pt_BR.UTF-8'), ('GPG_AGENT_INFO', '/run/user/1000/gnupg/S.gpg-agent:0:1'), ('LC_IDENTIFICATION', 'pt_BR.UTF-8'), ('QT_IM_MODULE', 'ibus'), ('PWD', '/home/bill8/billeagle_ws/bill_ws/build/bill_description'), ('XDG_CONFIG_DIRS', '/etc/xdg/xdg-ubuntu:/etc/xdg'), ('XDG_DATA_DIRS', '/usr/share/ubuntu:/usr/share/gnome:/usr/local/share/:/usr/share/:/var/lib/snapd/desktop'), ('PYTHONPATH', '/home/bill8/microros_ws/install/micro_ros_msgs/local/lib/python3.10/dist-packages:/opt/ros/humble/lib/python3.10/site-packages:/opt/ros/humble/local/lib/python3.10/dist-packages'), ('LC_NUMERIC', 'pt_BR.UTF-8'), ('LC_PAPER', 'pt_BR.UTF-8'), ('COLCON', '1'), ('VTE_VERSION', '6800'), ('CMAKE_PREFIX_PATH', '/home/bill8/billeagle_ws/bill_ws/install/bill_slam:/home/bill8/billeagle_ws/bill_ws/install/bill_nav:/home/bill8/billeagle_ws/bill_ws/install/bill_description:/home/bill8/billeagle_ws/bill_ws/install/bill:/home/bill8/microros_ws/install/micro_ros_setup:/home/bill8/microros_ws/install/micro_ros_agent:/home/bill8/microros_ws/install/micro_ros_msgs:/opt/ros/humble')]), 'shell': False}
[0.524527] (bill_nav) StdoutLine: {'line': b"-- Added test 'lint_cmake' to check CMake code style\n"}
[0.524676] (bill_nav) StdoutLine: {'line': b"-- Added test 'pep257' to check Python code against some of the docstring style conventions in PEP 257\n"}
[0.524756] (bill_nav) StdoutLine: {'line': b"-- Added test 'xmllint' to check XML markup files\n"}
[0.524874] (bill_nav) StdoutLine: {'line': b'-- Configuring done (0.5s)\n'}
[0.527010] (bill_nav) StdoutLine: {'line': b'-- Generating done (0.0s)\n'}
[0.527694] (bill_nav) StdoutLine: {'line': b'-- Build files have been written to: /home/bill8/billeagle_ws/bill_ws/build/bill_nav\n'}
[0.530658] (bill_nav) CommandEnded: {'returncode': 0}
[0.531140] (bill_nav) JobProgress: {'identifier': 'bill_nav', 'progress': 'build'}
[0.531485] (bill_nav) Command: {'cmd': ['/home/bill8/.local/bin/cmake', '--build', '/home/bill8/billeagle_ws/bill_ws/build/bill_nav', '--', '-j16', '-l16'], 'cwd': '/home/bill8/billeagle_ws/bill_ws/build/bill_nav', 'env': OrderedDict([('LESSOPEN', '| /usr/bin/lesspipe %s'), ('USER', 'bill8'), ('LC_TIME', 'pt_BR.UTF-8'), ('XDG_SESSION_TYPE', 'x11'), ('SHLVL', '1'), ('LD_LIBRARY_PATH', '/home/bill8/microros_ws/install/micro_ros_agent/lib:/home/bill8/microros_ws/install/micro_ros_msgs/lib:/opt/ros/humble/opt/rviz_ogre_vendor/lib:/opt/ros/humble/lib/x86_64-linux-gnu:/opt/ros/humble/lib'), ('HOME', '/home/bill8'), ('OLDPWD', '/home/bill8'), ('DESKTOP_SESSION', 'ubuntu'), ('ROS_PYTHON_VERSION', '3'), ('GNOME_SHELL_SESSION_MODE', 'ubuntu'), ('GTK_MODULES', 'gail:atk-bridge'), ('LC_MONETARY', 'pt_BR.UTF-8'), ('MANAGERPID', '1714'), ('LC_CTYPE', 'pt_BR.UTF-8'), ('SYSTEMD_EXEC_PID', '31471'), ('DBUS_SESSION_BUS_ADDRESS', 'unix:path=/run/user/1000/bus'), ('COLORTERM', 'truecolor'), ('TERMINATOR_DBUS_NAME', 'net.tenshu.Terminator23558193cd9818af7fe4d2c2f5bd9d00f'), ('COLCON_PREFIX_PATH', '/home/bill8/billeagle_ws/bill_ws/install:/home/bill8/microros_ws/install'), ('ROS_DISTRO', 'humble'), ('GTK_IM_MODULE', 'ibus'), ('LOGNAME', 'bill8'), ('JOURNAL_STREAM', '8:212819'), ('_', '/usr/bin/colcon'), ('ROS_VERSION', '2'), ('XDG_SESSION_CLASS', 'user'), ('USERNAME', 'bill8'), ('TERM', 'xterm-256color'), ('GNOME_DESKTOP_SESSION_ID', 'this-is-deprecated'), ('ROS_LOCALHOST_ONLY', '0'), ('WINDOWPATH', '2'), ('PATH', '/usr/local/cuda/bin:/opt/ros/humble/bin:/home/bill8/.local/bin:/usr/local/sbin:/usr/local/bin:/usr/sbin:/usr/bin:/sbin:/bin:/usr/games:/usr/local/games:/snap/bin:/snap/bin'), ('SESSION_MANAGER', 'local/bill8:@/tmp/.ICE-unix/1944,unix/bill8:/tmp/.ICE-unix/1944'), ('INVOCATION_ID', '9f9bd253a3f6467f82567c45bf8bdcd7'), ('XDG_MENU_PREFIX', 'gnome-'), ('LC_ADDRESS', 'pt_BR.UTF-8'), ('XDG_RUNTIME_DIR', '/run/user/1000'), ('DISPLAY', ':1'), ('TERMINATOR_DBUS_PATH', '/net/tenshu/Terminator2'), ('LANG', 'en_US.UTF-8'), ('XDG_CURRENT_DESKTOP', 'ubuntu:GNOME'), ('LC_TELEPHONE', 'pt_BR.UTF-8'), ('XMODIFIERS', '@im=ibus'), ('XDG_SESSION_DESKTOP', 'ubuntu'), ('XAUTHORITY', '/run/user/1000/gdm/Xauthority'), ('LS_COLORS', 'rs=0:di=01;34:ln=01;36:mh=00:pi=40;33:so=01;35:do=01;35:bd=40;33;01:cd=40;33;01:or=40;31;01:mi=00:su=37;41:sg=30;43:ca=30;41:tw=30;42:ow=34;42:st=37;44:ex=01;32:*.tar=01;31:*.tgz=01;31:*.arc=01;31:*.arj=01;31:*.taz=01;31:*.lha=01;31:*.lz4=01;31:*.lzh=01;31:*.lzma=01;31:*.tlz=01;31:*.txz=01;31:*.tzo=01;31:*.t7z=01;31:*.zip=01;31:*.z=01;31:*.dz=01;31:*.gz=01;31:*.lrz=01;31:*.lz=01;31:*.lzo=01;31:*.xz=01;31:*.zst=01;31:*.tzst=01;31:*.bz2=01;31:*.bz=01;31:*.tbz=01;31:*.tbz2=01;31:*.tz=01;31:*.deb=01;31:*.rpm=01;31:*.jar=01;31:*.war=01;31:*.ear=01;31:*.sar=01;31:*.rar=01;31:*.alz=01;31:*.ace=01;31:*.zoo=01;31:*.cpio=01;31:*.7z=01;31:*.rz=01;31:*.cab=01;31:*.wim=01;31:*.swm=01;31:*.dwm=01;31:*.esd=01;31:*.jpg=01;35:*.jpeg=01;35:*.mjpg=01;35:*.mjpeg=01;35:*.gif=01;35:*.bmp=01;35:*.pbm=01;35:*.pgm=01;35:*.ppm=01;35:*.tga=01;35:*.xbm=01;35:*.xpm=01;35:*.tif=01;35:*.tiff=01;35:*.png=01;35:*.svg=01;35:*.svgz=01;35:*.mng=01;35:*.pcx=01;35:*.mov=01;35:*.mpg=01;35:*.mpeg=01;35:*.m2v=01;35:*.mkv=01;35:*.webm=01;35:*.webp=01;35:*.ogm=01;35:*.mp4=01;35:*.m4v=01;35:*.mp4v=01;35:*.vob=01;35:*.qt=01;35:*.nuv=01;35:*.wmv=01;35:*.asf=01;35:*.rm=01;35:*.rmvb=01;35:*.flc=01;35:*.avi=01;35:*.fli=01;35:*.flv=01;35:*.gl=01;35:*.dl=01;35:*.xcf=01;35:*.xwd=01;35:*.yuv=01;35:*.cgm=01;35:*.emf=01;35:*.ogv=01;35:*.ogx=01;35:*.aac=00;36:*.au=00;36:*.flac=00;36:*.m4a=00;36:*.mid=00;36:*.midi=00;36:*.mka=00;36:*.mp3=00;36:*.mpc=00;36:*.ogg=00;36:*.ra=00;36:*.wav=00;36:*.oga=00;36:*.opus=00;36:*.spx=00;36:*.xspf=00;36:'), ('SSH_AGENT_LAUNCHER', 'gnome-keyring'), ('SSH_AUTH_SOCK', '/run/user/1000/keyring/ssh'), ('AMENT_PREFIX_PATH', '/home/bill8/billeagle_ws/bill_ws/install/bill_slam:/home/bill8/billeagle_ws/bill_ws/install/bill_nav:/home/bill8/billeagle_ws/bill_ws/install/bill_description:/home/bill8/billeagle_ws/bill_ws/install/bill:/home/bill8/microros_ws/install/micro_ros_setup:/home/bill8/microros_ws/install/micro_ros_agent:/home/bill8/microros_ws/install/micro_ros_msgs:/opt/ros/humble'), ('SHELL', '/bin/bash'), ('LC_NAME', 'pt_BR.UTF-8'), ('TERMINATOR_UUID', 'urn:uuid:057a99c7-7991-4306-b781-d3c67e9aef07'), ('QT_ACCESSIBILITY', '1'), ('GDMSESSION', 'ubuntu'), ('LESSCLOSE', '/usr/bin/lesspipe %s %s'), ('LC_MEASUREMENT', 'pt_BR.UTF-8'), ('GPG_AGENT_INFO', '/run/user/1000/gnupg/S.gpg-agent:0:1'), ('LC_IDENTIFICATION', 'pt_BR.UTF-8'), ('QT_IM_MODULE', 'ibus'), ('PWD', '/home/bill8/billeagle_ws/bill_ws/build/bill_nav'), ('XDG_CONFIG_DIRS', '/etc/xdg/xdg-ubuntu:/etc/xdg'), ('XDG_DATA_DIRS', '/usr/share/ubuntu:/usr/share/gnome:/usr/local/share/:/usr/share/:/var/lib/snapd/desktop'), ('PYTHONPATH', '/home/bill8/microros_ws/install/micro_ros_msgs/local/lib/python3.10/dist-packages:/opt/ros/humble/lib/python3.10/site-packages:/opt/ros/humble/local/lib/python3.10/dist-packages'), ('LC_NUMERIC', 'pt_BR.UTF-8'), ('LC_PAPER', 'pt_BR.UTF-8'), ('COLCON', '1'), ('VTE_VERSION', '6800'), ('CMAKE_PREFIX_PATH', '/home/bill8/billeagle_ws/bill_ws/install/bill_slam:/home/bill8/billeagle_ws/bill_ws/install/bill_nav:/home/bill8/billeagle_ws/bill_ws/install/bill_description:/home/bill8/billeagle_ws/bill_ws/install/bill:/home/bill8/microros_ws/install/micro_ros_setup:/home/bill8/microros_ws/install/micro_ros_agent:/home/bill8/microros_ws/install/micro_ros_msgs:/opt/ros/humble')]), 'shell': False}
[0.566556] (bill) CommandEnded: {'returncode': 0}
[0.567179] (bill) JobProgress: {'identifier': 'bill', 'progress': 'install'}
[0.600195] (-) TimerEvent: {}
[0.616031] (bill) Command: {'cmd': ['/home/bill8/.local/bin/cmake', '--install', '/home/bill8/billeagle_ws/bill_ws/build/bill'], 'cwd': '/home/bill8/billeagle_ws/bill_ws/build/bill', 'env': OrderedDict([('LESSOPEN', '| /usr/bin/lesspipe %s'), ('USER', 'bill8'), ('LC_TIME', 'pt_BR.UTF-8'), ('XDG_SESSION_TYPE', 'x11'), ('SHLVL', '1'), ('LD_LIBRARY_PATH', '/home/bill8/microros_ws/install/micro_ros_agent/lib:/home/bill8/microros_ws/install/micro_ros_msgs/lib:/opt/ros/humble/opt/rviz_ogre_vendor/lib:/opt/ros/humble/lib/x86_64-linux-gnu:/opt/ros/humble/lib'), ('HOME', '/home/bill8'), ('OLDPWD', '/home/bill8'), ('DESKTOP_SESSION', 'ubuntu'), ('ROS_PYTHON_VERSION', '3'), ('GNOME_SHELL_SESSION_MODE', 'ubuntu'), ('GTK_MODULES', 'gail:atk-bridge'), ('LC_MONETARY', 'pt_BR.UTF-8'), ('MANAGERPID', '1714'), ('LC_CTYPE', 'pt_BR.UTF-8'), ('SYSTEMD_EXEC_PID', '31471'), ('DBUS_SESSION_BUS_ADDRESS', 'unix:path=/run/user/1000/bus'), ('COLORTERM', 'truecolor'), ('TERMINATOR_DBUS_NAME', 'net.tenshu.Terminator23558193cd9818af7fe4d2c2f5bd9d00f'), ('COLCON_PREFIX_PATH', '/home/bill8/billeagle_ws/bill_ws/install:/home/bill8/microros_ws/install'), ('ROS_DISTRO', 'humble'), ('GTK_IM_MODULE', 'ibus'), ('LOGNAME', 'bill8'), ('JOURNAL_STREAM', '8:212819'), ('_', '/usr/bin/colcon'), ('ROS_VERSION', '2'), ('XDG_SESSION_CLASS', 'user'), ('USERNAME', 'bill8'), ('TERM', 'xterm-256color'), ('GNOME_DESKTOP_SESSION_ID', 'this-is-deprecated'), ('ROS_LOCALHOST_ONLY', '0'), ('WINDOWPATH', '2'), ('PATH', '/usr/local/cuda/bin:/opt/ros/humble/bin:/home/bill8/.local/bin:/usr/local/sbin:/usr/local/bin:/usr/sbin:/usr/bin:/sbin:/bin:/usr/games:/usr/local/games:/snap/bin:/snap/bin'), ('SESSION_MANAGER', 'local/bill8:@/tmp/.ICE-unix/1944,unix/bill8:/tmp/.ICE-unix/1944'), ('INVOCATION_ID', '9f9bd253a3f6467f82567c45bf8bdcd7'), ('XDG_MENU_PREFIX', 'gnome-'), ('LC_ADDRESS', 'pt_BR.UTF-8'), ('XDG_RUNTIME_DIR', '/run/user/1000'), ('DISPLAY', ':1'), ('TERMINATOR_DBUS_PATH', '/net/tenshu/Terminator2'), ('LANG', 'en_US.UTF-8'), ('XDG_CURRENT_DESKTOP', 'ubuntu:GNOME'), ('LC_TELEPHONE', 'pt_BR.UTF-8'), ('XMODIFIERS', '@im=ibus'), ('XDG_SESSION_DESKTOP', 'ubuntu'), ('XAUTHORITY', '/run/user/1000/gdm/Xauthority'), ('LS_COLORS', 'rs=0:di=01;34:ln=01;36:mh=00:pi=40;33:so=01;35:do=01;35:bd=40;33;01:cd=40;33;01:or=40;31;01:mi=00:su=37;41:sg=30;43:ca=30;41:tw=30;42:ow=34;42:st=37;44:ex=01;32:*.tar=01;31:*.tgz=01;31:*.arc=01;31:*.arj=01;31:*.taz=01;31:*.lha=01;31:*.lz4=01;31:*.lzh=01;31:*.lzma=01;31:*.tlz=01;31:*.txz=01;31:*.tzo=01;31:*.t7z=01;31:*.zip=01;31:*.z=01;31:*.dz=01;31:*.gz=01;31:*.lrz=01;31:*.lz=01;31:*.lzo=01;31:*.xz=01;31:*.zst=01;31:*.tzst=01;31:*.bz2=01;31:*.bz=01;31:*.tbz=01;31:*.tbz2=01;31:*.tz=01;31:*.deb=01;31:*.rpm=01;31:*.jar=01;31:*.war=01;31:*.ear=01;31:*.sar=01;31:*.rar=01;31:*.alz=01;31:*.ace=01;31:*.zoo=01;31:*.cpio=01;31:*.7z=01;31:*.rz=01;31:*.cab=01;31:*.wim=01;31:*.swm=01;31:*.dwm=01;31:*.esd=01;31:*.jpg=01;35:*.jpeg=01;35:*.mjpg=01;35:*.mjpeg=01;35:*.gif=01;35:*.bmp=01;35:*.pbm=01;35:*.pgm=01;35:*.ppm=01;35:*.tga=01;35:*.xbm=01;35:*.xpm=01;35:*.tif=01;35:*.tiff=01;35:*.png=01;35:*.svg=01;35:*.svgz=01;35:*.mng=01;35:*.pcx=01;35:*.mov=01;35:*.mpg=01;35:*.mpeg=01;35:*.m2v=01;35:*.mkv=01;35:*.webm=01;35:*.webp=01;35:*.ogm=01;35:*.mp4=01;35:*.m4v=01;35:*.mp4v=01;35:*.vob=01;35:*.qt=01;35:*.nuv=01;35:*.wmv=01;35:*.asf=01;35:*.rm=01;35:*.rmvb=01;35:*.flc=01;35:*.avi=01;35:*.fli=01;35:*.flv=01;35:*.gl=01;35:*.dl=01;35:*.xcf=01;35:*.xwd=01;35:*.yuv=01;35:*.cgm=01;35:*.emf=01;35:*.ogv=01;35:*.ogx=01;35:*.aac=00;36:*.au=00;36:*.flac=00;36:*.m4a=00;36:*.mid=00;36:*.midi=00;36:*.mka=00;36:*.mp3=00;36:*.mpc=00;36:*.ogg=00;36:*.ra=00;36:*.wav=00;36:*.oga=00;36:*.opus=00;36:*.spx=00;36:*.xspf=00;36:'), ('SSH_AGENT_LAUNCHER', 'gnome-keyring'), ('SSH_AUTH_SOCK', '/run/user/1000/keyring/ssh'), ('AMENT_PREFIX_PATH', '/home/bill8/billeagle_ws/bill_ws/install/bill_slam:/home/bill8/billeagle_ws/bill_ws/install/bill_nav:/home/bill8/billeagle_ws/bill_ws/install/bill_description:/home/bill8/billeagle_ws/bill_ws/install/bill:/home/bill8/microros_ws/install/micro_ros_setup:/home/bill8/microros_ws/install/micro_ros_agent:/home/bill8/microros_ws/install/micro_ros_msgs:/opt/ros/humble'), ('SHELL', '/bin/bash'), ('LC_NAME', 'pt_BR.UTF-8'), ('TERMINATOR_UUID', 'urn:uuid:057a99c7-7991-4306-b781-d3c67e9aef07'), ('QT_ACCESSIBILITY', '1'), ('GDMSESSION', 'ubuntu'), ('LESSCLOSE', '/usr/bin/lesspipe %s %s'), ('LC_MEASUREMENT', 'pt_BR.UTF-8'), ('GPG_AGENT_INFO', '/run/user/1000/gnupg/S.gpg-agent:0:1'), ('LC_IDENTIFICATION', 'pt_BR.UTF-8'), ('QT_IM_MODULE', 'ibus'), ('PWD', '/home/bill8/billeagle_ws/bill_ws/build/bill'), ('XDG_CONFIG_DIRS', '/etc/xdg/xdg-ubuntu:/etc/xdg'), ('XDG_DATA_DIRS', '/usr/share/ubuntu:/usr/share/gnome:/usr/local/share/:/usr/share/:/var/lib/snapd/desktop'), ('PYTHONPATH', '/home/bill8/microros_ws/install/micro_ros_msgs/local/lib/python3.10/dist-packages:/opt/ros/humble/lib/python3.10/site-packages:/opt/ros/humble/local/lib/python3.10/dist-packages'), ('LC_NUMERIC', 'pt_BR.UTF-8'), ('LC_PAPER', 'pt_BR.UTF-8'), ('COLCON', '1'), ('VTE_VERSION', '6800'), ('CMAKE_PREFIX_PATH', '/home/bill8/billeagle_ws/bill_ws/install/bill_slam:/home/bill8/billeagle_ws/bill_ws/install/bill_nav:/home/bill8/billeagle_ws/bill_ws/install/bill_description:/home/bill8/billeagle_ws/bill_ws/install/bill:/home/bill8/microros_ws/install/micro_ros_setup:/home/bill8/microros_ws/install/micro_ros_agent:/home/bill8/microros_ws/install/micro_ros_msgs:/opt/ros/humble')]), 'shell': False}
[0.617263] (bill_slam) CommandEnded: {'returncode': 0}
[0.617860] (bill_slam) JobProgress: {'identifier': 'bill_slam', 'progress': 'install'}
[0.618034] (bill_slam) Command: {'cmd': ['/home/bill8/.local/bin/cmake', '--install', '/home/bill8/billeagle_ws/bill_ws/build/bill_slam'], 'cwd': '/home/bill8/billeagle_ws/bill_ws/build/bill_slam', 'env': OrderedDict([('LESSOPEN', '| /usr/bin/lesspipe %s'), ('USER', 'bill8'), ('LC_TIME', 'pt_BR.UTF-8'), ('XDG_SESSION_TYPE', 'x11'), ('SHLVL', '1'), ('LD_LIBRARY_PATH', '/home/bill8/microros_ws/install/micro_ros_agent/lib:/home/bill8/microros_ws/install/micro_ros_msgs/lib:/opt/ros/humble/opt/rviz_ogre_vendor/lib:/opt/ros/humble/lib/x86_64-linux-gnu:/opt/ros/humble/lib'), ('HOME', '/home/bill8'), ('OLDPWD', '/home/bill8'), ('DESKTOP_SESSION', 'ubuntu'), ('ROS_PYTHON_VERSION', '3'), ('GNOME_SHELL_SESSION_MODE', 'ubuntu'), ('GTK_MODULES', 'gail:atk-bridge'), ('LC_MONETARY', 'pt_BR.UTF-8'), ('MANAGERPID', '1714'), ('LC_CTYPE', 'pt_BR.UTF-8'), ('SYSTEMD_EXEC_PID', '31471'), ('DBUS_SESSION_BUS_ADDRESS', 'unix:path=/run/user/1000/bus'), ('COLORTERM', 'truecolor'), ('TERMINATOR_DBUS_NAME', 'net.tenshu.Terminator23558193cd9818af7fe4d2c2f5bd9d00f'), ('COLCON_PREFIX_PATH', '/home/bill8/billeagle_ws/bill_ws/install:/home/bill8/microros_ws/install'), ('ROS_DISTRO', 'humble'), ('GTK_IM_MODULE', 'ibus'), ('LOGNAME', 'bill8'), ('JOURNAL_STREAM', '8:212819'), ('_', '/usr/bin/colcon'), ('ROS_VERSION', '2'), ('XDG_SESSION_CLASS', 'user'), ('USERNAME', 'bill8'), ('TERM', 'xterm-256color'), ('GNOME_DESKTOP_SESSION_ID', 'this-is-deprecated'), ('ROS_LOCALHOST_ONLY', '0'), ('WINDOWPATH', '2'), ('PATH', '/usr/local/cuda/bin:/opt/ros/humble/bin:/home/bill8/.local/bin:/usr/local/sbin:/usr/local/bin:/usr/sbin:/usr/bin:/sbin:/bin:/usr/games:/usr/local/games:/snap/bin:/snap/bin'), ('SESSION_MANAGER', 'local/bill8:@/tmp/.ICE-unix/1944,unix/bill8:/tmp/.ICE-unix/1944'), ('INVOCATION_ID', '9f9bd253a3f6467f82567c45bf8bdcd7'), ('XDG_MENU_PREFIX', 'gnome-'), ('LC_ADDRESS', 'pt_BR.UTF-8'), ('XDG_RUNTIME_DIR', '/run/user/1000'), ('DISPLAY', ':1'), ('TERMINATOR_DBUS_PATH', '/net/tenshu/Terminator2'), ('LANG', 'en_US.UTF-8'), ('XDG_CURRENT_DESKTOP', 'ubuntu:GNOME'), ('LC_TELEPHONE', 'pt_BR.UTF-8'), ('XMODIFIERS', '@im=ibus'), ('XDG_SESSION_DESKTOP', 'ubuntu'), ('XAUTHORITY', '/run/user/1000/gdm/Xauthority'), ('LS_COLORS', 'rs=0:di=01;34:ln=01;36:mh=00:pi=40;33:so=01;35:do=01;35:bd=40;33;01:cd=40;33;01:or=40;31;01:mi=00:su=37;41:sg=30;43:ca=30;41:tw=30;42:ow=34;42:st=37;44:ex=01;32:*.tar=01;31:*.tgz=01;31:*.arc=01;31:*.arj=01;31:*.taz=01;31:*.lha=01;31:*.lz4=01;31:*.lzh=01;31:*.lzma=01;31:*.tlz=01;31:*.txz=01;31:*.tzo=01;31:*.t7z=01;31:*.zip=01;31:*.z=01;31:*.dz=01;31:*.gz=01;31:*.lrz=01;31:*.lz=01;31:*.lzo=01;31:*.xz=01;31:*.zst=01;31:*.tzst=01;31:*.bz2=01;31:*.bz=01;31:*.tbz=01;31:*.tbz2=01;31:*.tz=01;31:*.deb=01;31:*.rpm=01;31:*.jar=01;31:*.war=01;31:*.ear=01;31:*.sar=01;31:*.rar=01;31:*.alz=01;31:*.ace=01;31:*.zoo=01;31:*.cpio=01;31:*.7z=01;31:*.rz=01;31:*.cab=01;31:*.wim=01;31:*.swm=01;31:*.dwm=01;31:*.esd=01;31:*.jpg=01;35:*.jpeg=01;35:*.mjpg=01;35:*.mjpeg=01;35:*.gif=01;35:*.bmp=01;35:*.pbm=01;35:*.pgm=01;35:*.ppm=01;35:*.tga=01;35:*.xbm=01;35:*.xpm=01;35:*.tif=01;35:*.tiff=01;35:*.png=01;35:*.svg=01;35:*.svgz=01;35:*.mng=01;35:*.pcx=01;35:*.mov=01;35:*.mpg=01;35:*.mpeg=01;35:*.m2v=01;35:*.mkv=01;35:*.webm=01;35:*.webp=01;35:*.ogm=01;35:*.mp4=01;35:*.m4v=01;35:*.mp4v=01;35:*.vob=01;35:*.qt=01;35:*.nuv=01;35:*.wmv=01;35:*.asf=01;35:*.rm=01;35:*.rmvb=01;35:*.flc=01;35:*.avi=01;35:*.fli=01;35:*.flv=01;35:*.gl=01;35:*.dl=01;35:*.xcf=01;35:*.xwd=01;35:*.yuv=01;35:*.cgm=01;35:*.emf=01;35:*.ogv=01;35:*.ogx=01;35:*.aac=00;36:*.au=00;36:*.flac=00;36:*.m4a=00;36:*.mid=00;36:*.midi=00;36:*.mka=00;36:*.mp3=00;36:*.mpc=00;36:*.ogg=00;36:*.ra=00;36:*.wav=00;36:*.oga=00;36:*.opus=00;36:*.spx=00;36:*.xspf=00;36:'), ('SSH_AGENT_LAUNCHER', 'gnome-keyring'), ('SSH_AUTH_SOCK', '/run/user/1000/keyring/ssh'), ('AMENT_PREFIX_PATH', '/home/bill8/billeagle_ws/bill_ws/install/bill_slam:/home/bill8/billeagle_ws/bill_ws/install/bill_nav:/home/bill8/billeagle_ws/bill_ws/install/bill_description:/home/bill8/billeagle_ws/bill_ws/install/bill:/home/bill8/microros_ws/install/micro_ros_setup:/home/bill8/microros_ws/install/micro_ros_agent:/home/bill8/microros_ws/install/micro_ros_msgs:/opt/ros/humble'), ('SHELL', '/bin/bash'), ('LC_NAME', 'pt_BR.UTF-8'), ('TERMINATOR_UUID', 'urn:uuid:057a99c7-7991-4306-b781-d3c67e9aef07'), ('QT_ACCESSIBILITY', '1'), ('GDMSESSION', 'ubuntu'), ('LESSCLOSE', '/usr/bin/lesspipe %s %s'), ('LC_MEASUREMENT', 'pt_BR.UTF-8'), ('GPG_AGENT_INFO', '/run/user/1000/gnupg/S.gpg-agent:0:1'), ('LC_IDENTIFICATION', 'pt_BR.UTF-8'), ('QT_IM_MODULE', 'ibus'), ('PWD', '/home/bill8/billeagle_ws/bill_ws/build/bill_slam'), ('XDG_CONFIG_DIRS', '/etc/xdg/xdg-ubuntu:/etc/xdg'), ('XDG_DATA_DIRS', '/usr/share/ubuntu:/usr/share/gnome:/usr/local/share/:/usr/share/:/var/lib/snapd/desktop'), ('PYTHONPATH', '/home/bill8/microros_ws/install/micro_ros_msgs/local/lib/python3.10/dist-packages:/opt/ros/humble/lib/python3.10/site-packages:/opt/ros/humble/local/lib/python3.10/dist-packages'), ('LC_NUMERIC', 'pt_BR.UTF-8'), ('LC_PAPER', 'pt_BR.UTF-8'), ('COLCON', '1'), ('VTE_VERSION', '6800'), ('CMAKE_PREFIX_PATH', '/home/bill8/billeagle_ws/bill_ws/install/bill_slam:/home/bill8/billeagle_ws/bill_ws/install/bill_nav:/home/bill8/billeagle_ws/bill_ws/install/bill_description:/home/bill8/billeagle_ws/bill_ws/install/bill:/home/bill8/microros_ws/install/micro_ros_setup:/home/bill8/microros_ws/install/micro_ros_agent:/home/bill8/microros_ws/install/micro_ros_msgs:/opt/ros/humble')]), 'shell': False}
[0.618623] (bill_description) CommandEnded: {'returncode': 0}
[0.618871] (bill_description) JobProgress: {'identifier': 'bill_description', 'progress': 'install'}
[0.619016] (bill_description) Command: {'cmd': ['/home/bill8/.local/bin/cmake', '--install', '/home/bill8/billeagle_ws/bill_ws/build/bill_description'], 'cwd': '/home/bill8/billeagle_ws/bill_ws/build/bill_description', 'env': OrderedDict([('LESSOPEN', '| /usr/bin/lesspipe %s'), ('USER', 'bill8'), ('LC_TIME', 'pt_BR.UTF-8'), ('XDG_SESSION_TYPE', 'x11'), ('SHLVL', '1'), ('LD_LIBRARY_PATH', '/home/bill8/microros_ws/install/micro_ros_agent/lib:/home/bill8/microros_ws/install/micro_ros_msgs/lib:/opt/ros/humble/opt/rviz_ogre_vendor/lib:/opt/ros/humble/lib/x86_64-linux-gnu:/opt/ros/humble/lib'), ('HOME', '/home/bill8'), ('OLDPWD', '/home/bill8'), ('DESKTOP_SESSION', 'ubuntu'), ('ROS_PYTHON_VERSION', '3'), ('GNOME_SHELL_SESSION_MODE', 'ubuntu'), ('GTK_MODULES', 'gail:atk-bridge'), ('LC_MONETARY', 'pt_BR.UTF-8'), ('MANAGERPID', '1714'), ('LC_CTYPE', 'pt_BR.UTF-8'), ('SYSTEMD_EXEC_PID', '31471'), ('DBUS_SESSION_BUS_ADDRESS', 'unix:path=/run/user/1000/bus'), ('COLORTERM', 'truecolor'), ('TERMINATOR_DBUS_NAME', 'net.tenshu.Terminator23558193cd9818af7fe4d2c2f5bd9d00f'), ('COLCON_PREFIX_PATH', '/home/bill8/billeagle_ws/bill_ws/install:/home/bill8/microros_ws/install'), ('ROS_DISTRO', 'humble'), ('GTK_IM_MODULE', 'ibus'), ('LOGNAME', 'bill8'), ('JOURNAL_STREAM', '8:212819'), ('_', '/usr/bin/colcon'), ('ROS_VERSION', '2'), ('XDG_SESSION_CLASS', 'user'), ('USERNAME', 'bill8'), ('TERM', 'xterm-256color'), ('GNOME_DESKTOP_SESSION_ID', 'this-is-deprecated'), ('ROS_LOCALHOST_ONLY', '0'), ('WINDOWPATH', '2'), ('PATH', '/usr/local/cuda/bin:/opt/ros/humble/bin:/home/bill8/.local/bin:/usr/local/sbin:/usr/local/bin:/usr/sbin:/usr/bin:/sbin:/bin:/usr/games:/usr/local/games:/snap/bin:/snap/bin'), ('SESSION_MANAGER', 'local/bill8:@/tmp/.ICE-unix/1944,unix/bill8:/tmp/.ICE-unix/1944'), ('INVOCATION_ID', '9f9bd253a3f6467f82567c45bf8bdcd7'), ('XDG_MENU_PREFIX', 'gnome-'), ('LC_ADDRESS', 'pt_BR.UTF-8'), ('XDG_RUNTIME_DIR', '/run/user/1000'), ('DISPLAY', ':1'), ('TERMINATOR_DBUS_PATH', '/net/tenshu/Terminator2'), ('LANG', 'en_US.UTF-8'), ('XDG_CURRENT_DESKTOP', 'ubuntu:GNOME'), ('LC_TELEPHONE', 'pt_BR.UTF-8'), ('XMODIFIERS', '@im=ibus'), ('XDG_SESSION_DESKTOP', 'ubuntu'), ('XAUTHORITY', '/run/user/1000/gdm/Xauthority'), ('LS_COLORS', 'rs=0:di=01;34:ln=01;36:mh=00:pi=40;33:so=01;35:do=01;35:bd=40;33;01:cd=40;33;01:or=40;31;01:mi=00:su=37;41:sg=30;43:ca=30;41:tw=30;42:ow=34;42:st=37;44:ex=01;32:*.tar=01;31:*.tgz=01;31:*.arc=01;31:*.arj=01;31:*.taz=01;31:*.lha=01;31:*.lz4=01;31:*.lzh=01;31:*.lzma=01;31:*.tlz=01;31:*.txz=01;31:*.tzo=01;31:*.t7z=01;31:*.zip=01;31:*.z=01;31:*.dz=01;31:*.gz=01;31:*.lrz=01;31:*.lz=01;31:*.lzo=01;31:*.xz=01;31:*.zst=01;31:*.tzst=01;31:*.bz2=01;31:*.bz=01;31:*.tbz=01;31:*.tbz2=01;31:*.tz=01;31:*.deb=01;31:*.rpm=01;31:*.jar=01;31:*.war=01;31:*.ear=01;31:*.sar=01;31:*.rar=01;31:*.alz=01;31:*.ace=01;31:*.zoo=01;31:*.cpio=01;31:*.7z=01;31:*.rz=01;31:*.cab=01;31:*.wim=01;31:*.swm=01;31:*.dwm=01;31:*.esd=01;31:*.jpg=01;35:*.jpeg=01;35:*.mjpg=01;35:*.mjpeg=01;35:*.gif=01;35:*.bmp=01;35:*.pbm=01;35:*.pgm=01;35:*.ppm=01;35:*.tga=01;35:*.xbm=01;35:*.xpm=01;35:*.tif=01;35:*.tiff=01;35:*.png=01;35:*.svg=01;35:*.svgz=01;35:*.mng=01;35:*.pcx=01;35:*.mov=01;35:*.mpg=01;35:*.mpeg=01;35:*.m2v=01;35:*.mkv=01;35:*.webm=01;35:*.webp=01;35:*.ogm=01;35:*.mp4=01;35:*.m4v=01;35:*.mp4v=01;35:*.vob=01;35:*.qt=01;35:*.nuv=01;35:*.wmv=01;35:*.asf=01;35:*.rm=01;35:*.rmvb=01;35:*.flc=01;35:*.avi=01;35:*.fli=01;35:*.flv=01;35:*.gl=01;35:*.dl=01;35:*.xcf=01;35:*.xwd=01;35:*.yuv=01;35:*.cgm=01;35:*.emf=01;35:*.ogv=01;35:*.ogx=01;35:*.aac=00;36:*.au=00;36:*.flac=00;36:*.m4a=00;36:*.mid=00;36:*.midi=00;36:*.mka=00;36:*.mp3=00;36:*.mpc=00;36:*.ogg=00;36:*.ra=00;36:*.wav=00;36:*.oga=00;36:*.opus=00;36:*.spx=00;36:*.xspf=00;36:'), ('SSH_AGENT_LAUNCHER', 'gnome-keyring'), ('SSH_AUTH_SOCK', '/run/user/1000/keyring/ssh'), ('AMENT_PREFIX_PATH', '/home/bill8/billeagle_ws/bill_ws/install/bill_slam:/home/bill8/billeagle_ws/bill_ws/install/bill_nav:/home/bill8/billeagle_ws/bill_ws/install/bill_description:/home/bill8/billeagle_ws/bill_ws/install/bill:/home/bill8/microros_ws/install/micro_ros_setup:/home/bill8/microros_ws/install/micro_ros_agent:/home/bill8/microros_ws/install/micro_ros_msgs:/opt/ros/humble'), ('SHELL', '/bin/bash'), ('LC_NAME', 'pt_BR.UTF-8'), ('TERMINATOR_UUID', 'urn:uuid:057a99c7-7991-4306-b781-d3c67e9aef07'), ('QT_ACCESSIBILITY', '1'), ('GDMSESSION', 'ubuntu'), ('LESSCLOSE', '/usr/bin/lesspipe %s %s'), ('LC_MEASUREMENT', 'pt_BR.UTF-8'), ('GPG_AGENT_INFO', '/run/user/1000/gnupg/S.gpg-agent:0:1'), ('LC_IDENTIFICATION', 'pt_BR.UTF-8'), ('QT_IM_MODULE', 'ibus'), ('PWD', '/home/bill8/billeagle_ws/bill_ws/build/bill_description'), ('XDG_CONFIG_DIRS', '/etc/xdg/xdg-ubuntu:/etc/xdg'), ('XDG_DATA_DIRS', '/usr/share/ubuntu:/usr/share/gnome:/usr/local/share/:/usr/share/:/var/lib/snapd/desktop'), ('PYTHONPATH', '/home/bill8/microros_ws/install/micro_ros_msgs/local/lib/python3.10/dist-packages:/opt/ros/humble/lib/python3.10/site-packages:/opt/ros/humble/local/lib/python3.10/dist-packages'), ('LC_NUMERIC', 'pt_BR.UTF-8'), ('LC_PAPER', 'pt_BR.UTF-8'), ('COLCON', '1'), ('VTE_VERSION', '6800'), ('CMAKE_PREFIX_PATH', '/home/bill8/billeagle_ws/bill_ws/install/bill_slam:/home/bill8/billeagle_ws/bill_ws/install/bill_nav:/home/bill8/billeagle_ws/bill_ws/install/bill_description:/home/bill8/billeagle_ws/bill_ws/install/bill:/home/bill8/microros_ws/install/micro_ros_setup:/home/bill8/microros_ws/install/micro_ros_agent:/home/bill8/microros_ws/install/micro_ros_msgs:/opt/ros/humble')]), 'shell': False}
[0.619864] (bill_nav) CommandEnded: {'returncode': 0}
[0.620283] (bill_nav) JobProgress: {'identifier': 'bill_nav', 'progress': 'install'}
[0.620432] (bill_nav) Command: {'cmd': ['/home/bill8/.local/bin/cmake', '--install', '/home/bill8/billeagle_ws/bill_ws/build/bill_nav'], 'cwd': '/home/bill8/billeagle_ws/bill_ws/build/bill_nav', 'env': OrderedDict([('LESSOPEN', '| /usr/bin/lesspipe %s'), ('USER', 'bill8'), ('LC_TIME', 'pt_BR.UTF-8'), ('XDG_SESSION_TYPE', 'x11'), ('SHLVL', '1'), ('LD_LIBRARY_PATH', '/home/bill8/microros_ws/install/micro_ros_agent/lib:/home/bill8/microros_ws/install/micro_ros_msgs/lib:/opt/ros/humble/opt/rviz_ogre_vendor/lib:/opt/ros/humble/lib/x86_64-linux-gnu:/opt/ros/humble/lib'), ('HOME', '/home/bill8'), ('OLDPWD', '/home/bill8'), ('DESKTOP_SESSION', 'ubuntu'), ('ROS_PYTHON_VERSION', '3'), ('GNOME_SHELL_SESSION_MODE', 'ubuntu'), ('GTK_MODULES', 'gail:atk-bridge'), ('LC_MONETARY', 'pt_BR.UTF-8'), ('MANAGERPID', '1714'), ('LC_CTYPE', 'pt_BR.UTF-8'), ('SYSTEMD_EXEC_PID', '31471'), ('DBUS_SESSION_BUS_ADDRESS', 'unix:path=/run/user/1000/bus'), ('COLORTERM', 'truecolor'), ('TERMINATOR_DBUS_NAME', 'net.tenshu.Terminator23558193cd9818af7fe4d2c2f5bd9d00f'), ('COLCON_PREFIX_PATH', '/home/bill8/billeagle_ws/bill_ws/install:/home/bill8/microros_ws/install'), ('ROS_DISTRO', 'humble'), ('GTK_IM_MODULE', 'ibus'), ('LOGNAME', 'bill8'), ('JOURNAL_STREAM', '8:212819'), ('_', '/usr/bin/colcon'), ('ROS_VERSION', '2'), ('XDG_SESSION_CLASS', 'user'), ('USERNAME', 'bill8'), ('TERM', 'xterm-256color'), ('GNOME_DESKTOP_SESSION_ID', 'this-is-deprecated'), ('ROS_LOCALHOST_ONLY', '0'), ('WINDOWPATH', '2'), ('PATH', '/usr/local/cuda/bin:/opt/ros/humble/bin:/home/bill8/.local/bin:/usr/local/sbin:/usr/local/bin:/usr/sbin:/usr/bin:/sbin:/bin:/usr/games:/usr/local/games:/snap/bin:/snap/bin'), ('SESSION_MANAGER', 'local/bill8:@/tmp/.ICE-unix/1944,unix/bill8:/tmp/.ICE-unix/1944'), ('INVOCATION_ID', '9f9bd253a3f6467f82567c45bf8bdcd7'), ('XDG_MENU_PREFIX', 'gnome-'), ('LC_ADDRESS', 'pt_BR.UTF-8'), ('XDG_RUNTIME_DIR', '/run/user/1000'), ('DISPLAY', ':1'), ('TERMINATOR_DBUS_PATH', '/net/tenshu/Terminator2'), ('LANG', 'en_US.UTF-8'), ('XDG_CURRENT_DESKTOP', 'ubuntu:GNOME'), ('LC_TELEPHONE', 'pt_BR.UTF-8'), ('XMODIFIERS', '@im=ibus'), ('XDG_SESSION_DESKTOP', 'ubuntu'), ('XAUTHORITY', '/run/user/1000/gdm/Xauthority'), ('LS_COLORS', 'rs=0:di=01;34:ln=01;36:mh=00:pi=40;33:so=01;35:do=01;35:bd=40;33;01:cd=40;33;01:or=40;31;01:mi=00:su=37;41:sg=30;43:ca=30;41:tw=30;42:ow=34;42:st=37;44:ex=01;32:*.tar=01;31:*.tgz=01;31:*.arc=01;31:*.arj=01;31:*.taz=01;31:*.lha=01;31:*.lz4=01;31:*.lzh=01;31:*.lzma=01;31:*.tlz=01;31:*.txz=01;31:*.tzo=01;31:*.t7z=01;31:*.zip=01;31:*.z=01;31:*.dz=01;31:*.gz=01;31:*.lrz=01;31:*.lz=01;31:*.lzo=01;31:*.xz=01;31:*.zst=01;31:*.tzst=01;31:*.bz2=01;31:*.bz=01;31:*.tbz=01;31:*.tbz2=01;31:*.tz=01;31:*.deb=01;31:*.rpm=01;31:*.jar=01;31:*.war=01;31:*.ear=01;31:*.sar=01;31:*.rar=01;31:*.alz=01;31:*.ace=01;31:*.zoo=01;31:*.cpio=01;31:*.7z=01;31:*.rz=01;31:*.cab=01;31:*.wim=01;31:*.swm=01;31:*.dwm=01;31:*.esd=01;31:*.jpg=01;35:*.jpeg=01;35:*.mjpg=01;35:*.mjpeg=01;35:*.gif=01;35:*.bmp=01;35:*.pbm=01;35:*.pgm=01;35:*.ppm=01;35:*.tga=01;35:*.xbm=01;35:*.xpm=01;35:*.tif=01;35:*.tiff=01;35:*.png=01;35:*.svg=01;35:*.svgz=01;35:*.mng=01;35:*.pcx=01;35:*.mov=01;35:*.mpg=01;35:*.mpeg=01;35:*.m2v=01;35:*.mkv=01;35:*.webm=01;35:*.webp=01;35:*.ogm=01;35:*.mp4=01;35:*.m4v=01;35:*.mp4v=01;35:*.vob=01;35:*.qt=01;35:*.nuv=01;35:*.wmv=01;35:*.asf=01;35:*.rm=01;35:*.rmvb=01;35:*.flc=01;35:*.avi=01;35:*.fli=01;35:*.flv=01;35:*.gl=01;35:*.dl=01;35:*.xcf=01;35:*.xwd=01;35:*.yuv=01;35:*.cgm=01;35:*.emf=01;35:*.ogv=01;35:*.ogx=01;35:*.aac=00;36:*.au=00;36:*.flac=00;36:*.m4a=00;36:*.mid=00;36:*.midi=00;36:*.mka=00;36:*.mp3=00;36:*.mpc=00;36:*.ogg=00;36:*.ra=00;36:*.wav=00;36:*.oga=00;36:*.opus=00;36:*.spx=00;36:*.xspf=00;36:'), ('SSH_AGENT_LAUNCHER', 'gnome-keyring'), ('SSH_AUTH_SOCK', '/run/user/1000/keyring/ssh'), ('AMENT_PREFIX_PATH', '/home/bill8/billeagle_ws/bill_ws/install/bill_slam:/home/bill8/billeagle_ws/bill_ws/install/bill_nav:/home/bill8/billeagle_ws/bill_ws/install/bill_description:/home/bill8/billeagle_ws/bill_ws/install/bill:/home/bill8/microros_ws/install/micro_ros_setup:/home/bill8/microros_ws/install/micro_ros_agent:/home/bill8/microros_ws/install/micro_ros_msgs:/opt/ros/humble'), ('SHELL', '/bin/bash'), ('LC_NAME', 'pt_BR.UTF-8'), ('TERMINATOR_UUID', 'urn:uuid:057a99c7-7991-4306-b781-d3c67e9aef07'), ('QT_ACCESSIBILITY', '1'), ('GDMSESSION', 'ubuntu'), ('LESSCLOSE', '/usr/bin/lesspipe %s %s'), ('LC_MEASUREMENT', 'pt_BR.UTF-8'), ('GPG_AGENT_INFO', '/run/user/1000/gnupg/S.gpg-agent:0:1'), ('LC_IDENTIFICATION', 'pt_BR.UTF-8'), ('QT_IM_MODULE', 'ibus'), ('PWD', '/home/bill8/billeagle_ws/bill_ws/build/bill_nav'), ('XDG_CONFIG_DIRS', '/etc/xdg/xdg-ubuntu:/etc/xdg'), ('XDG_DATA_DIRS', '/usr/share/ubuntu:/usr/share/gnome:/usr/local/share/:/usr/share/:/var/lib/snapd/desktop'), ('PYTHONPATH', '/home/bill8/microros_ws/install/micro_ros_msgs/local/lib/python3.10/dist-packages:/opt/ros/humble/lib/python3.10/site-packages:/opt/ros/humble/local/lib/python3.10/dist-packages'), ('LC_NUMERIC', 'pt_BR.UTF-8'), ('LC_PAPER', 'pt_BR.UTF-8'), ('COLCON', '1'), ('VTE_VERSION', '6800'), ('CMAKE_PREFIX_PATH', '/home/bill8/billeagle_ws/bill_ws/install/bill_slam:/home/bill8/billeagle_ws/bill_ws/install/bill_nav:/home/bill8/billeagle_ws/bill_ws/install/bill_description:/home/bill8/billeagle_ws/bill_ws/install/bill:/home/bill8/microros_ws/install/micro_ros_setup:/home/bill8/microros_ws/install/micro_ros_agent:/home/bill8/microros_ws/install/micro_ros_msgs:/opt/ros/humble')]), 'shell': False}
[0.663273] (bill) StdoutLine: {'line': b'-- Install configuration: ""\n'}
[0.663427] (bill) StdoutLine: {'line': b'-- Installing: /home/bill8/billeagle_ws/bill_ws/install/bill/share/bill/config\n'}
[0.663491] (bill) StdoutLine: {'line': b'-- Installing: /home/bill8/billeagle_ws/bill_ws/install/bill/share/bill/config/ekf.yaml\n'}
[0.663583] (bill) StdoutLine: {'line': b'-- Installing: /home/bill8/billeagle_ws/bill_ws/install/bill/share/bill/config/nav2_params.yaml\n'}
[0.663819] (bill) StdoutLine: {'line': b'-- Installing: /home/bill8/billeagle_ws/bill_ws/install/bill/share/bill/config/gazebo_params.yaml\n'}
[0.663903] (bill) StdoutLine: {'line': b'-- Installing: /home/bill8/billeagle_ws/bill_ws/install/bill/share/bill/config/amcl.yaml\n'}
[0.664039] (bill) StdoutLine: {'line': b'-- Installing: /home/bill8/billeagle_ws/bill_ws/install/bill/share/bill/config/diff_drive_controller.yaml\n'}
[0.664108] (bill) StdoutLine: {'line': b'-- Installing: /home/bill8/billeagle_ws/bill_ws/install/bill/share/bill/config/slam_params.yaml\n'}
[0.664174] (bill) StdoutLine: {'line': b'-- Installing: /home/bill8/billeagle_ws/bill_ws/install/bill/share/bill/config/nav_params.yaml\n'}
[0.664240] (bill) StdoutLine: {'line': b'-- Installing: /home/bill8/billeagle_ws/bill_ws/install/bill/share/bill/config/mecanum_drive_controller.yaml\n'}
[0.664304] (bill) StdoutLine: {'line': b'-- Installing: /home/bill8/billeagle_ws/bill_ws/install/bill/share/bill/config/twist_mux_params.yaml\n'}
[0.664419] (bill) StdoutLine: {'line': b'-- Installing: /home/bill8/billeagle_ws/bill_ws/install/bill/share/bill/description\n'}
[0.664481] (bill) StdoutLine: {'line': b'-- Installing: /home/bill8/billeagle_ws/bill_ws/install/bill/share/bill/description/ros2_control.xacro\n'}
[0.664546] (bill) StdoutLine: {'line': b'-- Installing: /home/bill8/billeagle_ws/bill_ws/install/bill/share/bill/description/robot_core.xacro\n'}
[0.664610] (bill) StdoutLine: {'line': b'-- Installing: /home/bill8/billeagle_ws/bill_ws/install/bill/share/bill/description/gazebo_control.xacro\n'}
[0.664711] (bill) StdoutLine: {'line': b'-- Installing: /home/bill8/billeagle_ws/bill_ws/install/bill/share/bill/description/robot.urdf.xacro\n'}
[0.664776] (bill) StdoutLine: {'line': b'-- Installing: /home/bill8/billeagle_ws/bill_ws/install/bill/share/bill/description/common.xacro\n'}
[0.664841] (bill) StdoutLine: {'line': b'-- Installing: /home/bill8/billeagle_ws/bill_ws/install/bill/share/bill/description/lidar.xacro\n'}
[0.664905] (bill) StdoutLine: {'line': b'-- Installing: /home/bill8/billeagle_ws/bill_ws/install/bill/share/bill/launch\n'}
[0.664969] (bill) StdoutLine: {'line': b'-- Installing: /home/bill8/billeagle_ws/bill_ws/install/bill/share/bill/launch/nav.launch.py\n'}
[0.665033] (bill) StdoutLine: {'line': b'-- Installing: /home/bill8/billeagle_ws/bill_ws/install/bill/share/bill/launch/slam.launch.py\n'}
[0.665097] (bill) StdoutLine: {'line': b'-- Installing: /home/bill8/billeagle_ws/bill_ws/install/bill/share/bill/launch/rsp.launch.py\n'}
[0.665161] (bill) StdoutLine: {'line': b'-- Installing: /home/bill8/billeagle_ws/bill_ws/install/bill/share/bill/launch/nav2.launch.py\n'}
[0.665225] (bill) StdoutLine: {'line': b'-- Installing: /home/bill8/billeagle_ws/bill_ws/install/bill/share/bill/launch/lidar.launch.py\n'}
[0.665289] (bill) StdoutLine: {'line': b'-- Installing: /home/bill8/billeagle_ws/bill_ws/install/bill/share/bill/launch/robot.launch.py\n'}
[0.665352] (bill) StdoutLine: {'line': b'-- Installing: /home/bill8/billeagle_ws/bill_ws/install/bill/share/bill/launch/localization.launch.py\n'}
[0.665418] (bill) StdoutLine: {'line': b'-- Installing: /home/bill8/billeagle_ws/bill_ws/install/bill/share/bill/launch/sim.launch.py\n'}
[0.665483] (bill) StdoutLine: {'line': b'-- Installing: /home/bill8/billeagle_ws/bill_ws/install/bill/share/bill/launch/amcl.launch.py\n'}
[0.665606] (bill) StdoutLine: {'line': b'-- Installing: /home/bill8/billeagle_ws/bill_ws/install/bill/share/bill/worlds\n'}
[0.665681] (bill) StdoutLine: {'line': b'-- Installing: /home/bill8/billeagle_ws/bill_ws/install/bill/share/bill/worlds/test.world\n'}
[0.665748] (bill) StdoutLine: {'line': b'-- Installing: /home/bill8/billeagle_ws/bill_ws/install/bill/share/bill/worlds/empty.world\n'}
[0.665812] (bill) StdoutLine: {'line': b'-- Installing: /home/bill8/billeagle_ws/bill_ws/install/bill/share/bill/rviz\n'}
[0.665906] (bill) StdoutLine: {'line': b'-- Installing: /home/bill8/billeagle_ws/bill_ws/install/bill/share/bill/rviz/bot.rviz\n'}
[0.665982] (bill) StdoutLine: {'line': b'-- Installing: /home/bill8/billeagle_ws/bill_ws/install/bill/share/ament_index/resource_index/package_run_dependencies/bill\n'}
[0.666047] (bill) StdoutLine: {'line': b'-- Installing: /home/bill8/billeagle_ws/bill_ws/install/bill/share/ament_index/resource_index/parent_prefix_path/bill\n'}
[0.666171] (bill) StdoutLine: {'line': b'-- Installing: /home/bill8/billeagle_ws/bill_ws/install/bill/share/bill/environment/ament_prefix_path.sh\n'}
[0.666238] (bill) StdoutLine: {'line': b'-- Installing: /home/bill8/billeagle_ws/bill_ws/install/bill/share/bill/environment/ament_prefix_path.dsv\n'}
[0.666304] (bill) StdoutLine: {'line': b'-- Installing: /home/bill8/billeagle_ws/bill_ws/install/bill/share/bill/environment/path.sh\n'}
[0.666371] (bill) StdoutLine: {'line': b'-- Installing: /home/bill8/billeagle_ws/bill_ws/install/bill/share/bill/environment/path.dsv\n'}
[0.666435] (bill) StdoutLine: {'line': b'-- Installing: /home/bill8/billeagle_ws/bill_ws/install/bill/share/bill/local_setup.bash\n'}
[0.666500] (bill) StdoutLine: {'line': b'-- Installing: /home/bill8/billeagle_ws/bill_ws/install/bill/share/bill/local_setup.sh\n'}
[0.666564] (bill) StdoutLine: {'line': b'-- Installing: /home/bill8/billeagle_ws/bill_ws/install/bill/share/bill/local_setup.zsh\n'}
[0.666636] (bill) StdoutLine: {'line': b'-- Installing: /home/bill8/billeagle_ws/bill_ws/install/bill/share/bill/local_setup.dsv\n'}
[0.666707] (bill) StdoutLine: {'line': b'-- Installing: /home/bill8/billeagle_ws/bill_ws/install/bill/share/bill/package.dsv\n'}
[0.666772] (bill) StdoutLine: {'line': b'-- Installing: /home/bill8/billeagle_ws/bill_ws/install/bill/share/ament_index/resource_index/packages/bill\n'}
[0.666838] (bill) StdoutLine: {'line': b'-- Installing: /home/bill8/billeagle_ws/bill_ws/install/bill/share/bill/cmake/billConfig.cmake\n'}
[0.666903] (bill) StdoutLine: {'line': b'-- Installing: /home/bill8/billeagle_ws/bill_ws/install/bill/share/bill/cmake/billConfig-version.cmake\n'}
[0.666967] (bill) StdoutLine: {'line': b'-- Installing: /home/bill8/billeagle_ws/bill_ws/install/bill/share/bill/package.xml\n'}
[0.667437] (bill) CommandEnded: {'returncode': 0}
[0.670514] (bill_description) StdoutLine: {'line': b'-- Install configuration: ""\n'}
[0.671676] (bill_description) StdoutLine: {'line': b'-- Installing: /home/bill8/billeagle_ws/bill_ws/install/bill_description/share/bill_description/launch\n'}
[0.672412] (bill_description) StdoutLine: {'line': b'-- Installing: /home/bill8/billeagle_ws/bill_ws/install/bill_description/share/bill_description/launch/rsp.launch.py\n'}
[0.672509] (bill_description) StdoutLine: {'line': b'-- Installing: /home/bill8/billeagle_ws/bill_ws/install/bill_description/share/bill_description/launch/robot.launch.py\n'}
[0.672580] (bill_description) StdoutLine: {'line': b'-- Installing: /home/bill8/billeagle_ws/bill_ws/install/bill_description/share/bill_description/description\n'}
[0.672683] (bill_description) StdoutLine: {'line': b'-- Installing: /home/bill8/billeagle_ws/bill_ws/install/bill_description/share/bill_description/description/ros2_control.xacro\n'}
[0.673098] (bill_description) StdoutLine: {'line': b'-- Installing: /home/bill8/billeagle_ws/bill_ws/install/bill_description/share/bill_description/description/robot_core.xacro\n'}
[0.673141] (bill_description) StdoutLine: {'line': b'-- Installing: /home/bill8/billeagle_ws/bill_ws/install/bill_description/share/bill_description/description/gazebo_control.xacro\n'}
[0.673190] (bill_description) StdoutLine: {'line': b'-- Installing: /home/bill8/billeagle_ws/bill_ws/install/bill_description/share/bill_description/description/robot.urdf.xacro\n'}
[0.673222] (bill_description) StdoutLine: {'line': b'-- Installing: /home/bill8/billeagle_ws/bill_ws/install/bill_description/share/bill_description/description/common.xacro\n'}
[0.673253] (bill_description) StdoutLine: {'line': b'-- Installing: /home/bill8/billeagle_ws/bill_ws/install/bill_description/share/bill_description/description/lidar.xacro\n'}
[0.673288] (bill_description) StdoutLine: {'line': b'-- Installing: /home/bill8/billeagle_ws/bill_ws/install/bill_description/share/bill_description/rviz\n'}
[0.673317] (bill_slam) StdoutLine: {'line': b'-- Install configuration: ""\n'}
[0.673353] (bill_slam) StdoutLine: {'line': b'-- Installing: /home/bill8/billeagle_ws/bill_ws/install/bill_slam/share/bill_slam/config\n'}
[0.673385] (bill_slam) StdoutLine: {'line': b'-- Installing: /home/bill8/billeagle_ws/bill_ws/install/bill_slam/share/bill_slam/config/amcl.config.yaml\n'}
[0.673415] (bill_slam) StdoutLine: {'line': b'-- Installing: /home/bill8/billeagle_ws/bill_ws/install/bill_slam/share/bill_slam/config/slam_toolbox_params.yaml\n'}
[0.673445] (bill_slam) StdoutLine: {'line': b'-- Installing: /home/bill8/billeagle_ws/bill_ws/install/bill_slam/share/bill_slam/launch\n'}
[0.673474] (bill_slam) StdoutLine: {'line': b'-- Installing: /home/bill8/billeagle_ws/bill_ws/install/bill_slam/share/bill_slam/launch/mapping.launch.py\n'}
[0.673501] (bill_slam) StdoutLine: {'line': b'-- Installing: /home/bill8/billeagle_ws/bill_ws/install/bill_slam/share/bill_slam/launch/amcl.launch.py\n'}
[0.673529] (bill_slam) StdoutLine: {'line': b'-- Installing: /home/bill8/billeagle_ws/bill_ws/install/bill_slam/share/bill_slam/mapas\n'}
[0.673557] (bill_slam) StdoutLine: {'line': b'-- Installing: /home/bill8/billeagle_ws/bill_ws/install/bill_slam/share/bill_slam/mapas/mapa_home.yaml\n'}
[0.673585] (bill_slam) StdoutLine: {'line': b'-- Installing: /home/bill8/billeagle_ws/bill_ws/install/bill_slam/share/bill_slam/mapas/mapa_athome_serial.posegraph\n'}
[0.673727] (bill_description) StdoutLine: {'line': b'-- Installing: /home/bill8/billeagle_ws/bill_ws/install/bill_description/share/bill_description/rviz/sim_map.config.rviz\n'}
[0.673810] (bill_description) StdoutLine: {'line': b'-- Installing: /home/bill8/billeagle_ws/bill_ws/install/bill_description/share/bill_description/rviz/bot.rviz\n'}
[0.673847] (bill_description) StdoutLine: {'line': b'-- Installing: /home/bill8/billeagle_ws/bill_ws/install/bill_description/share/bill_description/rviz/config.rviz\n'}
[0.673879] (bill_description) StdoutLine: {'line': b'-- Installing: /home/bill8/billeagle_ws/bill_ws/install/bill_description/share/bill_description/rviz/nav.config.rviz\n'}
[0.673909] (bill_description) StdoutLine: {'line': b'-- Installing: /home/bill8/billeagle_ws/bill_ws/install/bill_description/share/bill_description/rviz/sim.config.rviz\n'}
[0.673937] (bill_description) StdoutLine: {'line': b'-- Installing: /home/bill8/billeagle_ws/bill_ws/install/bill_description/share/bill_description/config\n'}
[0.673965] (bill_description) StdoutLine: {'line': b'-- Installing: /home/bill8/billeagle_ws/bill_ws/install/bill_description/share/bill_description/config/gazebo_params.yaml\n'}
[0.673994] (bill_description) StdoutLine: {'line': b'-- Installing: /home/bill8/billeagle_ws/bill_ws/install/bill_description/share/bill_description/config/mecanum_drive_controller.yaml\n'}
[0.674023] (bill_description) StdoutLine: {'line': b'-- Installing: /home/bill8/billeagle_ws/bill_ws/install/bill_description/share/bill_description/config/twist_mux_params.yaml\n'}
[0.674051] (bill_description) StdoutLine: {'line': b'-- Installing: /home/bill8/billeagle_ws/bill_ws/install/bill_description/share/ament_index/resource_index/package_run_dependencies/bill_description\n'}
[0.674080] (bill_description) StdoutLine: {'line': b'-- Installing: /home/bill8/billeagle_ws/bill_ws/install/bill_description/share/ament_index/resource_index/parent_prefix_path/bill_description\n'}
[0.674434] (bill_description) StdoutLine: {'line': b'-- Installing: /home/bill8/billeagle_ws/bill_ws/install/bill_description/share/bill_description/environment/ament_prefix_path.sh\n'}
[0.674468] (bill_description) StdoutLine: {'line': b'-- Installing: /home/bill8/billeagle_ws/bill_ws/install/bill_description/share/bill_description/environment/ament_prefix_path.dsv\n'}
[0.674508] (bill_description) StdoutLine: {'line': b'-- Installing: /home/bill8/billeagle_ws/bill_ws/install/bill_description/share/bill_description/environment/path.sh\n'}
[0.674537] (bill_description) StdoutLine: {'line': b'-- Installing: /home/bill8/billeagle_ws/bill_ws/install/bill_description/share/bill_description/environment/path.dsv\n'}
[0.674565] (bill_description) StdoutLine: {'line': b'-- Installing: /home/bill8/billeagle_ws/bill_ws/install/bill_description/share/bill_description/local_setup.bash\n'}
[0.674599] (bill_description) StdoutLine: {'line': b'-- Installing: /home/bill8/billeagle_ws/bill_ws/install/bill_description/share/bill_description/local_setup.sh\n'}
[0.674631] (bill_description) StdoutLine: {'line': b'-- Installing: /home/bill8/billeagle_ws/bill_ws/install/bill_description/share/bill_description/local_setup.zsh\n'}
[0.674660] (bill_description) StdoutLine: {'line': b'-- Installing: /home/bill8/billeagle_ws/bill_ws/install/bill_description/share/bill_description/local_setup.dsv\n'}
[0.674687] (bill_description) StdoutLine: {'line': b'-- Installing: /home/bill8/billeagle_ws/bill_ws/install/bill_description/share/bill_description/package.dsv\n'}
[0.674715] (bill_description) StdoutLine: {'line': b'-- Installing: /home/bill8/billeagle_ws/bill_ws/install/bill_description/share/ament_index/resource_index/packages/bill_description\n'}
[0.674743] (bill_description) StdoutLine: {'line': b'-- Installing: /home/bill8/billeagle_ws/bill_ws/install/bill_description/share/bill_description/cmake/bill_descriptionConfig.cmake\n'}
[0.674771] (bill_description) StdoutLine: {'line': b'-- Installing: /home/bill8/billeagle_ws/bill_ws/install/bill_description/share/bill_description/cmake/bill_descriptionConfig-version.cmake\n'}
[0.674799] (bill_description) StdoutLine: {'line': b'-- Installing: /home/bill8/billeagle_ws/bill_ws/install/bill_description/share/bill_description/package.xml\n'}
[0.675294] (bill_nav) StdoutLine: {'line': b'-- Install configuration: ""\n'}
[0.675346] (bill_nav) StdoutLine: {'line': b'-- Installing: /home/bill8/billeagle_ws/bill_ws/install/bill_nav/share/bill_nav/config\n'}
[0.675399] (bill_nav) StdoutLine: {'line': b'-- Installing: /home/bill8/billeagle_ws/bill_ws/install/bill_nav/share/bill_nav/config/nav2_params.yaml\n'}
[0.675467] (bill_nav) StdoutLine: {'line': b'-- Installing: /home/bill8/billeagle_ws/bill_ws/install/bill_nav/share/bill_nav/launch\n'}
[0.675609] (bill_nav) StdoutLine: {'line': b'-- Installing: /home/bill8/billeagle_ws/bill_ws/install/bill_nav/share/bill_nav/launch/navigation_launch.py\n'}
[0.675685] (bill_nav) StdoutLine: {'line': b'-- Installing: /home/bill8/billeagle_ws/bill_ws/install/bill_nav/share/ament_index/resource_index/package_run_dependencies/bill_nav\n'}
[0.675718] (bill_nav) StdoutLine: {'line': b'-- Installing: /home/bill8/billeagle_ws/bill_ws/install/bill_nav/share/ament_index/resource_index/parent_prefix_path/bill_nav\n'}
[0.676011] (bill_nav) StdoutLine: {'line': b'-- Installing: /home/bill8/billeagle_ws/bill_ws/install/bill_nav/share/bill_nav/environment/ament_prefix_path.sh\n'}
[0.676079] (bill_nav) StdoutLine: {'line': b'-- Installing: /home/bill8/billeagle_ws/bill_ws/install/bill_nav/share/bill_nav/environment/ament_prefix_path.dsv\n'}
[0.676112] (bill_nav) StdoutLine: {'line': b'-- Installing: /home/bill8/billeagle_ws/bill_ws/install/bill_nav/share/bill_nav/environment/path.sh\n'}
[0.676143] (bill_nav) StdoutLine: {'line': b'-- Installing: /home/bill8/billeagle_ws/bill_ws/install/bill_nav/share/bill_nav/environment/path.dsv\n'}
[0.676172] (bill_nav) StdoutLine: {'line': b'-- Installing: /home/bill8/billeagle_ws/bill_ws/install/bill_nav/share/bill_nav/local_setup.bash\n'}
[0.676201] (bill_nav) StdoutLine: {'line': b'-- Installing: /home/bill8/billeagle_ws/bill_ws/install/bill_nav/share/bill_nav/local_setup.sh\n'}
[0.676229] (bill_nav) StdoutLine: {'line': b'-- Installing: /home/bill8/billeagle_ws/bill_ws/install/bill_nav/share/bill_nav/local_setup.zsh\n'}
[0.676256] (bill_nav) StdoutLine: {'line': b'-- Installing: /home/bill8/billeagle_ws/bill_ws/install/bill_nav/share/bill_nav/local_setup.dsv\n'}
[0.676306] (bill_nav) StdoutLine: {'line': b'-- Installing: /home/bill8/billeagle_ws/bill_ws/install/bill_nav/share/bill_nav/package.dsv\n'}
[0.676363] (bill_nav) StdoutLine: {'line': b'-- Installing: /home/bill8/billeagle_ws/bill_ws/install/bill_nav/share/ament_index/resource_index/packages/bill_nav\n'}
[0.676395] (bill_nav) StdoutLine: {'line': b'-- Installing: /home/bill8/billeagle_ws/bill_ws/install/bill_nav/share/bill_nav/cmake/bill_navConfig.cmake\n'}
[0.676427] (bill_nav) StdoutLine: {'line': b'-- Installing: /home/bill8/billeagle_ws/bill_ws/install/bill_nav/share/bill_nav/cmake/bill_navConfig-version.cmake\n'}
[0.676456] (bill_nav) StdoutLine: {'line': b'-- Installing: /home/bill8/billeagle_ws/bill_ws/install/bill_nav/share/bill_nav/package.xml\n'}
[0.677326] (bill_slam) StdoutLine: {'line': b'-- Installing: /home/bill8/billeagle_ws/bill_ws/install/bill_slam/share/bill_slam/mapas/mapa_athome_serial.data\n'}
[0.677386] (bill_slam) StdoutLine: {'line': b'-- Installing: /home/bill8/billeagle_ws/bill_ws/install/bill_slam/share/bill_slam/mapas/mapa_athome_save.pgm\n'}
[0.677416] (bill_slam) StdoutLine: {'line': b'-- Installing: /home/bill8/billeagle_ws/bill_ws/install/bill_slam/share/bill_slam/mapas/mapa_home_save.pgm\n'}
[0.677444] (bill_slam) StdoutLine: {'line': b'-- Installing: /home/bill8/billeagle_ws/bill_ws/install/bill_slam/share/bill_slam/mapas/mapa_athome_save.yaml\n'}
[0.677471] (bill_slam) StdoutLine: {'line': b'-- Installing: /home/bill8/billeagle_ws/bill_ws/install/bill_slam/share/bill_slam/mapas/mapa_home_serial.data\n'}
[0.677610] (bill_slam) StdoutLine: {'line': b'-- Installing: /home/bill8/billeagle_ws/bill_ws/install/bill_slam/share/bill_slam/mapas/mapa_home_serial.posegraph\n'}
[0.682559] (bill) JobEnded: {'identifier': 'bill', 'rc': 0}
[0.683360] (bill_nav) CommandEnded: {'returncode': 0}
[0.683586] (bill_slam) StdoutLine: {'line': b'-- Installing: /home/bill8/billeagle_ws/bill_ws/install/bill_slam/share/ament_index/resource_index/package_run_dependencies/bill_slam\n'}
[0.683703] (bill_slam) StdoutLine: {'line': b'-- Installing: /home/bill8/billeagle_ws/bill_ws/install/bill_slam/share/ament_index/resource_index/parent_prefix_path/bill_slam\n'}
[0.683784] (bill_slam) StdoutLine: {'line': b'-- Installing: /home/bill8/billeagle_ws/bill_ws/install/bill_slam/share/bill_slam/environment/ament_prefix_path.sh\n'}
[0.683817] (bill_slam) StdoutLine: {'line': b'-- Installing: /home/bill8/billeagle_ws/bill_ws/install/bill_slam/share/bill_slam/environment/ament_prefix_path.dsv\n'}
[0.683847] (bill_slam) StdoutLine: {'line': b'-- Installing: /home/bill8/billeagle_ws/bill_ws/install/bill_slam/share/bill_slam/environment/path.sh\n'}
[0.683874] (bill_slam) StdoutLine: {'line': b'-- Installing: /home/bill8/billeagle_ws/bill_ws/install/bill_slam/share/bill_slam/environment/path.dsv\n'}
[0.683900] (bill_slam) StdoutLine: {'line': b'-- Installing: /home/bill8/billeagle_ws/bill_ws/install/bill_slam/share/bill_slam/local_setup.bash\n'}
[0.684064] (bill_slam) StdoutLine: {'line': b'-- Installing: /home/bill8/billeagle_ws/bill_ws/install/bill_slam/share/bill_slam/local_setup.sh\n'}
[0.684096] (bill_slam) StdoutLine: {'line': b'-- Installing: /home/bill8/billeagle_ws/bill_ws/install/bill_slam/share/bill_slam/local_setup.zsh\n'}
[0.684140] (bill_slam) StdoutLine: {'line': b'-- Installing: /home/bill8/billeagle_ws/bill_ws/install/bill_slam/share/bill_slam/local_setup.dsv\n'}
[0.684166] (bill_slam) StdoutLine: {'line': b'-- Installing: /home/bill8/billeagle_ws/bill_ws/install/bill_slam/share/bill_slam/package.dsv\n'}
[0.684192] (bill_slam) StdoutLine: {'line': b'-- Installing: /home/bill8/billeagle_ws/bill_ws/install/bill_slam/share/ament_index/resource_index/packages/bill_slam\n'}
[0.684217] (bill_slam) StdoutLine: {'line': b'-- Installing: /home/bill8/billeagle_ws/bill_ws/install/bill_slam/share/bill_slam/cmake/bill_slamConfig.cmake\n'}
[0.684277] (bill_slam) StdoutLine: {'line': b'-- Installing: /home/bill8/billeagle_ws/bill_ws/install/bill_slam/share/bill_slam/cmake/bill_slamConfig-version.cmake\n'}
[0.684303] (bill_slam) StdoutLine: {'line': b'-- Installing: /home/bill8/billeagle_ws/bill_ws/install/bill_slam/share/bill_slam/package.xml\n'}
[0.689559] (bill_nav) JobEnded: {'identifier': 'bill_nav', 'rc': 0}
[0.690103] (bill_description) CommandEnded: {'returncode': 0}
[0.695509] (bill_description) JobEnded: {'identifier': 'bill_description', 'rc': 0}
[0.696186] (bill_slam) CommandEnded: {'returncode': 0}
[0.700681] (-) TimerEvent: {}
[0.702077] (bill_slam) JobEnded: {'identifier': 'bill_slam', 'rc': 0}
[0.702343] (-) EventReactorShutdown: {}
