[0.000000] (-) TimerEvent: {}
[0.000252] (lslidar_msgs) JobQueued: {'identifier': 'lslidar_msgs', 'dependencies': OrderedDict()}
[0.000368] (lslidar_driver) JobQueued: {'identifier': 'lslidar_driver', 'dependencies': OrderedDict([('lslidar_msgs', '/home/vic/billeagle_ws/lslidar_ws/install/lslidar_msgs')])}
[0.000564] (lslidar_msgs) JobStarted: {'identifier': 'lslidar_msgs'}
[0.005242] (lslidar_msgs) JobProgress: {'identifier': 'lslidar_msgs', 'progress': 'cmake'}
[0.005484] (lslidar_msgs) Command: {'cmd': ['/usr/bin/cmake', '/home/vic/billeagle_ws/lslidar_ws/src/LSLIDAR_M10_N10_V2.5.2_230110_ROS2/lslidar_msgs', '-DCMAKE_INSTALL_PREFIX=/home/vic/billeagle_ws/lslidar_ws/install/lslidar_msgs'], 'cwd': '/home/vic/billeagle_ws/lslidar_ws/build/lslidar_msgs', 'env': OrderedDict([('LESSOPEN', '| /usr/bin/lesspipe %s'), ('USER', 'vic'), ('LC_TIME', 'pt_BR.UTF-8'), ('XDG_SESSION_TYPE', 'x11'), ('SHLVL', '1'), ('LD_LIBRARY_PATH', '/home/vic/microros_ws/install/micro_ros_agent/lib:/home/vic/microros_ws/install/micro_ros_msgs/lib:/opt/ros/humble/opt/rviz_ogre_vendor/lib:/opt/ros/humble/lib/x86_64-linux-gnu:/opt/ros/humble/lib'), ('HOME', '/home/vic'), ('OLDPWD', '/home/vic/billeagle_ws/bill_ws'), ('DESKTOP_SESSION', 'ubuntu'), ('ROS_PYTHON_VERSION', '3'), ('GNOME_SHELL_SESSION_MODE', 'ubuntu'), ('GTK_MODULES', 'gail:atk-bridge'), ('LC_MONETARY', 'pt_BR.UTF-8'), ('MANAGERPID', '6928'), ('LC_CTYPE', 'pt_BR.UTF-8'), ('SYSTEMD_EXEC_PID', '7671'), ('DBUS_SESSION_BUS_ADDRESS', 'unix:path=/run/user/1001/bus'), ('COLORTERM', 'truecolor'), ('TERMINATOR_DBUS_NAME', 'net.tenshu.Terminator23558193cd9818af7fe4d2c2f5bd9d00f'), ('GIO_LAUNCHED_DESKTOP_FILE_PID', '9913'), ('COLCON_PREFIX_PATH', '/home/vic/microros_ws/install:/home/vic/billeagle_ws/microros_ws/install'), ('ROS_DISTRO', 'humble'), ('GTK_IM_MODULE', 'ibus'), ('LOGNAME', 'vic'), ('JOURNAL_STREAM', '8:61620'), ('_', '/usr/bin/colcon'), ('ROS_VERSION', '2'), ('XDG_SESSION_CLASS', 'user'), ('USERNAME', 'vic'), ('TERM', 'xterm-256color'), ('GNOME_DESKTOP_SESSION_ID', 'this-is-deprecated'), ('ROS_LOCALHOST_ONLY', '0'), ('WINDOWPATH', '2'), ('PATH', '/opt/ros/humble/bin:/usr/local/sbin:/usr/local/bin:/usr/sbin:/usr/bin:/sbin:/bin:/usr/games:/usr/local/games:/snap/bin:/snap/bin'), ('SESSION_MANAGER', 'local/bill8-Dell-G15-5520:@/tmp/.ICE-unix/7410,unix/bill8-Dell-G15-5520:/tmp/.ICE-unix/7410'), ('INVOCATION_ID', 'e585e915e9894f31ac600c2d3117b655'), ('XDG_MENU_PREFIX', 'gnome-'), ('LC_ADDRESS', 'pt_BR.UTF-8'), ('XDG_RUNTIME_DIR', '/run/user/1001'), ('DISPLAY', ':1'), ('TERMINATOR_DBUS_PATH', '/net/tenshu/Terminator2'), ('LANG', 'en_US.UTF-8'), ('XDG_CURRENT_DESKTOP', 'ubuntu:GNOME'), ('IBUS_DISABLE_SNOOPER', '1'), ('LC_TELEPHONE', 'pt_BR.UTF-8'), ('XMODIFIERS', '@im=ibus'), ('XDG_SESSION_DESKTOP', 'ubuntu'), ('XAUTHORITY', '/run/user/1001/gdm/Xauthority'), ('LS_COLORS', 'rs=0:di=01;34:ln=01;36:mh=00:pi=40;33:so=01;35:do=01;35:bd=40;33;01:cd=40;33;01:or=40;31;01:mi=00:su=37;41:sg=30;43:ca=30;41:tw=30;42:ow=34;42:st=37;44:ex=01;32:*.tar=01;31:*.tgz=01;31:*.arc=01;31:*.arj=01;31:*.taz=01;31:*.lha=01;31:*.lz4=01;31:*.lzh=01;31:*.lzma=01;31:*.tlz=01;31:*.txz=01;31:*.tzo=01;31:*.t7z=01;31:*.zip=01;31:*.z=01;31:*.dz=01;31:*.gz=01;31:*.lrz=01;31:*.lz=01;31:*.lzo=01;31:*.xz=01;31:*.zst=01;31:*.tzst=01;31:*.bz2=01;31:*.bz=01;31:*.tbz=01;31:*.tbz2=01;31:*.tz=01;31:*.deb=01;31:*.rpm=01;31:*.jar=01;31:*.war=01;31:*.ear=01;31:*.sar=01;31:*.rar=01;31:*.alz=01;31:*.ace=01;31:*.zoo=01;31:*.cpio=01;31:*.7z=01;31:*.rz=01;31:*.cab=01;31:*.wim=01;31:*.swm=01;31:*.dwm=01;31:*.esd=01;31:*.jpg=01;35:*.jpeg=01;35:*.mjpg=01;35:*.mjpeg=01;35:*.gif=01;35:*.bmp=01;35:*.pbm=01;35:*.pgm=01;35:*.ppm=01;35:*.tga=01;35:*.xbm=01;35:*.xpm=01;35:*.tif=01;35:*.tiff=01;35:*.png=01;35:*.svg=01;35:*.svgz=01;35:*.mng=01;35:*.pcx=01;35:*.mov=01;35:*.mpg=01;35:*.mpeg=01;35:*.m2v=01;35:*.mkv=01;35:*.webm=01;35:*.webp=01;35:*.ogm=01;35:*.mp4=01;35:*.m4v=01;35:*.mp4v=01;35:*.vob=01;35:*.qt=01;35:*.nuv=01;35:*.wmv=01;35:*.asf=01;35:*.rm=01;35:*.rmvb=01;35:*.flc=01;35:*.avi=01;35:*.fli=01;35:*.flv=01;35:*.gl=01;35:*.dl=01;35:*.xcf=01;35:*.xwd=01;35:*.yuv=01;35:*.cgm=01;35:*.emf=01;35:*.ogv=01;35:*.ogx=01;35:*.aac=00;36:*.au=00;36:*.flac=00;36:*.m4a=00;36:*.mid=00;36:*.midi=00;36:*.mka=00;36:*.mp3=00;36:*.mpc=00;36:*.ogg=00;36:*.ra=00;36:*.wav=00;36:*.oga=00;36:*.opus=00;36:*.spx=00;36:*.xspf=00;36:'), ('SSH_AGENT_LAUNCHER', 'gnome-keyring'), ('SSH_AUTH_SOCK', '/run/user/1001/keyring/ssh'), ('AMENT_PREFIX_PATH', '/home/vic/microros_ws/install/micro_ros_agent:/home/vic/microros_ws/install/micro_ros_msgs:/home/vic/microros_ws/install/micro_ros_setup:/home/vic/billeagle_ws/microros_ws/install/micro_ros_setup:/opt/ros/humble'), ('SHELL', '/bin/bash'), ('LC_NAME', 'pt_BR.UTF-8'), ('TERMINATOR_UUID', 'urn:uuid:b50d16d0-6e64-4bc3-bca6-91720745bbef'), ('QT_ACCESSIBILITY', '1'), ('GDMSESSION', 'ubuntu'), ('LESSCLOSE', '/usr/bin/lesspipe %s %s'), ('LC_MEASUREMENT', 'pt_BR.UTF-8'), ('GPG_AGENT_INFO', '/run/user/1001/gnupg/S.gpg-agent:0:1'), ('LC_IDENTIFICATION', 'pt_BR.UTF-8'), ('QT_IM_MODULE', 'ibus'), ('PWD', '/home/vic/billeagle_ws/lslidar_ws/build/lslidar_msgs'), ('LC_ALL', 'en_US.UTF-8'), ('XDG_CONFIG_DIRS', '/etc/xdg/xdg-ubuntu:/etc/xdg'), ('XDG_DATA_DIRS', '/usr/share/ubuntu:/usr/share/gnome:/usr/local/share/:/usr/share/:/var/lib/snapd/desktop'), ('PYTHONPATH', '/home/vic/microros_ws/install/micro_ros_msgs/local/lib/python3.10/dist-packages:/opt/ros/humble/lib/python3.10/site-packages:/opt/ros/humble/local/lib/python3.10/dist-packages'), ('LC_NUMERIC', 'pt_BR.UTF-8'), ('LC_PAPER', 'pt_BR.UTF-8'), ('COLCON', '1'), ('VTE_VERSION', '6800'), ('CMAKE_PREFIX_PATH', '/home/vic/microros_ws/install/micro_ros_agent:/home/vic/microros_ws/install/micro_ros_msgs:/home/vic/microros_ws/install/micro_ros_setup:/home/vic/billeagle_ws/microros_ws/install/micro_ros_setup:/opt/ros/humble')]), 'shell': False}
[0.047545] (lslidar_msgs) StdoutLine: {'line': b'-- The C compiler identification is GNU 11.4.0\n'}
[0.089528] (lslidar_msgs) StdoutLine: {'line': b'-- The CXX compiler identification is GNU 11.4.0\n'}
[0.094036] (lslidar_msgs) StdoutLine: {'line': b'-- Detecting C compiler ABI info\n'}
[0.100012] (-) TimerEvent: {}
[0.139701] (lslidar_msgs) StdoutLine: {'line': b'-- Detecting C compiler ABI info - done\n'}
[0.143850] (lslidar_msgs) StdoutLine: {'line': b'-- Check for working C compiler: /usr/bin/cc - skipped\n'}
[0.143990] (lslidar_msgs) StdoutLine: {'line': b'-- Detecting C compile features\n'}
[0.144168] (lslidar_msgs) StdoutLine: {'line': b'-- Detecting C compile features - done\n'}
[0.145983] (lslidar_msgs) StdoutLine: {'line': b'-- Detecting CXX compiler ABI info\n'}
[0.200103] (-) TimerEvent: {}
[0.201364] (lslidar_msgs) StdoutLine: {'line': b'-- Detecting CXX compiler ABI info - done\n'}
[0.205764] (lslidar_msgs) StdoutLine: {'line': b'-- Check for working CXX compiler: /usr/bin/c++ - skipped\n'}
[0.205865] (lslidar_msgs) StdoutLine: {'line': b'-- Detecting CXX compile features\n'}
[0.206121] (lslidar_msgs) StdoutLine: {'line': b'-- Detecting CXX compile features - done\n'}
[0.207626] (lslidar_msgs) StdoutLine: {'line': b'-- Found ament_cmake: 1.3.11 (/opt/ros/humble/share/ament_cmake/cmake)\n'}
[0.300179] (-) TimerEvent: {}
[0.316593] (lslidar_msgs) StdoutLine: {'line': b'-- Found Python3: /usr/bin/python3 (found version "3.10.12") found components: Interpreter \n'}
[0.376448] (lslidar_msgs) StdoutLine: {'line': b'-- Found std_msgs: 4.2.4 (/opt/ros/humble/share/std_msgs/cmake)\n'}
[0.397691] (lslidar_msgs) StdoutLine: {'line': b'-- Found rosidl_generator_c: 3.1.6 (/opt/ros/humble/share/rosidl_generator_c/cmake)\n'}
[0.400376] (lslidar_msgs) StdoutLine: {'line': b'-- Found rosidl_adapter: 3.1.6 (/opt/ros/humble/share/rosidl_adapter/cmake)\n'}
[0.400514] (-) TimerEvent: {}
[0.404895] (lslidar_msgs) StdoutLine: {'line': b'-- Found rosidl_generator_cpp: 3.1.6 (/opt/ros/humble/share/rosidl_generator_cpp/cmake)\n'}
[0.411247] (lslidar_msgs) StdoutLine: {'line': b'-- Using all available rosidl_typesupport_c: rosidl_typesupport_fastrtps_c;rosidl_typesupport_introspection_c\n'}
[0.420061] (lslidar_msgs) StdoutLine: {'line': b'-- Using all available rosidl_typesupport_cpp: rosidl_typesupport_fastrtps_cpp;rosidl_typesupport_introspection_cpp\n'}
[0.438990] (lslidar_msgs) StdoutLine: {'line': b'-- Found sensor_msgs: 4.2.4 (/opt/ros/humble/share/sensor_msgs/cmake)\n'}
[0.470697] (lslidar_msgs) StdoutLine: {'line': b'-- Found rosidl_default_generators: 1.2.0 (/opt/ros/humble/share/rosidl_default_generators/cmake)\n'}
[0.475782] (lslidar_msgs) StdoutLine: {'line': b'-- Found ament_lint_auto: 0.12.11 (/opt/ros/humble/share/ament_lint_auto/cmake)\n'}
[0.500749] (-) TimerEvent: {}
[0.601099] (-) TimerEvent: {}
[0.659051] (lslidar_msgs) StdoutLine: {'line': b'-- Found ament_cmake_ros: 0.10.0 (/opt/ros/humble/share/ament_cmake_ros/cmake)\n'}
[0.701317] (-) TimerEvent: {}
[0.801658] (-) TimerEvent: {}
[0.895141] (lslidar_msgs) StdoutLine: {'line': b'-- Using all available rosidl_typesupport_c: rosidl_typesupport_fastrtps_c;rosidl_typesupport_introspection_c\n'}
[0.901907] (-) TimerEvent: {}
[0.981426] (lslidar_msgs) StdoutLine: {'line': b'-- Using all available rosidl_typesupport_cpp: rosidl_typesupport_fastrtps_cpp;rosidl_typesupport_introspection_cpp\n'}
[0.996360] (lslidar_msgs) StdoutLine: {'line': b'-- Found PythonInterp: /usr/bin/python3 (found suitable version "3.10.12", minimum required is "3.6") \n'}
[0.997225] (lslidar_msgs) StdoutLine: {'line': b'-- Found python_cmake_module: 0.10.0 (/opt/ros/humble/share/python_cmake_module/cmake)\n'}
[1.001993] (-) TimerEvent: {}
[1.014691] (lslidar_msgs) StdoutLine: {'line': b'-- Found PythonLibs: /usr/lib/x86_64-linux-gnu/libpython3.10.so (found suitable version "3.10.12", minimum required is "3.5") \n'}
[1.014866] (lslidar_msgs) StdoutLine: {'line': b'-- Using PYTHON_EXECUTABLE: /usr/bin/python3\n'}
[1.014938] (lslidar_msgs) StdoutLine: {'line': b'-- Using PYTHON_INCLUDE_DIRS: /usr/include/python3.10\n'}
[1.014996] (lslidar_msgs) StdoutLine: {'line': b'-- Using PYTHON_LIBRARIES: /usr/lib/x86_64-linux-gnu/libpython3.10.so\n'}
[1.028290] (lslidar_msgs) StdoutLine: {'line': b'-- Found PythonExtra: .so  \n'}
[1.058322] (lslidar_msgs) StdoutLine: {'line': b"-- Added test 'copyright' to check source files copyright and LICENSE\n"}
[1.059144] (lslidar_msgs) StdoutLine: {'line': b"-- Added test 'lint_cmake' to check CMake code style\n"}
[1.059621] (lslidar_msgs) StdoutLine: {'line': b"-- Added test 'xmllint' to check XML markup files\n"}
[1.061646] (lslidar_msgs) StdoutLine: {'line': b'-- Configuring done\n'}
[1.080473] (lslidar_msgs) StdoutLine: {'line': b'-- Generating done\n'}
[1.086758] (lslidar_msgs) StdoutLine: {'line': b'-- Build files have been written to: /home/vic/billeagle_ws/lslidar_ws/build/lslidar_msgs\n'}
[1.093637] (lslidar_msgs) CommandEnded: {'returncode': 0}
[1.094067] (lslidar_msgs) JobProgress: {'identifier': 'lslidar_msgs', 'progress': 'build'}
[1.094227] (lslidar_msgs) Command: {'cmd': ['/usr/bin/cmake', '--build', '/home/vic/billeagle_ws/lslidar_ws/build/lslidar_msgs', '--', '-j16', '-l16'], 'cwd': '/home/vic/billeagle_ws/lslidar_ws/build/lslidar_msgs', 'env': OrderedDict([('LESSOPEN', '| /usr/bin/lesspipe %s'), ('USER', 'vic'), ('LC_TIME', 'pt_BR.UTF-8'), ('XDG_SESSION_TYPE', 'x11'), ('SHLVL', '1'), ('LD_LIBRARY_PATH', '/home/vic/microros_ws/install/micro_ros_agent/lib:/home/vic/microros_ws/install/micro_ros_msgs/lib:/opt/ros/humble/opt/rviz_ogre_vendor/lib:/opt/ros/humble/lib/x86_64-linux-gnu:/opt/ros/humble/lib'), ('HOME', '/home/vic'), ('OLDPWD', '/home/vic/billeagle_ws/bill_ws'), ('DESKTOP_SESSION', 'ubuntu'), ('ROS_PYTHON_VERSION', '3'), ('GNOME_SHELL_SESSION_MODE', 'ubuntu'), ('GTK_MODULES', 'gail:atk-bridge'), ('LC_MONETARY', 'pt_BR.UTF-8'), ('MANAGERPID', '6928'), ('LC_CTYPE', 'pt_BR.UTF-8'), ('SYSTEMD_EXEC_PID', '7671'), ('DBUS_SESSION_BUS_ADDRESS', 'unix:path=/run/user/1001/bus'), ('COLORTERM', 'truecolor'), ('TERMINATOR_DBUS_NAME', 'net.tenshu.Terminator23558193cd9818af7fe4d2c2f5bd9d00f'), ('GIO_LAUNCHED_DESKTOP_FILE_PID', '9913'), ('COLCON_PREFIX_PATH', '/home/vic/microros_ws/install:/home/vic/billeagle_ws/microros_ws/install'), ('ROS_DISTRO', 'humble'), ('GTK_IM_MODULE', 'ibus'), ('LOGNAME', 'vic'), ('JOURNAL_STREAM', '8:61620'), ('_', '/usr/bin/colcon'), ('ROS_VERSION', '2'), ('XDG_SESSION_CLASS', 'user'), ('USERNAME', 'vic'), ('TERM', 'xterm-256color'), ('GNOME_DESKTOP_SESSION_ID', 'this-is-deprecated'), ('ROS_LOCALHOST_ONLY', '0'), ('WINDOWPATH', '2'), ('PATH', '/opt/ros/humble/bin:/usr/local/sbin:/usr/local/bin:/usr/sbin:/usr/bin:/sbin:/bin:/usr/games:/usr/local/games:/snap/bin:/snap/bin'), ('SESSION_MANAGER', 'local/bill8-Dell-G15-5520:@/tmp/.ICE-unix/7410,unix/bill8-Dell-G15-5520:/tmp/.ICE-unix/7410'), ('INVOCATION_ID', 'e585e915e9894f31ac600c2d3117b655'), ('XDG_MENU_PREFIX', 'gnome-'), ('LC_ADDRESS', 'pt_BR.UTF-8'), ('XDG_RUNTIME_DIR', '/run/user/1001'), ('DISPLAY', ':1'), ('TERMINATOR_DBUS_PATH', '/net/tenshu/Terminator2'), ('LANG', 'en_US.UTF-8'), ('XDG_CURRENT_DESKTOP', 'ubuntu:GNOME'), ('IBUS_DISABLE_SNOOPER', '1'), ('LC_TELEPHONE', 'pt_BR.UTF-8'), ('XMODIFIERS', '@im=ibus'), ('XDG_SESSION_DESKTOP', 'ubuntu'), ('XAUTHORITY', '/run/user/1001/gdm/Xauthority'), ('LS_COLORS', 'rs=0:di=01;34:ln=01;36:mh=00:pi=40;33:so=01;35:do=01;35:bd=40;33;01:cd=40;33;01:or=40;31;01:mi=00:su=37;41:sg=30;43:ca=30;41:tw=30;42:ow=34;42:st=37;44:ex=01;32:*.tar=01;31:*.tgz=01;31:*.arc=01;31:*.arj=01;31:*.taz=01;31:*.lha=01;31:*.lz4=01;31:*.lzh=01;31:*.lzma=01;31:*.tlz=01;31:*.txz=01;31:*.tzo=01;31:*.t7z=01;31:*.zip=01;31:*.z=01;31:*.dz=01;31:*.gz=01;31:*.lrz=01;31:*.lz=01;31:*.lzo=01;31:*.xz=01;31:*.zst=01;31:*.tzst=01;31:*.bz2=01;31:*.bz=01;31:*.tbz=01;31:*.tbz2=01;31:*.tz=01;31:*.deb=01;31:*.rpm=01;31:*.jar=01;31:*.war=01;31:*.ear=01;31:*.sar=01;31:*.rar=01;31:*.alz=01;31:*.ace=01;31:*.zoo=01;31:*.cpio=01;31:*.7z=01;31:*.rz=01;31:*.cab=01;31:*.wim=01;31:*.swm=01;31:*.dwm=01;31:*.esd=01;31:*.jpg=01;35:*.jpeg=01;35:*.mjpg=01;35:*.mjpeg=01;35:*.gif=01;35:*.bmp=01;35:*.pbm=01;35:*.pgm=01;35:*.ppm=01;35:*.tga=01;35:*.xbm=01;35:*.xpm=01;35:*.tif=01;35:*.tiff=01;35:*.png=01;35:*.svg=01;35:*.svgz=01;35:*.mng=01;35:*.pcx=01;35:*.mov=01;35:*.mpg=01;35:*.mpeg=01;35:*.m2v=01;35:*.mkv=01;35:*.webm=01;35:*.webp=01;35:*.ogm=01;35:*.mp4=01;35:*.m4v=01;35:*.mp4v=01;35:*.vob=01;35:*.qt=01;35:*.nuv=01;35:*.wmv=01;35:*.asf=01;35:*.rm=01;35:*.rmvb=01;35:*.flc=01;35:*.avi=01;35:*.fli=01;35:*.flv=01;35:*.gl=01;35:*.dl=01;35:*.xcf=01;35:*.xwd=01;35:*.yuv=01;35:*.cgm=01;35:*.emf=01;35:*.ogv=01;35:*.ogx=01;35:*.aac=00;36:*.au=00;36:*.flac=00;36:*.m4a=00;36:*.mid=00;36:*.midi=00;36:*.mka=00;36:*.mp3=00;36:*.mpc=00;36:*.ogg=00;36:*.ra=00;36:*.wav=00;36:*.oga=00;36:*.opus=00;36:*.spx=00;36:*.xspf=00;36:'), ('SSH_AGENT_LAUNCHER', 'gnome-keyring'), ('SSH_AUTH_SOCK', '/run/user/1001/keyring/ssh'), ('AMENT_PREFIX_PATH', '/home/vic/microros_ws/install/micro_ros_agent:/home/vic/microros_ws/install/micro_ros_msgs:/home/vic/microros_ws/install/micro_ros_setup:/home/vic/billeagle_ws/microros_ws/install/micro_ros_setup:/opt/ros/humble'), ('SHELL', '/bin/bash'), ('LC_NAME', 'pt_BR.UTF-8'), ('TERMINATOR_UUID', 'urn:uuid:b50d16d0-6e64-4bc3-bca6-91720745bbef'), ('QT_ACCESSIBILITY', '1'), ('GDMSESSION', 'ubuntu'), ('LESSCLOSE', '/usr/bin/lesspipe %s %s'), ('LC_MEASUREMENT', 'pt_BR.UTF-8'), ('GPG_AGENT_INFO', '/run/user/1001/gnupg/S.gpg-agent:0:1'), ('LC_IDENTIFICATION', 'pt_BR.UTF-8'), ('QT_IM_MODULE', 'ibus'), ('PWD', '/home/vic/billeagle_ws/lslidar_ws/build/lslidar_msgs'), ('LC_ALL', 'en_US.UTF-8'), ('XDG_CONFIG_DIRS', '/etc/xdg/xdg-ubuntu:/etc/xdg'), ('XDG_DATA_DIRS', '/usr/share/ubuntu:/usr/share/gnome:/usr/local/share/:/usr/share/:/var/lib/snapd/desktop'), ('PYTHONPATH', '/home/vic/microros_ws/install/micro_ros_msgs/local/lib/python3.10/dist-packages:/opt/ros/humble/lib/python3.10/site-packages:/opt/ros/humble/local/lib/python3.10/dist-packages'), ('LC_NUMERIC', 'pt_BR.UTF-8'), ('LC_PAPER', 'pt_BR.UTF-8'), ('COLCON', '1'), ('VTE_VERSION', '6800'), ('CMAKE_PREFIX_PATH', '/home/vic/microros_ws/install/micro_ros_agent:/home/vic/microros_ws/install/micro_ros_msgs:/home/vic/microros_ws/install/micro_ros_setup:/home/vic/billeagle_ws/microros_ws/install/micro_ros_setup:/opt/ros/humble')]), 'shell': False}
[1.102122] (-) TimerEvent: {}
[1.120528] (lslidar_msgs) StdoutLine: {'line': b'[  1%] \x1b[34m\x1b[1mGenerating C code for ROS interfaces\x1b[0m\n'}
[1.129175] (lslidar_msgs) StdoutLine: {'line': b'[  3%] \x1b[34m\x1b[1mGenerating C++ code for ROS interfaces\x1b[0m\n'}
[1.135670] (lslidar_msgs) StdoutLine: {'line': b'[  3%] Built target ament_cmake_python_copy_lslidar_msgs\n'}
[1.202369] (-) TimerEvent: {}
[1.270135] (lslidar_msgs) StdoutLine: {'line': b'running egg_info\n'}
[1.270471] (lslidar_msgs) StdoutLine: {'line': b'creating lslidar_msgs.egg-info\n'}
[1.270661] (lslidar_msgs) StdoutLine: {'line': b'writing lslidar_msgs.egg-info/PKG-INFO\n'}
[1.270769] (lslidar_msgs) StdoutLine: {'line': b'writing dependency_links to lslidar_msgs.egg-info/dependency_links.txt\n'}
[1.270946] (lslidar_msgs) StdoutLine: {'line': b'writing top-level names to lslidar_msgs.egg-info/top_level.txt\n'}
[1.271012] (lslidar_msgs) StdoutLine: {'line': b"writing manifest file 'lslidar_msgs.egg-info/SOURCES.txt'\n"}
[1.271862] (lslidar_msgs) StdoutLine: {'line': b"reading manifest file 'lslidar_msgs.egg-info/SOURCES.txt'\n"}
[1.272062] (lslidar_msgs) StdoutLine: {'line': b"writing manifest file 'lslidar_msgs.egg-info/SOURCES.txt'\n"}
[1.290246] (lslidar_msgs) StdoutLine: {'line': b'[  3%] Built target ament_cmake_python_build_lslidar_msgs_egg\n'}
[1.302460] (-) TimerEvent: {}
[1.403806] (-) TimerEvent: {}
[1.415166] (lslidar_msgs) StdoutLine: {'line': b'[  3%] Built target lslidar_msgs__cpp\n'}
[1.419281] (lslidar_msgs) StdoutLine: {'line': b'[  4%] \x1b[32mBuilding C object CMakeFiles/lslidar_msgs__rosidl_generator_c.dir/rosidl_generator_c/lslidar_msgs/msg/detail/lslidar_sweep__functions.c.o\x1b[0m\n'}
[1.419463] (lslidar_msgs) StdoutLine: {'line': b'[  6%] \x1b[32mBuilding C object CMakeFiles/lslidar_msgs__rosidl_generator_c.dir/rosidl_generator_c/lslidar_msgs/msg/detail/lslidar_packet__functions.c.o\x1b[0m\n'}
[1.419941] (lslidar_msgs) StdoutLine: {'line': b'[  9%] \x1b[32mBuilding C object CMakeFiles/lslidar_msgs__rosidl_generator_c.dir/rosidl_generator_c/lslidar_msgs/msg/detail/lslidar_point__functions.c.o\x1b[0m\n'}
[1.420062] (lslidar_msgs) StdoutLine: {'line': b'[  9%] \x1b[32mBuilding C object CMakeFiles/lslidar_msgs__rosidl_generator_c.dir/rosidl_generator_c/lslidar_msgs/msg/detail/lslidar_scan__functions.c.o\x1b[0m\n'}
[1.420670] (lslidar_msgs) StdoutLine: {'line': b'[ 11%] \x1b[32mBuilding C object CMakeFiles/lslidar_msgs__rosidl_generator_c.dir/rosidl_generator_c/lslidar_msgs/msg/detail/lslidar_difop__functions.c.o\x1b[0m\n'}
[1.421634] (lslidar_msgs) StdoutLine: {'line': b'[ 12%] \x1b[34m\x1b[1mGenerating C++ type support for eProsima Fast-RTPS\x1b[0m\n'}
[1.422729] (lslidar_msgs) StdoutLine: {'line': b'[ 14%] \x1b[34m\x1b[1mGenerating C++ introspection for ROS interfaces\x1b[0m\n'}
[1.423544] (lslidar_msgs) StdoutLine: {'line': b'[ 15%] \x1b[34m\x1b[1mGenerating C++ type support dispatch for ROS interfaces\x1b[0m\n'}
[1.470835] (lslidar_msgs) StdoutLine: {'line': b'[ 17%] \x1b[32m\x1b[1mLinking C shared library liblslidar_msgs__rosidl_generator_c.so\x1b[0m\n'}
[1.503136] (lslidar_msgs) StdoutLine: {'line': b'[ 17%] Built target lslidar_msgs__rosidl_generator_c\n'}
[1.503903] (-) TimerEvent: {}
[1.510526] (lslidar_msgs) StdoutLine: {'line': b'[ 19%] \x1b[34m\x1b[1mGenerating C type support dispatch for ROS interfaces\x1b[0m\n'}
[1.511620] (lslidar_msgs) StdoutLine: {'line': b'[ 20%] \x1b[34m\x1b[1mGenerating C type support for eProsima Fast-RTPS\x1b[0m\n'}
[1.511860] (lslidar_msgs) StdoutLine: {'line': b'[ 22%] \x1b[34m\x1b[1mGenerating C introspection for ROS interfaces\x1b[0m\n'}
[1.604029] (-) TimerEvent: {}
[1.646848] (lslidar_msgs) StdoutLine: {'line': b'[ 23%] \x1b[32mBuilding CXX object CMakeFiles/lslidar_msgs__rosidl_typesupport_cpp.dir/rosidl_typesupport_cpp/lslidar_msgs/msg/lslidar_point__type_support.cpp.o\x1b[0m\n'}
[1.648952] (lslidar_msgs) StdoutLine: {'line': b'[ 26%] \x1b[32mBuilding CXX object CMakeFiles/lslidar_msgs__rosidl_typesupport_cpp.dir/rosidl_typesupport_cpp/lslidar_msgs/msg/lslidar_difop__type_support.cpp.o\x1b[0m\n'}
[1.649163] (lslidar_msgs) StdoutLine: {'line': b'[ 26%] \x1b[32mBuilding CXX object CMakeFiles/lslidar_msgs__rosidl_typesupport_cpp.dir/rosidl_typesupport_cpp/lslidar_msgs/msg/lslidar_packet__type_support.cpp.o\x1b[0m\n'}
[1.649270] (lslidar_msgs) StdoutLine: {'line': b'[ 28%] \x1b[32mBuilding CXX object CMakeFiles/lslidar_msgs__rosidl_typesupport_cpp.dir/rosidl_typesupport_cpp/lslidar_msgs/msg/lslidar_scan__type_support.cpp.o\x1b[0m\n'}
[1.649399] (lslidar_msgs) StdoutLine: {'line': b'[ 30%] \x1b[32mBuilding CXX object CMakeFiles/lslidar_msgs__rosidl_typesupport_cpp.dir/rosidl_typesupport_cpp/lslidar_msgs/msg/lslidar_sweep__type_support.cpp.o\x1b[0m\n'}
[1.680121] (lslidar_msgs) StdoutLine: {'line': b'[ 33%] \x1b[32mBuilding CXX object CMakeFiles/lslidar_msgs__rosidl_typesupport_introspection_cpp.dir/rosidl_typesupport_introspection_cpp/lslidar_msgs/msg/detail/lslidar_packet__type_support.cpp.o\x1b[0m\n'}
[1.680273] (lslidar_msgs) StdoutLine: {'line': b'[ 33%] \x1b[32mBuilding CXX object CMakeFiles/lslidar_msgs__rosidl_typesupport_introspection_cpp.dir/rosidl_typesupport_introspection_cpp/lslidar_msgs/msg/detail/lslidar_point__type_support.cpp.o\x1b[0m\n'}
[1.680370] (lslidar_msgs) StdoutLine: {'line': b'[ 34%] \x1b[32mBuilding CXX object CMakeFiles/lslidar_msgs__rosidl_typesupport_introspection_cpp.dir/rosidl_typesupport_introspection_cpp/lslidar_msgs/msg/detail/lslidar_sweep__type_support.cpp.o\x1b[0m\n'}
[1.680626] (lslidar_msgs) StdoutLine: {'line': b'[ 38%] \x1b[32mBuilding CXX object CMakeFiles/lslidar_msgs__rosidl_typesupport_introspection_cpp.dir/rosidl_typesupport_introspection_cpp/lslidar_msgs/msg/detail/lslidar_scan__type_support.cpp.o\x1b[0m\n'}
[1.681003] (lslidar_msgs) StdoutLine: {'line': b'[ 36%] \x1b[32mBuilding CXX object CMakeFiles/lslidar_msgs__rosidl_typesupport_introspection_cpp.dir/rosidl_typesupport_introspection_cpp/lslidar_msgs/msg/detail/lslidar_difop__type_support.cpp.o\x1b[0m\n'}
[1.704122] (-) TimerEvent: {}
[1.720337] (lslidar_msgs) StdoutLine: {'line': b'[ 41%] \x1b[32mBuilding CXX object CMakeFiles/lslidar_msgs__rosidl_typesupport_fastrtps_cpp.dir/rosidl_typesupport_fastrtps_cpp/lslidar_msgs/msg/detail/dds_fastrtps/lslidar_point__type_support.cpp.o\x1b[0m\n'}
[1.720510] (lslidar_msgs) StdoutLine: {'line': b'[ 41%] \x1b[32mBuilding CXX object CMakeFiles/lslidar_msgs__rosidl_typesupport_fastrtps_cpp.dir/rosidl_typesupport_fastrtps_cpp/lslidar_msgs/msg/detail/dds_fastrtps/lslidar_packet__type_support.cpp.o\x1b[0m\n'}
[1.720586] (lslidar_msgs) StdoutLine: {'line': b'[ 42%] \x1b[32mBuilding CXX object CMakeFiles/lslidar_msgs__rosidl_typesupport_fastrtps_cpp.dir/rosidl_typesupport_fastrtps_cpp/lslidar_msgs/msg/detail/dds_fastrtps/lslidar_difop__type_support.cpp.o\x1b[0m\n'}
[1.804229] (-) TimerEvent: {}
[1.822841] (lslidar_msgs) StdoutLine: {'line': b'[ 44%] \x1b[32mBuilding CXX object CMakeFiles/lslidar_msgs__rosidl_typesupport_c.dir/rosidl_typesupport_c/lslidar_msgs/msg/lslidar_difop__type_support.cpp.o\x1b[0m\n'}
[1.853464] (lslidar_msgs) StdoutLine: {'line': b'[ 46%] \x1b[32mBuilding CXX object CMakeFiles/lslidar_msgs__rosidl_typesupport_c.dir/rosidl_typesupport_c/lslidar_msgs/msg/lslidar_packet__type_support.cpp.o\x1b[0m\n'}
[1.865105] (lslidar_msgs) StdoutLine: {'line': b'[ 47%] \x1b[32mBuilding CXX object CMakeFiles/lslidar_msgs__rosidl_typesupport_fastrtps_cpp.dir/rosidl_typesupport_fastrtps_cpp/lslidar_msgs/msg/detail/dds_fastrtps/lslidar_scan__type_support.cpp.o\x1b[0m\n'}
[1.881590] (lslidar_msgs) StdoutLine: {'line': b'[ 49%] \x1b[32mBuilding CXX object CMakeFiles/lslidar_msgs__rosidl_typesupport_c.dir/rosidl_typesupport_c/lslidar_msgs/msg/lslidar_point__type_support.cpp.o\x1b[0m\n'}
[1.883208] (lslidar_msgs) StdoutLine: {'line': b'[ 50%] \x1b[32mBuilding CXX object CMakeFiles/lslidar_msgs__rosidl_typesupport_c.dir/rosidl_typesupport_c/lslidar_msgs/msg/lslidar_scan__type_support.cpp.o\x1b[0m\n'}
[1.904328] (-) TimerEvent: {}
[1.913096] (lslidar_msgs) StdoutLine: {'line': b'[ 53%] \x1b[32mBuilding CXX object CMakeFiles/lslidar_msgs__rosidl_typesupport_fastrtps_cpp.dir/rosidl_typesupport_fastrtps_cpp/lslidar_msgs/msg/detail/dds_fastrtps/lslidar_sweep__type_support.cpp.o\x1b[0m\n'}
[1.913269] (lslidar_msgs) StdoutLine: {'line': b'[ 53%] \x1b[32mBuilding CXX object CMakeFiles/lslidar_msgs__rosidl_typesupport_c.dir/rosidl_typesupport_c/lslidar_msgs/msg/lslidar_sweep__type_support.cpp.o\x1b[0m\n'}
[1.941175] (lslidar_msgs) StdoutLine: {'line': b'[ 55%] \x1b[32m\x1b[1mLinking CXX shared library liblslidar_msgs__rosidl_typesupport_cpp.so\x1b[0m\n'}
[1.942696] (lslidar_msgs) StdoutLine: {'line': b'[ 57%] \x1b[32m\x1b[1mLinking CXX shared library liblslidar_msgs__rosidl_typesupport_c.so\x1b[0m\n'}
[1.989056] (lslidar_msgs) StdoutLine: {'line': b'[ 57%] Built target lslidar_msgs__rosidl_typesupport_cpp\n'}
[1.989427] (lslidar_msgs) StdoutLine: {'line': b'[ 57%] Built target lslidar_msgs__rosidl_typesupport_c\n'}
[1.998901] (lslidar_msgs) StdoutLine: {'line': b'[ 58%] \x1b[32mBuilding C object CMakeFiles/lslidar_msgs__rosidl_typesupport_introspection_c.dir/rosidl_typesupport_introspection_c/lslidar_msgs/msg/detail/lslidar_difop__type_support.c.o\x1b[0m\n'}
[2.004341] (lslidar_msgs) StdoutLine: {'line': b'[ 60%] \x1b[32mBuilding C object CMakeFiles/lslidar_msgs__rosidl_typesupport_introspection_c.dir/rosidl_typesupport_introspection_c/lslidar_msgs/msg/detail/lslidar_packet__type_support.c.o\x1b[0m\n'}
[2.004505] (-) TimerEvent: {}
[2.006622] (lslidar_msgs) StdoutLine: {'line': b'[ 61%] \x1b[32mBuilding C object CMakeFiles/lslidar_msgs__rosidl_typesupport_introspection_c.dir/rosidl_typesupport_introspection_c/lslidar_msgs/msg/detail/lslidar_point__type_support.c.o\x1b[0m\n'}
[2.006825] (lslidar_msgs) StdoutLine: {'line': b'[ 63%] \x1b[32mBuilding C object CMakeFiles/lslidar_msgs__rosidl_typesupport_introspection_c.dir/rosidl_typesupport_introspection_c/lslidar_msgs/msg/detail/lslidar_scan__type_support.c.o\x1b[0m\n'}
[2.008551] (lslidar_msgs) StdoutLine: {'line': b'[ 65%] \x1b[32mBuilding C object CMakeFiles/lslidar_msgs__rosidl_typesupport_introspection_c.dir/rosidl_typesupport_introspection_c/lslidar_msgs/msg/detail/lslidar_sweep__type_support.c.o\x1b[0m\n'}
[2.024200] (lslidar_msgs) StdoutLine: {'line': b'[ 66%] \x1b[32mBuilding CXX object CMakeFiles/lslidar_msgs__rosidl_typesupport_fastrtps_c.dir/rosidl_typesupport_fastrtps_c/lslidar_msgs/msg/detail/lslidar_difop__type_support_c.cpp.o\x1b[0m\n'}
[2.024400] (lslidar_msgs) StdoutLine: {'line': b'[ 68%] \x1b[32mBuilding CXX object CMakeFiles/lslidar_msgs__rosidl_typesupport_fastrtps_c.dir/rosidl_typesupport_fastrtps_c/lslidar_msgs/msg/detail/lslidar_packet__type_support_c.cpp.o\x1b[0m\n'}
[2.026752] (lslidar_msgs) StdoutLine: {'line': b'[ 69%] \x1b[32mBuilding CXX object CMakeFiles/lslidar_msgs__rosidl_typesupport_fastrtps_c.dir/rosidl_typesupport_fastrtps_c/lslidar_msgs/msg/detail/lslidar_scan__type_support_c.cpp.o\x1b[0m\n'}
[2.028424] (lslidar_msgs) StdoutLine: {'line': b'[ 71%] \x1b[32mBuilding CXX object CMakeFiles/lslidar_msgs__rosidl_typesupport_fastrtps_c.dir/rosidl_typesupport_fastrtps_c/lslidar_msgs/msg/detail/lslidar_point__type_support_c.cpp.o\x1b[0m\n'}
[2.034252] (lslidar_msgs) StdoutLine: {'line': b'[ 73%] \x1b[32mBuilding CXX object CMakeFiles/lslidar_msgs__rosidl_typesupport_fastrtps_c.dir/rosidl_typesupport_fastrtps_c/lslidar_msgs/msg/detail/lslidar_sweep__type_support_c.cpp.o\x1b[0m\n'}
[2.047238] (lslidar_msgs) StdoutLine: {'line': b'[ 74%] \x1b[32m\x1b[1mLinking C shared library liblslidar_msgs__rosidl_typesupport_introspection_c.so\x1b[0m\n'}
[2.074088] (lslidar_msgs) StdoutLine: {'line': b'[ 74%] Built target lslidar_msgs__rosidl_typesupport_introspection_c\n'}
[2.104628] (-) TimerEvent: {}
[2.115208] (lslidar_msgs) StdoutLine: {'line': b'[ 76%] \x1b[32m\x1b[1mLinking CXX shared library liblslidar_msgs__rosidl_typesupport_introspection_cpp.so\x1b[0m\n'}
[2.171116] (lslidar_msgs) StdoutLine: {'line': b'[ 76%] Built target lslidar_msgs__rosidl_typesupport_introspection_cpp\n'}
[2.204774] (-) TimerEvent: {}
[2.283295] (lslidar_msgs) StdoutLine: {'line': b'[ 77%] \x1b[32m\x1b[1mLinking CXX shared library liblslidar_msgs__rosidl_typesupport_fastrtps_cpp.so\x1b[0m\n'}
[2.298463] (lslidar_msgs) StdoutLine: {'line': b'[ 79%] \x1b[32m\x1b[1mLinking CXX shared library liblslidar_msgs__rosidl_typesupport_fastrtps_c.so\x1b[0m\n'}
[2.304913] (-) TimerEvent: {}
[2.345211] (lslidar_msgs) StdoutLine: {'line': b'[ 79%] Built target lslidar_msgs__rosidl_typesupport_fastrtps_cpp\n'}
[2.351481] (lslidar_msgs) StdoutLine: {'line': b'[ 79%] Built target lslidar_msgs__rosidl_typesupport_fastrtps_c\n'}
[2.366243] (lslidar_msgs) StdoutLine: {'line': b'[ 79%] Built target lslidar_msgs\n'}
[2.381837] (lslidar_msgs) StdoutLine: {'line': b'[ 80%] \x1b[34m\x1b[1mGenerating Python code for ROS interfaces\x1b[0m\n'}
[2.405072] (-) TimerEvent: {}
[2.505297] (-) TimerEvent: {}
[2.605638] (-) TimerEvent: {}
[2.705984] (-) TimerEvent: {}
[2.794845] (lslidar_msgs) StdoutLine: {'line': b'[ 80%] Built target lslidar_msgs__py\n'}
[2.806139] (-) TimerEvent: {}
[2.809989] (lslidar_msgs) StdoutLine: {'line': b'[ 82%] \x1b[32mBuilding C object CMakeFiles/lslidar_msgs__rosidl_generator_py.dir/rosidl_generator_py/lslidar_msgs/msg/_lslidar_sweep_s.c.o\x1b[0m\n'}
[2.811238] (lslidar_msgs) StdoutLine: {'line': b'[ 84%] \x1b[32mBuilding C object CMakeFiles/lslidar_msgs__rosidl_generator_py.dir/rosidl_generator_py/lslidar_msgs/msg/_lslidar_scan_s.c.o\x1b[0m\n'}
[2.811409] (lslidar_msgs) StdoutLine: {'line': b'[ 87%] \x1b[32mBuilding C object CMakeFiles/lslidar_msgs__rosidl_generator_py.dir/rosidl_generator_py/lslidar_msgs/msg/_lslidar_packet_s.c.o\x1b[0m\n'}
[2.811492] (lslidar_msgs) StdoutLine: {'line': b'[ 87%] \x1b[32mBuilding C object CMakeFiles/lslidar_msgs__rosidl_generator_py.dir/rosidl_generator_py/lslidar_msgs/msg/_lslidar_difop_s.c.o\x1b[0m\n'}
[2.811562] (lslidar_msgs) StdoutLine: {'line': b'[ 88%] \x1b[32mBuilding C object CMakeFiles/lslidar_msgs__rosidl_generator_py.dir/rosidl_generator_py/lslidar_msgs/msg/_lslidar_point_s.c.o\x1b[0m\n'}
[2.895071] (lslidar_msgs) StdoutLine: {'line': b'[ 90%] \x1b[32m\x1b[1mLinking C shared library rosidl_generator_py/lslidar_msgs/liblslidar_msgs__rosidl_generator_py.so\x1b[0m\n'}
[2.906258] (-) TimerEvent: {}
[2.928786] (lslidar_msgs) StdoutLine: {'line': b'[ 90%] Built target lslidar_msgs__rosidl_generator_py\n'}
[2.944092] (lslidar_msgs) StdoutLine: {'line': b'[ 92%] \x1b[32mBuilding C object CMakeFiles/lslidar_msgs__rosidl_typesupport_c__pyext.dir/rosidl_generator_py/lslidar_msgs/_lslidar_msgs_s.ep.rosidl_typesupport_c.c.o\x1b[0m\n'}
[2.944254] (lslidar_msgs) StdoutLine: {'line': b'[ 93%] \x1b[32mBuilding C object CMakeFiles/lslidar_msgs__rosidl_typesupport_introspection_c__pyext.dir/rosidl_generator_py/lslidar_msgs/_lslidar_msgs_s.ep.rosidl_typesupport_introspection_c.c.o\x1b[0m\n'}
[2.944732] (lslidar_msgs) StdoutLine: {'line': b'[ 95%] \x1b[32mBuilding C object CMakeFiles/lslidar_msgs__rosidl_typesupport_fastrtps_c__pyext.dir/rosidl_generator_py/lslidar_msgs/_lslidar_msgs_s.ep.rosidl_typesupport_fastrtps_c.c.o\x1b[0m\n'}
[3.006370] (-) TimerEvent: {}
[3.008561] (lslidar_msgs) StdoutLine: {'line': b'[ 96%] \x1b[32m\x1b[1mLinking C shared library rosidl_generator_py/lslidar_msgs/lslidar_msgs_s__rosidl_typesupport_c.cpython-310-x86_64-linux-gnu.so\x1b[0m\n'}
[3.008870] (lslidar_msgs) StdoutLine: {'line': b'[ 98%] \x1b[32m\x1b[1mLinking C shared library rosidl_generator_py/lslidar_msgs/lslidar_msgs_s__rosidl_typesupport_introspection_c.cpython-310-x86_64-linux-gnu.so\x1b[0m\n'}
[3.011470] (lslidar_msgs) StdoutLine: {'line': b'[100%] \x1b[32m\x1b[1mLinking C shared library rosidl_generator_py/lslidar_msgs/lslidar_msgs_s__rosidl_typesupport_fastrtps_c.cpython-310-x86_64-linux-gnu.so\x1b[0m\n'}
[3.034756] (lslidar_msgs) StdoutLine: {'line': b'[100%] Built target lslidar_msgs__rosidl_typesupport_c__pyext\n'}
[3.037985] (lslidar_msgs) StdoutLine: {'line': b'[100%] Built target lslidar_msgs__rosidl_typesupport_introspection_c__pyext\n'}
[3.038111] (lslidar_msgs) StdoutLine: {'line': b'[100%] Built target lslidar_msgs__rosidl_typesupport_fastrtps_c__pyext\n'}
[3.048452] (lslidar_msgs) CommandEnded: {'returncode': 0}
[3.048806] (lslidar_msgs) JobProgress: {'identifier': 'lslidar_msgs', 'progress': 'install'}
[3.053829] (lslidar_msgs) Command: {'cmd': ['/usr/bin/cmake', '--install', '/home/vic/billeagle_ws/lslidar_ws/build/lslidar_msgs'], 'cwd': '/home/vic/billeagle_ws/lslidar_ws/build/lslidar_msgs', 'env': OrderedDict([('LESSOPEN', '| /usr/bin/lesspipe %s'), ('USER', 'vic'), ('LC_TIME', 'pt_BR.UTF-8'), ('XDG_SESSION_TYPE', 'x11'), ('SHLVL', '1'), ('LD_LIBRARY_PATH', '/home/vic/microros_ws/install/micro_ros_agent/lib:/home/vic/microros_ws/install/micro_ros_msgs/lib:/opt/ros/humble/opt/rviz_ogre_vendor/lib:/opt/ros/humble/lib/x86_64-linux-gnu:/opt/ros/humble/lib'), ('HOME', '/home/vic'), ('OLDPWD', '/home/vic/billeagle_ws/bill_ws'), ('DESKTOP_SESSION', 'ubuntu'), ('ROS_PYTHON_VERSION', '3'), ('GNOME_SHELL_SESSION_MODE', 'ubuntu'), ('GTK_MODULES', 'gail:atk-bridge'), ('LC_MONETARY', 'pt_BR.UTF-8'), ('MANAGERPID', '6928'), ('LC_CTYPE', 'pt_BR.UTF-8'), ('SYSTEMD_EXEC_PID', '7671'), ('DBUS_SESSION_BUS_ADDRESS', 'unix:path=/run/user/1001/bus'), ('COLORTERM', 'truecolor'), ('TERMINATOR_DBUS_NAME', 'net.tenshu.Terminator23558193cd9818af7fe4d2c2f5bd9d00f'), ('GIO_LAUNCHED_DESKTOP_FILE_PID', '9913'), ('COLCON_PREFIX_PATH', '/home/vic/microros_ws/install:/home/vic/billeagle_ws/microros_ws/install'), ('ROS_DISTRO', 'humble'), ('GTK_IM_MODULE', 'ibus'), ('LOGNAME', 'vic'), ('JOURNAL_STREAM', '8:61620'), ('_', '/usr/bin/colcon'), ('ROS_VERSION', '2'), ('XDG_SESSION_CLASS', 'user'), ('USERNAME', 'vic'), ('TERM', 'xterm-256color'), ('GNOME_DESKTOP_SESSION_ID', 'this-is-deprecated'), ('ROS_LOCALHOST_ONLY', '0'), ('WINDOWPATH', '2'), ('PATH', '/opt/ros/humble/bin:/usr/local/sbin:/usr/local/bin:/usr/sbin:/usr/bin:/sbin:/bin:/usr/games:/usr/local/games:/snap/bin:/snap/bin'), ('SESSION_MANAGER', 'local/bill8-Dell-G15-5520:@/tmp/.ICE-unix/7410,unix/bill8-Dell-G15-5520:/tmp/.ICE-unix/7410'), ('INVOCATION_ID', 'e585e915e9894f31ac600c2d3117b655'), ('XDG_MENU_PREFIX', 'gnome-'), ('LC_ADDRESS', 'pt_BR.UTF-8'), ('XDG_RUNTIME_DIR', '/run/user/1001'), ('DISPLAY', ':1'), ('TERMINATOR_DBUS_PATH', '/net/tenshu/Terminator2'), ('LANG', 'en_US.UTF-8'), ('XDG_CURRENT_DESKTOP', 'ubuntu:GNOME'), ('IBUS_DISABLE_SNOOPER', '1'), ('LC_TELEPHONE', 'pt_BR.UTF-8'), ('XMODIFIERS', '@im=ibus'), ('XDG_SESSION_DESKTOP', 'ubuntu'), ('XAUTHORITY', '/run/user/1001/gdm/Xauthority'), ('LS_COLORS', 'rs=0:di=01;34:ln=01;36:mh=00:pi=40;33:so=01;35:do=01;35:bd=40;33;01:cd=40;33;01:or=40;31;01:mi=00:su=37;41:sg=30;43:ca=30;41:tw=30;42:ow=34;42:st=37;44:ex=01;32:*.tar=01;31:*.tgz=01;31:*.arc=01;31:*.arj=01;31:*.taz=01;31:*.lha=01;31:*.lz4=01;31:*.lzh=01;31:*.lzma=01;31:*.tlz=01;31:*.txz=01;31:*.tzo=01;31:*.t7z=01;31:*.zip=01;31:*.z=01;31:*.dz=01;31:*.gz=01;31:*.lrz=01;31:*.lz=01;31:*.lzo=01;31:*.xz=01;31:*.zst=01;31:*.tzst=01;31:*.bz2=01;31:*.bz=01;31:*.tbz=01;31:*.tbz2=01;31:*.tz=01;31:*.deb=01;31:*.rpm=01;31:*.jar=01;31:*.war=01;31:*.ear=01;31:*.sar=01;31:*.rar=01;31:*.alz=01;31:*.ace=01;31:*.zoo=01;31:*.cpio=01;31:*.7z=01;31:*.rz=01;31:*.cab=01;31:*.wim=01;31:*.swm=01;31:*.dwm=01;31:*.esd=01;31:*.jpg=01;35:*.jpeg=01;35:*.mjpg=01;35:*.mjpeg=01;35:*.gif=01;35:*.bmp=01;35:*.pbm=01;35:*.pgm=01;35:*.ppm=01;35:*.tga=01;35:*.xbm=01;35:*.xpm=01;35:*.tif=01;35:*.tiff=01;35:*.png=01;35:*.svg=01;35:*.svgz=01;35:*.mng=01;35:*.pcx=01;35:*.mov=01;35:*.mpg=01;35:*.mpeg=01;35:*.m2v=01;35:*.mkv=01;35:*.webm=01;35:*.webp=01;35:*.ogm=01;35:*.mp4=01;35:*.m4v=01;35:*.mp4v=01;35:*.vob=01;35:*.qt=01;35:*.nuv=01;35:*.wmv=01;35:*.asf=01;35:*.rm=01;35:*.rmvb=01;35:*.flc=01;35:*.avi=01;35:*.fli=01;35:*.flv=01;35:*.gl=01;35:*.dl=01;35:*.xcf=01;35:*.xwd=01;35:*.yuv=01;35:*.cgm=01;35:*.emf=01;35:*.ogv=01;35:*.ogx=01;35:*.aac=00;36:*.au=00;36:*.flac=00;36:*.m4a=00;36:*.mid=00;36:*.midi=00;36:*.mka=00;36:*.mp3=00;36:*.mpc=00;36:*.ogg=00;36:*.ra=00;36:*.wav=00;36:*.oga=00;36:*.opus=00;36:*.spx=00;36:*.xspf=00;36:'), ('SSH_AGENT_LAUNCHER', 'gnome-keyring'), ('SSH_AUTH_SOCK', '/run/user/1001/keyring/ssh'), ('AMENT_PREFIX_PATH', '/home/vic/microros_ws/install/micro_ros_agent:/home/vic/microros_ws/install/micro_ros_msgs:/home/vic/microros_ws/install/micro_ros_setup:/home/vic/billeagle_ws/microros_ws/install/micro_ros_setup:/opt/ros/humble'), ('SHELL', '/bin/bash'), ('LC_NAME', 'pt_BR.UTF-8'), ('TERMINATOR_UUID', 'urn:uuid:b50d16d0-6e64-4bc3-bca6-91720745bbef'), ('QT_ACCESSIBILITY', '1'), ('GDMSESSION', 'ubuntu'), ('LESSCLOSE', '/usr/bin/lesspipe %s %s'), ('LC_MEASUREMENT', 'pt_BR.UTF-8'), ('GPG_AGENT_INFO', '/run/user/1001/gnupg/S.gpg-agent:0:1'), ('LC_IDENTIFICATION', 'pt_BR.UTF-8'), ('QT_IM_MODULE', 'ibus'), ('PWD', '/home/vic/billeagle_ws/lslidar_ws/build/lslidar_msgs'), ('LC_ALL', 'en_US.UTF-8'), ('XDG_CONFIG_DIRS', '/etc/xdg/xdg-ubuntu:/etc/xdg'), ('XDG_DATA_DIRS', '/usr/share/ubuntu:/usr/share/gnome:/usr/local/share/:/usr/share/:/var/lib/snapd/desktop'), ('PYTHONPATH', '/home/vic/microros_ws/install/micro_ros_msgs/local/lib/python3.10/dist-packages:/opt/ros/humble/lib/python3.10/site-packages:/opt/ros/humble/local/lib/python3.10/dist-packages'), ('LC_NUMERIC', 'pt_BR.UTF-8'), ('LC_PAPER', 'pt_BR.UTF-8'), ('COLCON', '1'), ('VTE_VERSION', '6800'), ('CMAKE_PREFIX_PATH', '/home/vic/microros_ws/install/micro_ros_agent:/home/vic/microros_ws/install/micro_ros_msgs:/home/vic/microros_ws/install/micro_ros_setup:/home/vic/billeagle_ws/microros_ws/install/micro_ros_setup:/opt/ros/humble')]), 'shell': False}
[3.060463] (lslidar_msgs) StdoutLine: {'line': b'-- Install configuration: ""\n'}
[3.060576] (lslidar_msgs) StdoutLine: {'line': b'-- Installing: /home/vic/billeagle_ws/lslidar_ws/install/lslidar_msgs/share/ament_index/resource_index/rosidl_interfaces/lslidar_msgs\n'}
[3.060672] (lslidar_msgs) StdoutLine: {'line': b'-- Installing: /home/vic/billeagle_ws/lslidar_ws/install/lslidar_msgs/include/lslidar_msgs/lslidar_msgs\n'}
[3.060743] (lslidar_msgs) StdoutLine: {'line': b'-- Installing: /home/vic/billeagle_ws/lslidar_ws/install/lslidar_msgs/include/lslidar_msgs/lslidar_msgs/msg\n'}
[3.060826] (lslidar_msgs) StdoutLine: {'line': b'-- Installing: /home/vic/billeagle_ws/lslidar_ws/install/lslidar_msgs/include/lslidar_msgs/lslidar_msgs/msg/lslidar_difop.h\n'}
[3.061088] (lslidar_msgs) StdoutLine: {'line': b'-- Installing: /home/vic/billeagle_ws/lslidar_ws/install/lslidar_msgs/include/lslidar_msgs/lslidar_msgs/msg/lslidar_scan.h\n'}
[3.061178] (lslidar_msgs) StdoutLine: {'line': b'-- Installing: /home/vic/billeagle_ws/lslidar_ws/install/lslidar_msgs/include/lslidar_msgs/lslidar_msgs/msg/rosidl_generator_c__visibility_control.h\n'}
[3.061281] (lslidar_msgs) StdoutLine: {'line': b'-- Installing: /home/vic/billeagle_ws/lslidar_ws/install/lslidar_msgs/include/lslidar_msgs/lslidar_msgs/msg/lslidar_packet.h\n'}
[3.061344] (lslidar_msgs) StdoutLine: {'line': b'-- Installing: /home/vic/billeagle_ws/lslidar_ws/install/lslidar_msgs/include/lslidar_msgs/lslidar_msgs/msg/lslidar_point.h\n'}
[3.061430] (lslidar_msgs) StdoutLine: {'line': b'-- Installing: /home/vic/billeagle_ws/lslidar_ws/install/lslidar_msgs/include/lslidar_msgs/lslidar_msgs/msg/lslidar_sweep.h\n'}
[3.061490] (lslidar_msgs) StdoutLine: {'line': b'-- Installing: /home/vic/billeagle_ws/lslidar_ws/install/lslidar_msgs/include/lslidar_msgs/lslidar_msgs/msg/detail\n'}
[3.061549] (lslidar_msgs) StdoutLine: {'line': b'-- Installing: /home/vic/billeagle_ws/lslidar_ws/install/lslidar_msgs/include/lslidar_msgs/lslidar_msgs/msg/detail/lslidar_packet__functions.h\n'}
[3.061609] (lslidar_msgs) StdoutLine: {'line': b'-- Installing: /home/vic/billeagle_ws/lslidar_ws/install/lslidar_msgs/include/lslidar_msgs/lslidar_msgs/msg/detail/lslidar_point__type_support.h\n'}
[3.061667] (lslidar_msgs) StdoutLine: {'line': b'-- Installing: /home/vic/billeagle_ws/lslidar_ws/install/lslidar_msgs/include/lslidar_msgs/lslidar_msgs/msg/detail/lslidar_scan__struct.h\n'}
[3.061725] (lslidar_msgs) StdoutLine: {'line': b'-- Installing: /home/vic/billeagle_ws/lslidar_ws/install/lslidar_msgs/include/lslidar_msgs/lslidar_msgs/msg/detail/lslidar_scan__type_support.h\n'}
[3.061840] (lslidar_msgs) StdoutLine: {'line': b'-- Installing: /home/vic/billeagle_ws/lslidar_ws/install/lslidar_msgs/include/lslidar_msgs/lslidar_msgs/msg/detail/lslidar_sweep__functions.h\n'}
[3.061916] (lslidar_msgs) StdoutLine: {'line': b'-- Installing: /home/vic/billeagle_ws/lslidar_ws/install/lslidar_msgs/include/lslidar_msgs/lslidar_msgs/msg/detail/lslidar_difop__functions.h\n'}
[3.061984] (lslidar_msgs) StdoutLine: {'line': b'-- Installing: /home/vic/billeagle_ws/lslidar_ws/install/lslidar_msgs/include/lslidar_msgs/lslidar_msgs/msg/detail/lslidar_point__functions.h\n'}
[3.062041] (lslidar_msgs) StdoutLine: {'line': b'-- Installing: /home/vic/billeagle_ws/lslidar_ws/install/lslidar_msgs/include/lslidar_msgs/lslidar_msgs/msg/detail/lslidar_packet__struct.h\n'}
[3.062099] (lslidar_msgs) StdoutLine: {'line': b'-- Installing: /home/vic/billeagle_ws/lslidar_ws/install/lslidar_msgs/include/lslidar_msgs/lslidar_msgs/msg/detail/lslidar_point__functions.c\n'}
[3.062156] (lslidar_msgs) StdoutLine: {'line': b'-- Installing: /home/vic/billeagle_ws/lslidar_ws/install/lslidar_msgs/include/lslidar_msgs/lslidar_msgs/msg/detail/lslidar_scan__functions.h\n'}
[3.062214] (lslidar_msgs) StdoutLine: {'line': b'-- Installing: /home/vic/billeagle_ws/lslidar_ws/install/lslidar_msgs/include/lslidar_msgs/lslidar_msgs/msg/detail/lslidar_scan__functions.c\n'}
[3.062274] (lslidar_msgs) StdoutLine: {'line': b'-- Installing: /home/vic/billeagle_ws/lslidar_ws/install/lslidar_msgs/include/lslidar_msgs/lslidar_msgs/msg/detail/lslidar_sweep__functions.c\n'}
[3.062333] (lslidar_msgs) StdoutLine: {'line': b'-- Installing: /home/vic/billeagle_ws/lslidar_ws/install/lslidar_msgs/include/lslidar_msgs/lslidar_msgs/msg/detail/lslidar_sweep__type_support.h\n'}
[3.062391] (lslidar_msgs) StdoutLine: {'line': b'-- Installing: /home/vic/billeagle_ws/lslidar_ws/install/lslidar_msgs/include/lslidar_msgs/lslidar_msgs/msg/detail/lslidar_difop__struct.h\n'}
[3.062486] (lslidar_msgs) StdoutLine: {'line': b'-- Installing: /home/vic/billeagle_ws/lslidar_ws/install/lslidar_msgs/include/lslidar_msgs/lslidar_msgs/msg/detail/lslidar_packet__functions.c\n'}
[3.062545] (lslidar_msgs) StdoutLine: {'line': b'-- Installing: /home/vic/billeagle_ws/lslidar_ws/install/lslidar_msgs/include/lslidar_msgs/lslidar_msgs/msg/detail/lslidar_difop__type_support.h\n'}
[3.062603] (lslidar_msgs) StdoutLine: {'line': b'-- Installing: /home/vic/billeagle_ws/lslidar_ws/install/lslidar_msgs/include/lslidar_msgs/lslidar_msgs/msg/detail/lslidar_difop__functions.c\n'}
[3.062660] (lslidar_msgs) StdoutLine: {'line': b'-- Installing: /home/vic/billeagle_ws/lslidar_ws/install/lslidar_msgs/include/lslidar_msgs/lslidar_msgs/msg/detail/lslidar_packet__type_support.h\n'}
[3.062718] (lslidar_msgs) StdoutLine: {'line': b'-- Installing: /home/vic/billeagle_ws/lslidar_ws/install/lslidar_msgs/include/lslidar_msgs/lslidar_msgs/msg/detail/lslidar_sweep__struct.h\n'}
[3.062825] (lslidar_msgs) StdoutLine: {'line': b'-- Installing: /home/vic/billeagle_ws/lslidar_ws/install/lslidar_msgs/include/lslidar_msgs/lslidar_msgs/msg/detail/lslidar_point__struct.h\n'}
[3.062870] (lslidar_msgs) StdoutLine: {'line': b'-- Installing: /home/vic/billeagle_ws/lslidar_ws/install/lslidar_msgs/share/lslidar_msgs/environment/library_path.sh\n'}
[3.062898] (lslidar_msgs) StdoutLine: {'line': b'-- Installing: /home/vic/billeagle_ws/lslidar_ws/install/lslidar_msgs/share/lslidar_msgs/environment/library_path.dsv\n'}
[3.062924] (lslidar_msgs) StdoutLine: {'line': b'-- Installing: /home/vic/billeagle_ws/lslidar_ws/install/lslidar_msgs/lib/liblslidar_msgs__rosidl_generator_c.so\n'}
[3.062950] (lslidar_msgs) StdoutLine: {'line': b'-- Set runtime path of "/home/vic/billeagle_ws/lslidar_ws/install/lslidar_msgs/lib/liblslidar_msgs__rosidl_generator_c.so" to ""\n'}
[3.062978] (lslidar_msgs) StdoutLine: {'line': b'-- Up-to-date: /home/vic/billeagle_ws/lslidar_ws/install/lslidar_msgs/include/lslidar_msgs/lslidar_msgs\n'}
[3.063002] (lslidar_msgs) StdoutLine: {'line': b'-- Up-to-date: /home/vic/billeagle_ws/lslidar_ws/install/lslidar_msgs/include/lslidar_msgs/lslidar_msgs/msg\n'}
[3.063028] (lslidar_msgs) StdoutLine: {'line': b'-- Installing: /home/vic/billeagle_ws/lslidar_ws/install/lslidar_msgs/include/lslidar_msgs/lslidar_msgs/msg/rosidl_typesupport_fastrtps_c__visibility_control.h\n'}
[3.063051] (lslidar_msgs) StdoutLine: {'line': b'-- Up-to-date: /home/vic/billeagle_ws/lslidar_ws/install/lslidar_msgs/include/lslidar_msgs/lslidar_msgs/msg/detail\n'}
[3.063078] (lslidar_msgs) StdoutLine: {'line': b'-- Installing: /home/vic/billeagle_ws/lslidar_ws/install/lslidar_msgs/include/lslidar_msgs/lslidar_msgs/msg/detail/lslidar_difop__rosidl_typesupport_fastrtps_c.h\n'}
[3.063102] (lslidar_msgs) StdoutLine: {'line': b'-- Installing: /home/vic/billeagle_ws/lslidar_ws/install/lslidar_msgs/include/lslidar_msgs/lslidar_msgs/msg/detail/lslidar_point__rosidl_typesupport_fastrtps_c.h\n'}
[3.063125] (lslidar_msgs) StdoutLine: {'line': b'-- Installing: /home/vic/billeagle_ws/lslidar_ws/install/lslidar_msgs/include/lslidar_msgs/lslidar_msgs/msg/detail/lslidar_sweep__rosidl_typesupport_fastrtps_c.h\n'}
[3.063150] (lslidar_msgs) StdoutLine: {'line': b'-- Installing: /home/vic/billeagle_ws/lslidar_ws/install/lslidar_msgs/include/lslidar_msgs/lslidar_msgs/msg/detail/lslidar_scan__rosidl_typesupport_fastrtps_c.h\n'}
[3.063173] (lslidar_msgs) StdoutLine: {'line': b'-- Installing: /home/vic/billeagle_ws/lslidar_ws/install/lslidar_msgs/include/lslidar_msgs/lslidar_msgs/msg/detail/lslidar_packet__rosidl_typesupport_fastrtps_c.h\n'}
[3.063197] (lslidar_msgs) StdoutLine: {'line': b'-- Installing: /home/vic/billeagle_ws/lslidar_ws/install/lslidar_msgs/lib/liblslidar_msgs__rosidl_typesupport_fastrtps_c.so\n'}
[3.063221] (lslidar_msgs) StdoutLine: {'line': b'-- Set runtime path of "/home/vic/billeagle_ws/lslidar_ws/install/lslidar_msgs/lib/liblslidar_msgs__rosidl_typesupport_fastrtps_c.so" to ""\n'}
[3.063280] (lslidar_msgs) StdoutLine: {'line': b'-- Up-to-date: /home/vic/billeagle_ws/lslidar_ws/install/lslidar_msgs/include/lslidar_msgs/lslidar_msgs\n'}
[3.063309] (lslidar_msgs) StdoutLine: {'line': b'-- Up-to-date: /home/vic/billeagle_ws/lslidar_ws/install/lslidar_msgs/include/lslidar_msgs/lslidar_msgs/msg\n'}
[3.063334] (lslidar_msgs) StdoutLine: {'line': b'-- Installing: /home/vic/billeagle_ws/lslidar_ws/install/lslidar_msgs/include/lslidar_msgs/lslidar_msgs/msg/lslidar_difop.hpp\n'}
[3.063400] (lslidar_msgs) StdoutLine: {'line': b'-- Installing: /home/vic/billeagle_ws/lslidar_ws/install/lslidar_msgs/include/lslidar_msgs/lslidar_msgs/msg/rosidl_generator_cpp__visibility_control.hpp\n'}
[3.063458] (lslidar_msgs) StdoutLine: {'line': b'-- Installing: /home/vic/billeagle_ws/lslidar_ws/install/lslidar_msgs/include/lslidar_msgs/lslidar_msgs/msg/lslidar_sweep.hpp\n'}
[3.063483] (lslidar_msgs) StdoutLine: {'line': b'-- Installing: /home/vic/billeagle_ws/lslidar_ws/install/lslidar_msgs/include/lslidar_msgs/lslidar_msgs/msg/lslidar_point.hpp\n'}
[3.063508] (lslidar_msgs) StdoutLine: {'line': b'-- Up-to-date: /home/vic/billeagle_ws/lslidar_ws/install/lslidar_msgs/include/lslidar_msgs/lslidar_msgs/msg/detail\n'}
[3.063533] (lslidar_msgs) StdoutLine: {'line': b'-- Installing: /home/vic/billeagle_ws/lslidar_ws/install/lslidar_msgs/include/lslidar_msgs/lslidar_msgs/msg/detail/lslidar_scan__struct.hpp\n'}
[3.063558] (lslidar_msgs) StdoutLine: {'line': b'-- Installing: /home/vic/billeagle_ws/lslidar_ws/install/lslidar_msgs/include/lslidar_msgs/lslidar_msgs/msg/detail/lslidar_sweep__type_support.hpp\n'}
[3.063585] (lslidar_msgs) StdoutLine: {'line': b'-- Installing: /home/vic/billeagle_ws/lslidar_ws/install/lslidar_msgs/include/lslidar_msgs/lslidar_msgs/msg/detail/lslidar_point__builder.hpp\n'}
[3.063609] (lslidar_msgs) StdoutLine: {'line': b'-- Installing: /home/vic/billeagle_ws/lslidar_ws/install/lslidar_msgs/include/lslidar_msgs/lslidar_msgs/msg/detail/lslidar_difop__struct.hpp\n'}
[3.063634] (lslidar_msgs) StdoutLine: {'line': b'-- Installing: /home/vic/billeagle_ws/lslidar_ws/install/lslidar_msgs/include/lslidar_msgs/lslidar_msgs/msg/detail/lslidar_point__traits.hpp\n'}
[3.063659] (lslidar_msgs) StdoutLine: {'line': b'-- Installing: /home/vic/billeagle_ws/lslidar_ws/install/lslidar_msgs/include/lslidar_msgs/lslidar_msgs/msg/detail/lslidar_difop__type_support.hpp\n'}
[3.063683] (lslidar_msgs) StdoutLine: {'line': b'-- Installing: /home/vic/billeagle_ws/lslidar_ws/install/lslidar_msgs/include/lslidar_msgs/lslidar_msgs/msg/detail/lslidar_packet__struct.hpp\n'}
[3.063709] (lslidar_msgs) StdoutLine: {'line': b'-- Installing: /home/vic/billeagle_ws/lslidar_ws/install/lslidar_msgs/include/lslidar_msgs/lslidar_msgs/msg/detail/lslidar_sweep__builder.hpp\n'}
[3.063732] (lslidar_msgs) StdoutLine: {'line': b'-- Installing: /home/vic/billeagle_ws/lslidar_ws/install/lslidar_msgs/include/lslidar_msgs/lslidar_msgs/msg/detail/lslidar_point__struct.hpp\n'}
[3.063764] (lslidar_msgs) StdoutLine: {'line': b'-- Installing: /home/vic/billeagle_ws/lslidar_ws/install/lslidar_msgs/include/lslidar_msgs/lslidar_msgs/msg/detail/lslidar_difop__builder.hpp\n'}
[3.063789] (lslidar_msgs) StdoutLine: {'line': b'-- Installing: /home/vic/billeagle_ws/lslidar_ws/install/lslidar_msgs/include/lslidar_msgs/lslidar_msgs/msg/detail/lslidar_point__type_support.hpp\n'}
[3.063814] (lslidar_msgs) StdoutLine: {'line': b'-- Installing: /home/vic/billeagle_ws/lslidar_ws/install/lslidar_msgs/include/lslidar_msgs/lslidar_msgs/msg/detail/lslidar_packet__builder.hpp\n'}
[3.063838] (lslidar_msgs) StdoutLine: {'line': b'-- Installing: /home/vic/billeagle_ws/lslidar_ws/install/lslidar_msgs/include/lslidar_msgs/lslidar_msgs/msg/detail/lslidar_scan__type_support.hpp\n'}
[3.063879] (lslidar_msgs) StdoutLine: {'line': b'-- Installing: /home/vic/billeagle_ws/lslidar_ws/install/lslidar_msgs/include/lslidar_msgs/lslidar_msgs/msg/detail/lslidar_sweep__traits.hpp\n'}
[3.063957] (lslidar_msgs) StdoutLine: {'line': b'-- Installing: /home/vic/billeagle_ws/lslidar_ws/install/lslidar_msgs/include/lslidar_msgs/lslidar_msgs/msg/detail/lslidar_difop__traits.hpp\n'}
[3.063983] (lslidar_msgs) StdoutLine: {'line': b'-- Installing: /home/vic/billeagle_ws/lslidar_ws/install/lslidar_msgs/include/lslidar_msgs/lslidar_msgs/msg/detail/lslidar_scan__traits.hpp\n'}
[3.064009] (lslidar_msgs) StdoutLine: {'line': b'-- Installing: /home/vic/billeagle_ws/lslidar_ws/install/lslidar_msgs/include/lslidar_msgs/lslidar_msgs/msg/detail/lslidar_scan__builder.hpp\n'}
[3.064033] (lslidar_msgs) StdoutLine: {'line': b'-- Installing: /home/vic/billeagle_ws/lslidar_ws/install/lslidar_msgs/include/lslidar_msgs/lslidar_msgs/msg/detail/lslidar_packet__type_support.hpp\n'}
[3.064057] (lslidar_msgs) StdoutLine: {'line': b'-- Installing: /home/vic/billeagle_ws/lslidar_ws/install/lslidar_msgs/include/lslidar_msgs/lslidar_msgs/msg/detail/lslidar_packet__traits.hpp\n'}
[3.064081] (lslidar_msgs) StdoutLine: {'line': b'-- Installing: /home/vic/billeagle_ws/lslidar_ws/install/lslidar_msgs/include/lslidar_msgs/lslidar_msgs/msg/detail/lslidar_sweep__struct.hpp\n'}
[3.064106] (lslidar_msgs) StdoutLine: {'line': b'-- Installing: /home/vic/billeagle_ws/lslidar_ws/install/lslidar_msgs/include/lslidar_msgs/lslidar_msgs/msg/lslidar_scan.hpp\n'}
[3.064130] (lslidar_msgs) StdoutLine: {'line': b'-- Installing: /home/vic/billeagle_ws/lslidar_ws/install/lslidar_msgs/include/lslidar_msgs/lslidar_msgs/msg/lslidar_packet.hpp\n'}
[3.064154] (lslidar_msgs) StdoutLine: {'line': b'-- Up-to-date: /home/vic/billeagle_ws/lslidar_ws/install/lslidar_msgs/include/lslidar_msgs/lslidar_msgs\n'}
[3.064179] (lslidar_msgs) StdoutLine: {'line': b'-- Up-to-date: /home/vic/billeagle_ws/lslidar_ws/install/lslidar_msgs/include/lslidar_msgs/lslidar_msgs/msg\n'}
[3.064203] (lslidar_msgs) StdoutLine: {'line': b'-- Installing: /home/vic/billeagle_ws/lslidar_ws/install/lslidar_msgs/include/lslidar_msgs/lslidar_msgs/msg/rosidl_typesupport_fastrtps_cpp__visibility_control.h\n'}
[3.064227] (lslidar_msgs) StdoutLine: {'line': b'-- Up-to-date: /home/vic/billeagle_ws/lslidar_ws/install/lslidar_msgs/include/lslidar_msgs/lslidar_msgs/msg/detail\n'}
[3.064251] (lslidar_msgs) StdoutLine: {'line': b'-- Installing: /home/vic/billeagle_ws/lslidar_ws/install/lslidar_msgs/include/lslidar_msgs/lslidar_msgs/msg/detail/lslidar_difop__rosidl_typesupport_fastrtps_cpp.hpp\n'}
[3.064276] (lslidar_msgs) StdoutLine: {'line': b'-- Installing: /home/vic/billeagle_ws/lslidar_ws/install/lslidar_msgs/include/lslidar_msgs/lslidar_msgs/msg/detail/lslidar_scan__rosidl_typesupport_fastrtps_cpp.hpp\n'}
[3.064336] (lslidar_msgs) StdoutLine: {'line': b'-- Installing: /home/vic/billeagle_ws/lslidar_ws/install/lslidar_msgs/include/lslidar_msgs/lslidar_msgs/msg/detail/lslidar_packet__rosidl_typesupport_fastrtps_cpp.hpp\n'}
[3.064364] (lslidar_msgs) StdoutLine: {'line': b'-- Installing: /home/vic/billeagle_ws/lslidar_ws/install/lslidar_msgs/include/lslidar_msgs/lslidar_msgs/msg/detail/dds_fastrtps\n'}
[3.064390] (lslidar_msgs) StdoutLine: {'line': b'-- Installing: /home/vic/billeagle_ws/lslidar_ws/install/lslidar_msgs/include/lslidar_msgs/lslidar_msgs/msg/detail/lslidar_sweep__rosidl_typesupport_fastrtps_cpp.hpp\n'}
[3.064417] (lslidar_msgs) StdoutLine: {'line': b'-- Installing: /home/vic/billeagle_ws/lslidar_ws/install/lslidar_msgs/include/lslidar_msgs/lslidar_msgs/msg/detail/lslidar_point__rosidl_typesupport_fastrtps_cpp.hpp\n'}
[3.064441] (lslidar_msgs) StdoutLine: {'line': b'-- Installing: /home/vic/billeagle_ws/lslidar_ws/install/lslidar_msgs/lib/liblslidar_msgs__rosidl_typesupport_fastrtps_cpp.so\n'}
[3.064465] (lslidar_msgs) StdoutLine: {'line': b'-- Set runtime path of "/home/vic/billeagle_ws/lslidar_ws/install/lslidar_msgs/lib/liblslidar_msgs__rosidl_typesupport_fastrtps_cpp.so" to ""\n'}
[3.064505] (lslidar_msgs) StdoutLine: {'line': b'-- Up-to-date: /home/vic/billeagle_ws/lslidar_ws/install/lslidar_msgs/include/lslidar_msgs/lslidar_msgs\n'}
[3.064567] (lslidar_msgs) StdoutLine: {'line': b'-- Up-to-date: /home/vic/billeagle_ws/lslidar_ws/install/lslidar_msgs/include/lslidar_msgs/lslidar_msgs/msg\n'}
[3.064596] (lslidar_msgs) StdoutLine: {'line': b'-- Installing: /home/vic/billeagle_ws/lslidar_ws/install/lslidar_msgs/include/lslidar_msgs/lslidar_msgs/msg/rosidl_typesupport_introspection_c__visibility_control.h\n'}
[3.064622] (lslidar_msgs) StdoutLine: {'line': b'-- Up-to-date: /home/vic/billeagle_ws/lslidar_ws/install/lslidar_msgs/include/lslidar_msgs/lslidar_msgs/msg/detail\n'}
[3.064647] (lslidar_msgs) StdoutLine: {'line': b'-- Installing: /home/vic/billeagle_ws/lslidar_ws/install/lslidar_msgs/include/lslidar_msgs/lslidar_msgs/msg/detail/lslidar_difop__rosidl_typesupport_introspection_c.h\n'}
[3.064683] (lslidar_msgs) StdoutLine: {'line': b'-- Installing: /home/vic/billeagle_ws/lslidar_ws/install/lslidar_msgs/include/lslidar_msgs/lslidar_msgs/msg/detail/lslidar_point__rosidl_typesupport_introspection_c.h\n'}
[3.064709] (lslidar_msgs) StdoutLine: {'line': b'-- Installing: /home/vic/billeagle_ws/lslidar_ws/install/lslidar_msgs/include/lslidar_msgs/lslidar_msgs/msg/detail/lslidar_point__type_support.c\n'}
[3.064735] (lslidar_msgs) StdoutLine: {'line': b'-- Installing: /home/vic/billeagle_ws/lslidar_ws/install/lslidar_msgs/include/lslidar_msgs/lslidar_msgs/msg/detail/lslidar_sweep__rosidl_typesupport_introspection_c.h\n'}
[3.064762] (lslidar_msgs) StdoutLine: {'line': b'-- Installing: /home/vic/billeagle_ws/lslidar_ws/install/lslidar_msgs/include/lslidar_msgs/lslidar_msgs/msg/detail/lslidar_packet__type_support.c\n'}
[3.064808] (lslidar_msgs) StdoutLine: {'line': b'-- Installing: /home/vic/billeagle_ws/lslidar_ws/install/lslidar_msgs/include/lslidar_msgs/lslidar_msgs/msg/detail/lslidar_packet__rosidl_typesupport_introspection_c.h\n'}
[3.064837] (lslidar_msgs) StdoutLine: {'line': b'-- Installing: /home/vic/billeagle_ws/lslidar_ws/install/lslidar_msgs/include/lslidar_msgs/lslidar_msgs/msg/detail/lslidar_scan__type_support.c\n'}
[3.064889] (lslidar_msgs) StdoutLine: {'line': b'-- Installing: /home/vic/billeagle_ws/lslidar_ws/install/lslidar_msgs/include/lslidar_msgs/lslidar_msgs/msg/detail/lslidar_difop__type_support.c\n'}
[3.064915] (lslidar_msgs) StdoutLine: {'line': b'-- Installing: /home/vic/billeagle_ws/lslidar_ws/install/lslidar_msgs/include/lslidar_msgs/lslidar_msgs/msg/detail/lslidar_sweep__type_support.c\n'}
[3.064939] (lslidar_msgs) StdoutLine: {'line': b'-- Installing: /home/vic/billeagle_ws/lslidar_ws/install/lslidar_msgs/include/lslidar_msgs/lslidar_msgs/msg/detail/lslidar_scan__rosidl_typesupport_introspection_c.h\n'}
[3.064979] (lslidar_msgs) StdoutLine: {'line': b'-- Installing: /home/vic/billeagle_ws/lslidar_ws/install/lslidar_msgs/lib/liblslidar_msgs__rosidl_typesupport_introspection_c.so\n'}
[3.065023] (lslidar_msgs) StdoutLine: {'line': b'-- Set runtime path of "/home/vic/billeagle_ws/lslidar_ws/install/lslidar_msgs/lib/liblslidar_msgs__rosidl_typesupport_introspection_c.so" to ""\n'}
[3.065068] (lslidar_msgs) StdoutLine: {'line': b'-- Installing: /home/vic/billeagle_ws/lslidar_ws/install/lslidar_msgs/lib/liblslidar_msgs__rosidl_typesupport_c.so\n'}
[3.065138] (lslidar_msgs) StdoutLine: {'line': b'-- Set runtime path of "/home/vic/billeagle_ws/lslidar_ws/install/lslidar_msgs/lib/liblslidar_msgs__rosidl_typesupport_c.so" to ""\n'}
[3.065196] (lslidar_msgs) StdoutLine: {'line': b'-- Up-to-date: /home/vic/billeagle_ws/lslidar_ws/install/lslidar_msgs/include/lslidar_msgs/lslidar_msgs\n'}
[3.065221] (lslidar_msgs) StdoutLine: {'line': b'-- Up-to-date: /home/vic/billeagle_ws/lslidar_ws/install/lslidar_msgs/include/lslidar_msgs/lslidar_msgs/msg\n'}
[3.065246] (lslidar_msgs) StdoutLine: {'line': b'-- Up-to-date: /home/vic/billeagle_ws/lslidar_ws/install/lslidar_msgs/include/lslidar_msgs/lslidar_msgs/msg/detail\n'}
[3.065271] (lslidar_msgs) StdoutLine: {'line': b'-- Installing: /home/vic/billeagle_ws/lslidar_ws/install/lslidar_msgs/include/lslidar_msgs/lslidar_msgs/msg/detail/lslidar_scan__type_support.cpp\n'}
[3.065314] (lslidar_msgs) StdoutLine: {'line': b'-- Installing: /home/vic/billeagle_ws/lslidar_ws/install/lslidar_msgs/include/lslidar_msgs/lslidar_msgs/msg/detail/lslidar_difop__type_support.cpp\n'}
[3.065367] (lslidar_msgs) StdoutLine: {'line': b'-- Installing: /home/vic/billeagle_ws/lslidar_ws/install/lslidar_msgs/include/lslidar_msgs/lslidar_msgs/msg/detail/lslidar_sweep__type_support.cpp\n'}
[3.065391] (lslidar_msgs) StdoutLine: {'line': b'-- Installing: /home/vic/billeagle_ws/lslidar_ws/install/lslidar_msgs/include/lslidar_msgs/lslidar_msgs/msg/detail/lslidar_point__rosidl_typesupport_introspection_cpp.hpp\n'}
[3.065416] (lslidar_msgs) StdoutLine: {'line': b'-- Installing: /home/vic/billeagle_ws/lslidar_ws/install/lslidar_msgs/include/lslidar_msgs/lslidar_msgs/msg/detail/lslidar_packet__rosidl_typesupport_introspection_cpp.hpp\n'}
[3.065474] (lslidar_msgs) StdoutLine: {'line': b'-- Installing: /home/vic/billeagle_ws/lslidar_ws/install/lslidar_msgs/include/lslidar_msgs/lslidar_msgs/msg/detail/lslidar_scan__rosidl_typesupport_introspection_cpp.hpp\n'}
[3.065498] (lslidar_msgs) StdoutLine: {'line': b'-- Installing: /home/vic/billeagle_ws/lslidar_ws/install/lslidar_msgs/include/lslidar_msgs/lslidar_msgs/msg/detail/lslidar_sweep__rosidl_typesupport_introspection_cpp.hpp\n'}
[3.065523] (lslidar_msgs) StdoutLine: {'line': b'-- Installing: /home/vic/billeagle_ws/lslidar_ws/install/lslidar_msgs/include/lslidar_msgs/lslidar_msgs/msg/detail/lslidar_packet__type_support.cpp\n'}
[3.065564] (lslidar_msgs) StdoutLine: {'line': b'-- Installing: /home/vic/billeagle_ws/lslidar_ws/install/lslidar_msgs/include/lslidar_msgs/lslidar_msgs/msg/detail/lslidar_point__type_support.cpp\n'}
[3.065604] (lslidar_msgs) StdoutLine: {'line': b'-- Installing: /home/vic/billeagle_ws/lslidar_ws/install/lslidar_msgs/include/lslidar_msgs/lslidar_msgs/msg/detail/lslidar_difop__rosidl_typesupport_introspection_cpp.hpp\n'}
[3.065646] (lslidar_msgs) StdoutLine: {'line': b'-- Installing: /home/vic/billeagle_ws/lslidar_ws/install/lslidar_msgs/lib/liblslidar_msgs__rosidl_typesupport_introspection_cpp.so\n'}
[3.065804] (lslidar_msgs) StdoutLine: {'line': b'-- Set runtime path of "/home/vic/billeagle_ws/lslidar_ws/install/lslidar_msgs/lib/liblslidar_msgs__rosidl_typesupport_introspection_cpp.so" to ""\n'}
[3.065848] (lslidar_msgs) StdoutLine: {'line': b'-- Installing: /home/vic/billeagle_ws/lslidar_ws/install/lslidar_msgs/lib/liblslidar_msgs__rosidl_typesupport_cpp.so\n'}
[3.065964] (lslidar_msgs) StdoutLine: {'line': b'-- Set runtime path of "/home/vic/billeagle_ws/lslidar_ws/install/lslidar_msgs/lib/liblslidar_msgs__rosidl_typesupport_cpp.so" to ""\n'}
[3.066006] (lslidar_msgs) StdoutLine: {'line': b'-- Installing: /home/vic/billeagle_ws/lslidar_ws/install/lslidar_msgs/share/lslidar_msgs/environment/pythonpath.sh\n'}
[3.066048] (lslidar_msgs) StdoutLine: {'line': b'-- Installing: /home/vic/billeagle_ws/lslidar_ws/install/lslidar_msgs/share/lslidar_msgs/environment/pythonpath.dsv\n'}
[3.066088] (lslidar_msgs) StdoutLine: {'line': b'-- Installing: /home/vic/billeagle_ws/lslidar_ws/install/lslidar_msgs/local/lib/python3.10/dist-packages/lslidar_msgs-1.2.0-py3.10.egg-info\n'}
[3.066133] (lslidar_msgs) StdoutLine: {'line': b'-- Installing: /home/vic/billeagle_ws/lslidar_ws/install/lslidar_msgs/local/lib/python3.10/dist-packages/lslidar_msgs-1.2.0-py3.10.egg-info/PKG-INFO\n'}
[3.066173] (lslidar_msgs) StdoutLine: {'line': b'-- Installing: /home/vic/billeagle_ws/lslidar_ws/install/lslidar_msgs/local/lib/python3.10/dist-packages/lslidar_msgs-1.2.0-py3.10.egg-info/dependency_links.txt\n'}
[3.066211] (lslidar_msgs) StdoutLine: {'line': b'-- Installing: /home/vic/billeagle_ws/lslidar_ws/install/lslidar_msgs/local/lib/python3.10/dist-packages/lslidar_msgs-1.2.0-py3.10.egg-info/top_level.txt\n'}
[3.066254] (lslidar_msgs) StdoutLine: {'line': b'-- Installing: /home/vic/billeagle_ws/lslidar_ws/install/lslidar_msgs/local/lib/python3.10/dist-packages/lslidar_msgs-1.2.0-py3.10.egg-info/SOURCES.txt\n'}
[3.066291] (lslidar_msgs) StdoutLine: {'line': b'-- Installing: /home/vic/billeagle_ws/lslidar_ws/install/lslidar_msgs/local/lib/python3.10/dist-packages/lslidar_msgs\n'}
[3.066333] (lslidar_msgs) StdoutLine: {'line': b'-- Installing: /home/vic/billeagle_ws/lslidar_ws/install/lslidar_msgs/local/lib/python3.10/dist-packages/lslidar_msgs/liblslidar_msgs__rosidl_generator_py.so\n'}
[3.066374] (lslidar_msgs) StdoutLine: {'line': b'-- Installing: /home/vic/billeagle_ws/lslidar_ws/install/lslidar_msgs/local/lib/python3.10/dist-packages/lslidar_msgs/msg\n'}
[3.066426] (lslidar_msgs) StdoutLine: {'line': b'-- Installing: /home/vic/billeagle_ws/lslidar_ws/install/lslidar_msgs/local/lib/python3.10/dist-packages/lslidar_msgs/msg/_lslidar_difop.py\n'}
[3.066464] (lslidar_msgs) StdoutLine: {'line': b'-- Installing: /home/vic/billeagle_ws/lslidar_ws/install/lslidar_msgs/local/lib/python3.10/dist-packages/lslidar_msgs/msg/_lslidar_scan_s.c\n'}
[3.066501] (lslidar_msgs) StdoutLine: {'line': b'-- Installing: /home/vic/billeagle_ws/lslidar_ws/install/lslidar_msgs/local/lib/python3.10/dist-packages/lslidar_msgs/msg/_lslidar_sweep.py\n'}
[3.066542] (lslidar_msgs) StdoutLine: {'line': b'-- Installing: /home/vic/billeagle_ws/lslidar_ws/install/lslidar_msgs/local/lib/python3.10/dist-packages/lslidar_msgs/msg/_lslidar_scan.py\n'}
[3.066581] (lslidar_msgs) StdoutLine: {'line': b'-- Installing: /home/vic/billeagle_ws/lslidar_ws/install/lslidar_msgs/local/lib/python3.10/dist-packages/lslidar_msgs/msg/_lslidar_sweep_s.c\n'}
[3.066623] (lslidar_msgs) StdoutLine: {'line': b'-- Installing: /home/vic/billeagle_ws/lslidar_ws/install/lslidar_msgs/local/lib/python3.10/dist-packages/lslidar_msgs/msg/_lslidar_point_s.c\n'}
[3.066665] (lslidar_msgs) StdoutLine: {'line': b'-- Installing: /home/vic/billeagle_ws/lslidar_ws/install/lslidar_msgs/local/lib/python3.10/dist-packages/lslidar_msgs/msg/_lslidar_packet_s.c\n'}
[3.066707] (lslidar_msgs) StdoutLine: {'line': b'-- Installing: /home/vic/billeagle_ws/lslidar_ws/install/lslidar_msgs/local/lib/python3.10/dist-packages/lslidar_msgs/msg/__init__.py\n'}
[3.066752] (lslidar_msgs) StdoutLine: {'line': b'-- Installing: /home/vic/billeagle_ws/lslidar_ws/install/lslidar_msgs/local/lib/python3.10/dist-packages/lslidar_msgs/msg/_lslidar_packet.py\n'}
[3.066800] (lslidar_msgs) StdoutLine: {'line': b'-- Installing: /home/vic/billeagle_ws/lslidar_ws/install/lslidar_msgs/local/lib/python3.10/dist-packages/lslidar_msgs/msg/_lslidar_difop_s.c\n'}
[3.066827] (lslidar_msgs) StdoutLine: {'line': b'-- Installing: /home/vic/billeagle_ws/lslidar_ws/install/lslidar_msgs/local/lib/python3.10/dist-packages/lslidar_msgs/msg/_lslidar_point.py\n'}
[3.066870] (lslidar_msgs) StdoutLine: {'line': b'-- Installing: /home/vic/billeagle_ws/lslidar_ws/install/lslidar_msgs/local/lib/python3.10/dist-packages/lslidar_msgs/_lslidar_msgs_s.ep.rosidl_typesupport_introspection_c.c\n'}
[3.066917] (lslidar_msgs) StdoutLine: {'line': b'-- Installing: /home/vic/billeagle_ws/lslidar_ws/install/lslidar_msgs/local/lib/python3.10/dist-packages/lslidar_msgs/lslidar_msgs_s__rosidl_typesupport_introspection_c.cpython-310-x86_64-linux-gnu.so\n'}
[3.066960] (lslidar_msgs) StdoutLine: {'line': b'-- Installing: /home/vic/billeagle_ws/lslidar_ws/install/lslidar_msgs/local/lib/python3.10/dist-packages/lslidar_msgs/lslidar_msgs_s__rosidl_typesupport_c.cpython-310-x86_64-linux-gnu.so\n'}
[3.067000] (lslidar_msgs) StdoutLine: {'line': b'-- Installing: /home/vic/billeagle_ws/lslidar_ws/install/lslidar_msgs/local/lib/python3.10/dist-packages/lslidar_msgs/lslidar_msgs_s__rosidl_typesupport_fastrtps_c.cpython-310-x86_64-linux-gnu.so\n'}
[3.067034] (lslidar_msgs) StdoutLine: {'line': b'-- Installing: /home/vic/billeagle_ws/lslidar_ws/install/lslidar_msgs/local/lib/python3.10/dist-packages/lslidar_msgs/_lslidar_msgs_s.ep.rosidl_typesupport_c.c\n'}
[3.067075] (lslidar_msgs) StdoutLine: {'line': b'-- Installing: /home/vic/billeagle_ws/lslidar_ws/install/lslidar_msgs/local/lib/python3.10/dist-packages/lslidar_msgs/__init__.py\n'}
[3.067115] (lslidar_msgs) StdoutLine: {'line': b'-- Installing: /home/vic/billeagle_ws/lslidar_ws/install/lslidar_msgs/local/lib/python3.10/dist-packages/lslidar_msgs/_lslidar_msgs_s.ep.rosidl_typesupport_fastrtps_c.c\n'}
[3.090227] (lslidar_msgs) StdoutLine: {'line': b"Listing '/home/vic/billeagle_ws/lslidar_ws/install/lslidar_msgs/local/lib/python3.10/dist-packages/lslidar_msgs'...\n"}
[3.090333] (lslidar_msgs) StdoutLine: {'line': b"Compiling '/home/vic/billeagle_ws/lslidar_ws/install/lslidar_msgs/local/lib/python3.10/dist-packages/lslidar_msgs/__init__.py'...\n"}
[3.090365] (lslidar_msgs) StdoutLine: {'line': b"Listing '/home/vic/billeagle_ws/lslidar_ws/install/lslidar_msgs/local/lib/python3.10/dist-packages/lslidar_msgs/msg'...\n"}
[3.090389] (lslidar_msgs) StdoutLine: {'line': b"Compiling '/home/vic/billeagle_ws/lslidar_ws/install/lslidar_msgs/local/lib/python3.10/dist-packages/lslidar_msgs/msg/__init__.py'...\n"}
[3.090413] (lslidar_msgs) StdoutLine: {'line': b"Compiling '/home/vic/billeagle_ws/lslidar_ws/install/lslidar_msgs/local/lib/python3.10/dist-packages/lslidar_msgs/msg/_lslidar_difop.py'...\n"}
[3.090436] (lslidar_msgs) StdoutLine: {'line': b"Compiling '/home/vic/billeagle_ws/lslidar_ws/install/lslidar_msgs/local/lib/python3.10/dist-packages/lslidar_msgs/msg/_lslidar_packet.py'...\n"}
[3.090458] (lslidar_msgs) StdoutLine: {'line': b"Compiling '/home/vic/billeagle_ws/lslidar_ws/install/lslidar_msgs/local/lib/python3.10/dist-packages/lslidar_msgs/msg/_lslidar_point.py'...\n"}
[3.090479] (lslidar_msgs) StdoutLine: {'line': b"Compiling '/home/vic/billeagle_ws/lslidar_ws/install/lslidar_msgs/local/lib/python3.10/dist-packages/lslidar_msgs/msg/_lslidar_scan.py'...\n"}
[3.090501] (lslidar_msgs) StdoutLine: {'line': b"Compiling '/home/vic/billeagle_ws/lslidar_ws/install/lslidar_msgs/local/lib/python3.10/dist-packages/lslidar_msgs/msg/_lslidar_sweep.py'...\n"}
[3.093012] (lslidar_msgs) StdoutLine: {'line': b'-- Installing: /home/vic/billeagle_ws/lslidar_ws/install/lslidar_msgs/local/lib/python3.10/dist-packages/lslidar_msgs/lslidar_msgs_s__rosidl_typesupport_fastrtps_c.cpython-310-x86_64-linux-gnu.so\n'}
[3.093087] (lslidar_msgs) StdoutLine: {'line': b'-- Set runtime path of "/home/vic/billeagle_ws/lslidar_ws/install/lslidar_msgs/local/lib/python3.10/dist-packages/lslidar_msgs/lslidar_msgs_s__rosidl_typesupport_fastrtps_c.cpython-310-x86_64-linux-gnu.so" to ""\n'}
[3.093256] (lslidar_msgs) StdoutLine: {'line': b'-- Installing: /home/vic/billeagle_ws/lslidar_ws/install/lslidar_msgs/local/lib/python3.10/dist-packages/lslidar_msgs/lslidar_msgs_s__rosidl_typesupport_introspection_c.cpython-310-x86_64-linux-gnu.so\n'}
[3.093316] (lslidar_msgs) StdoutLine: {'line': b'-- Set runtime path of "/home/vic/billeagle_ws/lslidar_ws/install/lslidar_msgs/local/lib/python3.10/dist-packages/lslidar_msgs/lslidar_msgs_s__rosidl_typesupport_introspection_c.cpython-310-x86_64-linux-gnu.so" to ""\n'}
[3.093379] (lslidar_msgs) StdoutLine: {'line': b'-- Installing: /home/vic/billeagle_ws/lslidar_ws/install/lslidar_msgs/local/lib/python3.10/dist-packages/lslidar_msgs/lslidar_msgs_s__rosidl_typesupport_c.cpython-310-x86_64-linux-gnu.so\n'}
[3.093409] (lslidar_msgs) StdoutLine: {'line': b'-- Set runtime path of "/home/vic/billeagle_ws/lslidar_ws/install/lslidar_msgs/local/lib/python3.10/dist-packages/lslidar_msgs/lslidar_msgs_s__rosidl_typesupport_c.cpython-310-x86_64-linux-gnu.so" to ""\n'}
[3.093435] (lslidar_msgs) StdoutLine: {'line': b'-- Installing: /home/vic/billeagle_ws/lslidar_ws/install/lslidar_msgs/lib/liblslidar_msgs__rosidl_generator_py.so\n'}
[3.093572] (lslidar_msgs) StdoutLine: {'line': b'-- Set runtime path of "/home/vic/billeagle_ws/lslidar_ws/install/lslidar_msgs/lib/liblslidar_msgs__rosidl_generator_py.so" to ""\n'}
[3.093639] (lslidar_msgs) StdoutLine: {'line': b'-- Installing: /home/vic/billeagle_ws/lslidar_ws/install/lslidar_msgs/share/lslidar_msgs/msg/LslidarDifop.idl\n'}
[3.093695] (lslidar_msgs) StdoutLine: {'line': b'-- Installing: /home/vic/billeagle_ws/lslidar_ws/install/lslidar_msgs/share/lslidar_msgs/msg/LslidarPacket.idl\n'}
[3.093725] (lslidar_msgs) StdoutLine: {'line': b'-- Installing: /home/vic/billeagle_ws/lslidar_ws/install/lslidar_msgs/share/lslidar_msgs/msg/LslidarPoint.idl\n'}
[3.093778] (lslidar_msgs) StdoutLine: {'line': b'-- Installing: /home/vic/billeagle_ws/lslidar_ws/install/lslidar_msgs/share/lslidar_msgs/msg/LslidarScan.idl\n'}
[3.093838] (lslidar_msgs) StdoutLine: {'line': b'-- Installing: /home/vic/billeagle_ws/lslidar_ws/install/lslidar_msgs/share/lslidar_msgs/msg/LslidarSweep.idl\n'}
[3.093869] (lslidar_msgs) StdoutLine: {'line': b'-- Installing: /home/vic/billeagle_ws/lslidar_ws/install/lslidar_msgs/share/lslidar_msgs/msg/LslidarDifop.msg\n'}
[3.093895] (lslidar_msgs) StdoutLine: {'line': b'-- Installing: /home/vic/billeagle_ws/lslidar_ws/install/lslidar_msgs/share/lslidar_msgs/msg/LslidarPacket.msg\n'}
[3.093919] (lslidar_msgs) StdoutLine: {'line': b'-- Installing: /home/vic/billeagle_ws/lslidar_ws/install/lslidar_msgs/share/lslidar_msgs/msg/LslidarPoint.msg\n'}
[3.093967] (lslidar_msgs) StdoutLine: {'line': b'-- Installing: /home/vic/billeagle_ws/lslidar_ws/install/lslidar_msgs/share/lslidar_msgs/msg/LslidarScan.msg\n'}
[3.093994] (lslidar_msgs) StdoutLine: {'line': b'-- Installing: /home/vic/billeagle_ws/lslidar_ws/install/lslidar_msgs/share/lslidar_msgs/msg/LslidarSweep.msg\n'}
[3.094036] (lslidar_msgs) StdoutLine: {'line': b'-- Installing: /home/vic/billeagle_ws/lslidar_ws/install/lslidar_msgs/share/ament_index/resource_index/package_run_dependencies/lslidar_msgs\n'}
[3.094079] (lslidar_msgs) StdoutLine: {'line': b'-- Installing: /home/vic/billeagle_ws/lslidar_ws/install/lslidar_msgs/share/ament_index/resource_index/parent_prefix_path/lslidar_msgs\n'}
[3.094118] (lslidar_msgs) StdoutLine: {'line': b'-- Installing: /home/vic/billeagle_ws/lslidar_ws/install/lslidar_msgs/share/lslidar_msgs/environment/ament_prefix_path.sh\n'}
[3.094161] (lslidar_msgs) StdoutLine: {'line': b'-- Installing: /home/vic/billeagle_ws/lslidar_ws/install/lslidar_msgs/share/lslidar_msgs/environment/ament_prefix_path.dsv\n'}
[3.094212] (lslidar_msgs) StdoutLine: {'line': b'-- Installing: /home/vic/billeagle_ws/lslidar_ws/install/lslidar_msgs/share/lslidar_msgs/environment/path.sh\n'}
[3.094237] (lslidar_msgs) StdoutLine: {'line': b'-- Installing: /home/vic/billeagle_ws/lslidar_ws/install/lslidar_msgs/share/lslidar_msgs/environment/path.dsv\n'}
[3.094277] (lslidar_msgs) StdoutLine: {'line': b'-- Installing: /home/vic/billeagle_ws/lslidar_ws/install/lslidar_msgs/share/lslidar_msgs/local_setup.bash\n'}
[3.094319] (lslidar_msgs) StdoutLine: {'line': b'-- Installing: /home/vic/billeagle_ws/lslidar_ws/install/lslidar_msgs/share/lslidar_msgs/local_setup.sh\n'}
[3.094360] (lslidar_msgs) StdoutLine: {'line': b'-- Installing: /home/vic/billeagle_ws/lslidar_ws/install/lslidar_msgs/share/lslidar_msgs/local_setup.zsh\n'}
[3.094401] (lslidar_msgs) StdoutLine: {'line': b'-- Installing: /home/vic/billeagle_ws/lslidar_ws/install/lslidar_msgs/share/lslidar_msgs/local_setup.dsv\n'}
[3.094444] (lslidar_msgs) StdoutLine: {'line': b'-- Installing: /home/vic/billeagle_ws/lslidar_ws/install/lslidar_msgs/share/lslidar_msgs/package.dsv\n'}
[3.094482] (lslidar_msgs) StdoutLine: {'line': b'-- Installing: /home/vic/billeagle_ws/lslidar_ws/install/lslidar_msgs/share/ament_index/resource_index/packages/lslidar_msgs\n'}
[3.094538] (lslidar_msgs) StdoutLine: {'line': b'-- Installing: /home/vic/billeagle_ws/lslidar_ws/install/lslidar_msgs/share/lslidar_msgs/cmake/export_lslidar_msgs__rosidl_generator_cExport.cmake\n'}
[3.094582] (lslidar_msgs) StdoutLine: {'line': b'-- Installing: /home/vic/billeagle_ws/lslidar_ws/install/lslidar_msgs/share/lslidar_msgs/cmake/export_lslidar_msgs__rosidl_generator_cExport-noconfig.cmake\n'}
[3.094631] (lslidar_msgs) StdoutLine: {'line': b'-- Installing: /home/vic/billeagle_ws/lslidar_ws/install/lslidar_msgs/share/lslidar_msgs/cmake/export_lslidar_msgs__rosidl_typesupport_fastrtps_cExport.cmake\n'}
[3.094678] (lslidar_msgs) StdoutLine: {'line': b'-- Installing: /home/vic/billeagle_ws/lslidar_ws/install/lslidar_msgs/share/lslidar_msgs/cmake/export_lslidar_msgs__rosidl_typesupport_fastrtps_cExport-noconfig.cmake\n'}
[3.094726] (lslidar_msgs) StdoutLine: {'line': b'-- Installing: /home/vic/billeagle_ws/lslidar_ws/install/lslidar_msgs/share/lslidar_msgs/cmake/export_lslidar_msgs__rosidl_generator_cppExport.cmake\n'}
[3.094777] (lslidar_msgs) StdoutLine: {'line': b'-- Installing: /home/vic/billeagle_ws/lslidar_ws/install/lslidar_msgs/share/lslidar_msgs/cmake/export_lslidar_msgs__rosidl_typesupport_fastrtps_cppExport.cmake\n'}
[3.094822] (lslidar_msgs) StdoutLine: {'line': b'-- Installing: /home/vic/billeagle_ws/lslidar_ws/install/lslidar_msgs/share/lslidar_msgs/cmake/export_lslidar_msgs__rosidl_typesupport_fastrtps_cppExport-noconfig.cmake\n'}
[3.094876] (lslidar_msgs) StdoutLine: {'line': b'-- Installing: /home/vic/billeagle_ws/lslidar_ws/install/lslidar_msgs/share/lslidar_msgs/cmake/lslidar_msgs__rosidl_typesupport_introspection_cExport.cmake\n'}
[3.094923] (lslidar_msgs) StdoutLine: {'line': b'-- Installing: /home/vic/billeagle_ws/lslidar_ws/install/lslidar_msgs/share/lslidar_msgs/cmake/lslidar_msgs__rosidl_typesupport_introspection_cExport-noconfig.cmake\n'}
[3.094968] (lslidar_msgs) StdoutLine: {'line': b'-- Installing: /home/vic/billeagle_ws/lslidar_ws/install/lslidar_msgs/share/lslidar_msgs/cmake/lslidar_msgs__rosidl_typesupport_cExport.cmake\n'}
[3.095012] (lslidar_msgs) StdoutLine: {'line': b'-- Installing: /home/vic/billeagle_ws/lslidar_ws/install/lslidar_msgs/share/lslidar_msgs/cmake/lslidar_msgs__rosidl_typesupport_cExport-noconfig.cmake\n'}
[3.095059] (lslidar_msgs) StdoutLine: {'line': b'-- Installing: /home/vic/billeagle_ws/lslidar_ws/install/lslidar_msgs/share/lslidar_msgs/cmake/lslidar_msgs__rosidl_typesupport_introspection_cppExport.cmake\n'}
[3.095104] (lslidar_msgs) StdoutLine: {'line': b'-- Installing: /home/vic/billeagle_ws/lslidar_ws/install/lslidar_msgs/share/lslidar_msgs/cmake/lslidar_msgs__rosidl_typesupport_introspection_cppExport-noconfig.cmake\n'}
[3.095151] (lslidar_msgs) StdoutLine: {'line': b'-- Installing: /home/vic/billeagle_ws/lslidar_ws/install/lslidar_msgs/share/lslidar_msgs/cmake/lslidar_msgs__rosidl_typesupport_cppExport.cmake\n'}
[3.095192] (lslidar_msgs) StdoutLine: {'line': b'-- Installing: /home/vic/billeagle_ws/lslidar_ws/install/lslidar_msgs/share/lslidar_msgs/cmake/lslidar_msgs__rosidl_typesupport_cppExport-noconfig.cmake\n'}
[3.095243] (lslidar_msgs) StdoutLine: {'line': b'-- Installing: /home/vic/billeagle_ws/lslidar_ws/install/lslidar_msgs/share/lslidar_msgs/cmake/export_lslidar_msgs__rosidl_generator_pyExport.cmake\n'}
[3.095287] (lslidar_msgs) StdoutLine: {'line': b'-- Installing: /home/vic/billeagle_ws/lslidar_ws/install/lslidar_msgs/share/lslidar_msgs/cmake/export_lslidar_msgs__rosidl_generator_pyExport-noconfig.cmake\n'}
[3.095330] (lslidar_msgs) StdoutLine: {'line': b'-- Installing: /home/vic/billeagle_ws/lslidar_ws/install/lslidar_msgs/share/lslidar_msgs/cmake/rosidl_cmake-extras.cmake\n'}
[3.095372] (lslidar_msgs) StdoutLine: {'line': b'-- Installing: /home/vic/billeagle_ws/lslidar_ws/install/lslidar_msgs/share/lslidar_msgs/cmake/ament_cmake_export_dependencies-extras.cmake\n'}
[3.095417] (lslidar_msgs) StdoutLine: {'line': b'-- Installing: /home/vic/billeagle_ws/lslidar_ws/install/lslidar_msgs/share/lslidar_msgs/cmake/ament_cmake_export_include_directories-extras.cmake\n'}
[3.095459] (lslidar_msgs) StdoutLine: {'line': b'-- Installing: /home/vic/billeagle_ws/lslidar_ws/install/lslidar_msgs/share/lslidar_msgs/cmake/ament_cmake_export_libraries-extras.cmake\n'}
[3.095503] (lslidar_msgs) StdoutLine: {'line': b'-- Installing: /home/vic/billeagle_ws/lslidar_ws/install/lslidar_msgs/share/lslidar_msgs/cmake/ament_cmake_export_targets-extras.cmake\n'}
[3.095543] (lslidar_msgs) StdoutLine: {'line': b'-- Installing: /home/vic/billeagle_ws/lslidar_ws/install/lslidar_msgs/share/lslidar_msgs/cmake/rosidl_cmake_export_typesupport_targets-extras.cmake\n'}
[3.095586] (lslidar_msgs) StdoutLine: {'line': b'-- Installing: /home/vic/billeagle_ws/lslidar_ws/install/lslidar_msgs/share/lslidar_msgs/cmake/rosidl_cmake_export_typesupport_libraries-extras.cmake\n'}
[3.095629] (lslidar_msgs) StdoutLine: {'line': b'-- Installing: /home/vic/billeagle_ws/lslidar_ws/install/lslidar_msgs/share/lslidar_msgs/cmake/lslidar_msgsConfig.cmake\n'}
[3.095667] (lslidar_msgs) StdoutLine: {'line': b'-- Installing: /home/vic/billeagle_ws/lslidar_ws/install/lslidar_msgs/share/lslidar_msgs/cmake/lslidar_msgsConfig-version.cmake\n'}
[3.095708] (lslidar_msgs) StdoutLine: {'line': b'-- Installing: /home/vic/billeagle_ws/lslidar_ws/install/lslidar_msgs/share/lslidar_msgs/package.xml\n'}
[3.097127] (lslidar_msgs) CommandEnded: {'returncode': 0}
[3.106755] (lslidar_msgs) JobEnded: {'identifier': 'lslidar_msgs', 'rc': 0}
[3.106985] (-) TimerEvent: {}
[3.107019] (lslidar_driver) JobStarted: {'identifier': 'lslidar_driver'}
[3.112490] (lslidar_driver) JobProgress: {'identifier': 'lslidar_driver', 'progress': 'cmake'}
[3.112735] (lslidar_driver) Command: {'cmd': ['/usr/bin/cmake', '/home/vic/billeagle_ws/lslidar_ws/src/LSLIDAR_M10_N10_V2.5.2_230110_ROS2/lslidar_driver', '-DCMAKE_INSTALL_PREFIX=/home/vic/billeagle_ws/lslidar_ws/install/lslidar_driver'], 'cwd': '/home/vic/billeagle_ws/lslidar_ws/build/lslidar_driver', 'env': OrderedDict([('LESSOPEN', '| /usr/bin/lesspipe %s'), ('USER', 'vic'), ('LC_TIME', 'pt_BR.UTF-8'), ('XDG_SESSION_TYPE', 'x11'), ('SHLVL', '1'), ('LD_LIBRARY_PATH', '/home/vic/billeagle_ws/lslidar_ws/install/lslidar_msgs/lib:/home/vic/microros_ws/install/micro_ros_agent/lib:/home/vic/microros_ws/install/micro_ros_msgs/lib:/opt/ros/humble/opt/rviz_ogre_vendor/lib:/opt/ros/humble/lib/x86_64-linux-gnu:/opt/ros/humble/lib'), ('HOME', '/home/vic'), ('OLDPWD', '/home/vic/billeagle_ws/bill_ws'), ('DESKTOP_SESSION', 'ubuntu'), ('ROS_PYTHON_VERSION', '3'), ('GNOME_SHELL_SESSION_MODE', 'ubuntu'), ('GTK_MODULES', 'gail:atk-bridge'), ('LC_MONETARY', 'pt_BR.UTF-8'), ('MANAGERPID', '6928'), ('LC_CTYPE', 'pt_BR.UTF-8'), ('SYSTEMD_EXEC_PID', '7671'), ('DBUS_SESSION_BUS_ADDRESS', 'unix:path=/run/user/1001/bus'), ('COLORTERM', 'truecolor'), ('TERMINATOR_DBUS_NAME', 'net.tenshu.Terminator23558193cd9818af7fe4d2c2f5bd9d00f'), ('GIO_LAUNCHED_DESKTOP_FILE_PID', '9913'), ('COLCON_PREFIX_PATH', '/home/vic/microros_ws/install:/home/vic/billeagle_ws/microros_ws/install'), ('ROS_DISTRO', 'humble'), ('GTK_IM_MODULE', 'ibus'), ('LOGNAME', 'vic'), ('JOURNAL_STREAM', '8:61620'), ('_', '/usr/bin/colcon'), ('ROS_VERSION', '2'), ('XDG_SESSION_CLASS', 'user'), ('USERNAME', 'vic'), ('TERM', 'xterm-256color'), ('GNOME_DESKTOP_SESSION_ID', 'this-is-deprecated'), ('ROS_LOCALHOST_ONLY', '0'), ('WINDOWPATH', '2'), ('PATH', '/opt/ros/humble/bin:/usr/local/sbin:/usr/local/bin:/usr/sbin:/usr/bin:/sbin:/bin:/usr/games:/usr/local/games:/snap/bin:/snap/bin'), ('SESSION_MANAGER', 'local/bill8-Dell-G15-5520:@/tmp/.ICE-unix/7410,unix/bill8-Dell-G15-5520:/tmp/.ICE-unix/7410'), ('INVOCATION_ID', 'e585e915e9894f31ac600c2d3117b655'), ('XDG_MENU_PREFIX', 'gnome-'), ('LC_ADDRESS', 'pt_BR.UTF-8'), ('XDG_RUNTIME_DIR', '/run/user/1001'), ('DISPLAY', ':1'), ('TERMINATOR_DBUS_PATH', '/net/tenshu/Terminator2'), ('LANG', 'en_US.UTF-8'), ('XDG_CURRENT_DESKTOP', 'ubuntu:GNOME'), ('IBUS_DISABLE_SNOOPER', '1'), ('LC_TELEPHONE', 'pt_BR.UTF-8'), ('XMODIFIERS', '@im=ibus'), ('XDG_SESSION_DESKTOP', 'ubuntu'), ('XAUTHORITY', '/run/user/1001/gdm/Xauthority'), ('LS_COLORS', 'rs=0:di=01;34:ln=01;36:mh=00:pi=40;33:so=01;35:do=01;35:bd=40;33;01:cd=40;33;01:or=40;31;01:mi=00:su=37;41:sg=30;43:ca=30;41:tw=30;42:ow=34;42:st=37;44:ex=01;32:*.tar=01;31:*.tgz=01;31:*.arc=01;31:*.arj=01;31:*.taz=01;31:*.lha=01;31:*.lz4=01;31:*.lzh=01;31:*.lzma=01;31:*.tlz=01;31:*.txz=01;31:*.tzo=01;31:*.t7z=01;31:*.zip=01;31:*.z=01;31:*.dz=01;31:*.gz=01;31:*.lrz=01;31:*.lz=01;31:*.lzo=01;31:*.xz=01;31:*.zst=01;31:*.tzst=01;31:*.bz2=01;31:*.bz=01;31:*.tbz=01;31:*.tbz2=01;31:*.tz=01;31:*.deb=01;31:*.rpm=01;31:*.jar=01;31:*.war=01;31:*.ear=01;31:*.sar=01;31:*.rar=01;31:*.alz=01;31:*.ace=01;31:*.zoo=01;31:*.cpio=01;31:*.7z=01;31:*.rz=01;31:*.cab=01;31:*.wim=01;31:*.swm=01;31:*.dwm=01;31:*.esd=01;31:*.jpg=01;35:*.jpeg=01;35:*.mjpg=01;35:*.mjpeg=01;35:*.gif=01;35:*.bmp=01;35:*.pbm=01;35:*.pgm=01;35:*.ppm=01;35:*.tga=01;35:*.xbm=01;35:*.xpm=01;35:*.tif=01;35:*.tiff=01;35:*.png=01;35:*.svg=01;35:*.svgz=01;35:*.mng=01;35:*.pcx=01;35:*.mov=01;35:*.mpg=01;35:*.mpeg=01;35:*.m2v=01;35:*.mkv=01;35:*.webm=01;35:*.webp=01;35:*.ogm=01;35:*.mp4=01;35:*.m4v=01;35:*.mp4v=01;35:*.vob=01;35:*.qt=01;35:*.nuv=01;35:*.wmv=01;35:*.asf=01;35:*.rm=01;35:*.rmvb=01;35:*.flc=01;35:*.avi=01;35:*.fli=01;35:*.flv=01;35:*.gl=01;35:*.dl=01;35:*.xcf=01;35:*.xwd=01;35:*.yuv=01;35:*.cgm=01;35:*.emf=01;35:*.ogv=01;35:*.ogx=01;35:*.aac=00;36:*.au=00;36:*.flac=00;36:*.m4a=00;36:*.mid=00;36:*.midi=00;36:*.mka=00;36:*.mp3=00;36:*.mpc=00;36:*.ogg=00;36:*.ra=00;36:*.wav=00;36:*.oga=00;36:*.opus=00;36:*.spx=00;36:*.xspf=00;36:'), ('SSH_AGENT_LAUNCHER', 'gnome-keyring'), ('SSH_AUTH_SOCK', '/run/user/1001/keyring/ssh'), ('AMENT_PREFIX_PATH', '/home/vic/billeagle_ws/lslidar_ws/install/lslidar_msgs:/home/vic/microros_ws/install/micro_ros_agent:/home/vic/microros_ws/install/micro_ros_msgs:/home/vic/microros_ws/install/micro_ros_setup:/home/vic/billeagle_ws/microros_ws/install/micro_ros_setup:/opt/ros/humble'), ('SHELL', '/bin/bash'), ('LC_NAME', 'pt_BR.UTF-8'), ('TERMINATOR_UUID', 'urn:uuid:b50d16d0-6e64-4bc3-bca6-91720745bbef'), ('QT_ACCESSIBILITY', '1'), ('GDMSESSION', 'ubuntu'), ('LESSCLOSE', '/usr/bin/lesspipe %s %s'), ('LC_MEASUREMENT', 'pt_BR.UTF-8'), ('GPG_AGENT_INFO', '/run/user/1001/gnupg/S.gpg-agent:0:1'), ('LC_IDENTIFICATION', 'pt_BR.UTF-8'), ('QT_IM_MODULE', 'ibus'), ('PWD', '/home/vic/billeagle_ws/lslidar_ws/build/lslidar_driver'), ('LC_ALL', 'en_US.UTF-8'), ('XDG_CONFIG_DIRS', '/etc/xdg/xdg-ubuntu:/etc/xdg'), ('XDG_DATA_DIRS', '/usr/share/ubuntu:/usr/share/gnome:/usr/local/share/:/usr/share/:/var/lib/snapd/desktop'), ('PYTHONPATH', '/home/vic/billeagle_ws/lslidar_ws/install/lslidar_msgs/local/lib/python3.10/dist-packages:/home/vic/microros_ws/install/micro_ros_msgs/local/lib/python3.10/dist-packages:/opt/ros/humble/lib/python3.10/site-packages:/opt/ros/humble/local/lib/python3.10/dist-packages'), ('LC_NUMERIC', 'pt_BR.UTF-8'), ('LC_PAPER', 'pt_BR.UTF-8'), ('COLCON', '1'), ('VTE_VERSION', '6800'), ('CMAKE_PREFIX_PATH', '/home/vic/billeagle_ws/lslidar_ws/install/lslidar_msgs:/home/vic/microros_ws/install/micro_ros_agent:/home/vic/microros_ws/install/micro_ros_msgs:/home/vic/microros_ws/install/micro_ros_setup:/home/vic/billeagle_ws/microros_ws/install/micro_ros_setup:/opt/ros/humble')]), 'shell': False}
[3.153483] (lslidar_driver) StdoutLine: {'line': b'-- The C compiler identification is GNU 11.4.0\n'}
[3.190410] (lslidar_driver) StdoutLine: {'line': b'-- The CXX compiler identification is GNU 11.4.0\n'}
[3.194837] (lslidar_driver) StdoutLine: {'line': b'-- Detecting C compiler ABI info\n'}
[3.207189] (-) TimerEvent: {}
[3.247009] (lslidar_driver) StdoutLine: {'line': b'-- Detecting C compiler ABI info - done\n'}
[3.251095] (lslidar_driver) StdoutLine: {'line': b'-- Check for working C compiler: /usr/bin/cc - skipped\n'}
[3.251219] (lslidar_driver) StdoutLine: {'line': b'-- Detecting C compile features\n'}
[3.251307] (lslidar_driver) StdoutLine: {'line': b'-- Detecting C compile features - done\n'}
[3.253088] (lslidar_driver) StdoutLine: {'line': b'-- Detecting CXX compiler ABI info\n'}
[3.305916] (lslidar_driver) StdoutLine: {'line': b'-- Detecting CXX compiler ABI info - done\n'}
[3.307251] (-) TimerEvent: {}
[3.310665] (lslidar_driver) StdoutLine: {'line': b'-- Check for working CXX compiler: /usr/bin/c++ - skipped\n'}
[3.310917] (lslidar_driver) StdoutLine: {'line': b'-- Detecting CXX compile features\n'}
[3.311086] (lslidar_driver) StdoutLine: {'line': b'-- Detecting CXX compile features - done\n'}
[3.407389] (-) TimerEvent: {}
[3.434136] (lslidar_driver) StdoutLine: {'line': b'-- Found Boost: /usr/lib/x86_64-linux-gnu/cmake/Boost-1.74.0/BoostConfig.cmake (found version "1.74.0") found components: thread \n'}
[3.437990] (lslidar_driver) StdoutLine: {'line': b'-- Found rclcpp: 16.0.11 (/opt/ros/humble/share/rclcpp/cmake)\n'}
[3.507603] (-) TimerEvent: {}
[3.547993] (lslidar_driver) StdoutLine: {'line': b'-- Found Python3: /usr/bin/python3 (found version "3.10.12") found components: Interpreter \n'}
[3.607822] (-) TimerEvent: {}
[3.636760] (lslidar_driver) StdoutLine: {'line': b'-- Found rosidl_generator_c: 3.1.6 (/opt/ros/humble/share/rosidl_generator_c/cmake)\n'}
[3.639455] (lslidar_driver) StdoutLine: {'line': b'-- Found rosidl_adapter: 3.1.6 (/opt/ros/humble/share/rosidl_adapter/cmake)\n'}
[3.644099] (lslidar_driver) StdoutLine: {'line': b'-- Found rosidl_generator_cpp: 3.1.6 (/opt/ros/humble/share/rosidl_generator_cpp/cmake)\n'}
[3.650618] (lslidar_driver) StdoutLine: {'line': b'-- Using all available rosidl_typesupport_c: rosidl_typesupport_fastrtps_c;rosidl_typesupport_introspection_c\n'}
[3.659512] (lslidar_driver) StdoutLine: {'line': b'-- Using all available rosidl_typesupport_cpp: rosidl_typesupport_fastrtps_cpp;rosidl_typesupport_introspection_cpp\n'}
[3.689968] (lslidar_driver) StdoutLine: {'line': b'-- Found rmw_implementation_cmake: 6.1.2 (/opt/ros/humble/share/rmw_implementation_cmake/cmake)\n'}
[3.692064] (lslidar_driver) StdoutLine: {'line': b'-- Found rmw_fastrtps_cpp: 6.2.7 (/opt/ros/humble/share/rmw_fastrtps_cpp/cmake)\n'}
[3.708036] (-) TimerEvent: {}
[3.752258] (lslidar_driver) StdoutLine: {'line': b'-- Found OpenSSL: /usr/lib/x86_64-linux-gnu/libcrypto.so (found version "3.0.2")  \n'}
[3.771058] (lslidar_driver) StdoutLine: {'line': b'-- Found FastRTPS: /opt/ros/humble/include  \n'}
[3.798663] (lslidar_driver) StdoutLine: {'line': b"-- Using RMW implementation 'rmw_fastrtps_cpp' as default\n"}
[3.807613] (lslidar_driver) StdoutLine: {'line': b'-- Found Threads: TRUE  \n'}
[3.808129] (-) TimerEvent: {}
[3.871567] (lslidar_driver) StdoutLine: {'line': b"-- Checking for module 'eigen3'\n"}
[3.882510] (lslidar_driver) StdoutLine: {'line': b'--   Found eigen3, version 3.4.0\n'}
[3.908244] (-) TimerEvent: {}
[3.910504] (lslidar_driver) StdoutLine: {'line': b'-- Found Eigen: /usr/include/eigen3 (Required is at least version "3.1") \n'}
[3.910653] (lslidar_driver) StdoutLine: {'line': b'-- Eigen found (include: /usr/include/eigen3, version: 3.4.0)\n'}
[3.924336] (lslidar_driver) StdoutLine: {'line': b'-- Found Boost: /usr/lib/x86_64-linux-gnu/cmake/Boost-1.74.0/BoostConfig.cmake (found suitable version "1.74.0", minimum required is "1.65.0") found components: system filesystem date_time iostreams serialization \n'}
[3.934025] (lslidar_driver) StdoutLine: {'line': b"-- Checking for module 'flann'\n"}
[3.944627] (lslidar_driver) StdoutLine: {'line': b'--   Found flann, version 1.9.1\n'}
[3.976668] (lslidar_driver) StdoutLine: {'line': b'-- Found FLANN: /usr/lib/x86_64-linux-gnu/libflann_cpp.so  \n'}
[3.976827] (lslidar_driver) StdoutLine: {'line': b'-- FLANN found (include: /usr/include, lib: /usr/lib/x86_64-linux-gnu/libflann_cpp.so)\n'}
[4.001007] (lslidar_driver) StdoutLine: {'line': b'-- Found GLEW: /usr/lib/x86_64-linux-gnu/libGLEW.so  \n'}
[4.004651] (lslidar_driver) StdoutLine: {'line': b'-- Found OpenGL: /usr/lib/x86_64-linux-gnu/libOpenGL.so  found components: OpenGL GLX \n'}
[4.008502] (-) TimerEvent: {}
[4.108898] (-) TimerEvent: {}
[4.141087] (lslidar_driver) StdoutLine: {'line': b'-- Found MPI_C: /usr/lib/x86_64-linux-gnu/libmpi.so (found version "3.1") \n'}
[4.141254] (lslidar_driver) StdoutLine: {'line': b'-- Found MPI: TRUE (found version "3.1") found components: C \n'}
[4.143444] (lslidar_driver) StdoutLine: {'line': b'-- Found JsonCpp: /usr/lib/x86_64-linux-gnu/libjsoncpp.so (found suitable version "1.9.5", minimum required is "0.7.0") \n'}
[4.148692] (lslidar_driver) StdoutLine: {'line': b'-- Found ZLIB: /usr/lib/x86_64-linux-gnu/libz.so (found version "1.2.11") \n'}
[4.159012] (lslidar_driver) StdoutLine: {'line': b'-- Found PNG: /usr/lib/x86_64-linux-gnu/libpng.so (found version "1.6.37") \n'}
[4.176927] (lslidar_driver) StdoutLine: {'line': b'-- Found Eigen3: /usr/include/eigen3 (found version "3.4.0") \n'}
[4.209030] (-) TimerEvent: {}
[4.246932] (lslidar_driver) StdoutLine: {'line': b'-- Found X11: /usr/include   \n'}
[4.247228] (lslidar_driver) StdoutLine: {'line': b'-- Looking for XOpenDisplay in /usr/lib/x86_64-linux-gnu/libX11.so;/usr/lib/x86_64-linux-gnu/libXext.so\n'}
[4.309165] (-) TimerEvent: {}
[4.311614] (lslidar_driver) StdoutLine: {'line': b'-- Looking for XOpenDisplay in /usr/lib/x86_64-linux-gnu/libX11.so;/usr/lib/x86_64-linux-gnu/libXext.so - found\n'}
[4.311758] (lslidar_driver) StdoutLine: {'line': b'-- Looking for gethostbyname\n'}
[4.358701] (lslidar_driver) StdoutLine: {'line': b'-- Looking for gethostbyname - found\n'}
[4.358860] (lslidar_driver) StdoutLine: {'line': b'-- Looking for connect\n'}
[4.409382] (-) TimerEvent: {}
[4.411071] (lslidar_driver) StdoutLine: {'line': b'-- Looking for connect - found\n'}
[4.411218] (lslidar_driver) StdoutLine: {'line': b'-- Looking for remove\n'}
[4.464231] (lslidar_driver) StdoutLine: {'line': b'-- Looking for remove - found\n'}
[4.464407] (lslidar_driver) StdoutLine: {'line': b'-- Looking for shmat\n'}
[4.509525] (-) TimerEvent: {}
[4.512128] (lslidar_driver) StdoutLine: {'line': b'-- Looking for shmat - found\n'}
[4.512274] (lslidar_driver) StdoutLine: {'line': b'-- Looking for IceConnectionNumber in ICE\n'}
[4.563033] (lslidar_driver) StdoutLine: {'line': b'-- Looking for IceConnectionNumber in ICE - found\n'}
[4.609720] (-) TimerEvent: {}
[4.629823] (lslidar_driver) StdoutLine: {'line': b'-- Found EXPAT: /usr/lib/x86_64-linux-gnu/libexpat.so (found version "2.4.7") \n'}
[4.631715] (lslidar_driver) StdoutLine: {'line': b'-- Found double-conversion: /usr/lib/x86_64-linux-gnu/libdouble-conversion.so  \n'}
[4.634087] (lslidar_driver) StdoutLine: {'line': b'-- Found LZ4: /usr/lib/x86_64-linux-gnu/liblz4.so (found version "1.9.3") \n'}
[4.636252] (lslidar_driver) StdoutLine: {'line': b'-- Found LZMA: /usr/lib/x86_64-linux-gnu/liblzma.so (found version "5.2.5") \n'}
[4.681725] (lslidar_driver) StdoutLine: {'line': b'-- Found JPEG: /usr/lib/x86_64-linux-gnu/libjpeg.so (found version "80") \n'}
[4.686693] (lslidar_driver) StdoutLine: {'line': b'-- Found TIFF: /usr/lib/x86_64-linux-gnu/libtiff.so (found version "4.3.0")  \n'}
[4.689221] (lslidar_driver) StdoutLine: {'line': b'-- Found Freetype: /usr/lib/x86_64-linux-gnu/libfreetype.so (found version "2.11.1") \n'}
[4.694475] (lslidar_driver) StdoutLine: {'line': b'-- Found utf8cpp: /usr/include/utf8cpp  \n'}
[4.709836] (-) TimerEvent: {}
[4.760932] (lslidar_driver) StdoutLine: {'line': b"-- Checking for module 'libusb-1.0'\n"}
[4.772110] (lslidar_driver) StdoutLine: {'line': b'--   Found libusb-1.0, version 1.0.25\n'}
[4.799160] (lslidar_driver) StdoutLine: {'line': b'-- Found libusb: /usr/lib/x86_64-linux-gnu/libusb-1.0.so  \n'}
[4.800742] (lslidar_driver) StdoutLine: {'line': b'-- Found OpenNI: /usr/lib/libOpenNI.so;libusb::libusb (found version "1.5.4.0") \n'}
[4.800890] (lslidar_driver) StdoutLine: {'line': b'-- OpenNI found (version: 1.5.4.0, include: /usr/include/ni, lib: /usr/lib/libOpenNI.so;libusb::libusb)\n'}
[4.809943] (-) TimerEvent: {}
[4.844207] (lslidar_driver) StdoutLine: {'line': b'-- Found OpenNI2: /usr/lib/x86_64-linux-gnu/libOpenNI2.so;libusb::libusb (found version "2.2.0.33") \n'}
[4.844399] (lslidar_driver) StdoutLine: {'line': b'-- OpenNI2 found (version: 2.2.0.33, include: /usr/include/openni2, lib: /usr/lib/x86_64-linux-gnu/libOpenNI2.so;libusb::libusb)\n'}
[4.844468] (lslidar_driver) StderrLine: {'line': b'\x1b[0m** WARNING ** io features related to pcap will be disabled\x1b[0m\n'}
[4.910157] (-) TimerEvent: {}
[4.942001] (lslidar_driver) StdoutLine: {'line': b'-- Eigen found (include: /usr/include/eigen3, version: 3.4.0)\n'}
[4.947491] (lslidar_driver) StdoutLine: {'line': b'-- OpenNI found (version: 1.5.4.0, include: /usr/include/ni, lib: /usr/lib/libOpenNI.so;libusb::libusb)\n'}
[4.952526] (lslidar_driver) StdoutLine: {'line': b'-- OpenNI2 found (version: 2.2.0.33, include: /usr/include/openni2, lib: /usr/lib/x86_64-linux-gnu/libOpenNI2.so;libusb::libusb)\n'}
[5.010375] (-) TimerEvent: {}
[5.051555] (lslidar_driver) StdoutLine: {'line': b'-- Found Qhull version 8.0.2\n'}
[5.110599] (-) TimerEvent: {}
[5.161583] (lslidar_driver) StdoutLine: {'line': b'-- OpenNI found (version: 1.5.4.0, include: /usr/include/ni, lib: /usr/lib/libOpenNI.so;libusb::libusb)\n'}
[5.210849] (-) TimerEvent: {}
[5.248238] (lslidar_driver) StdoutLine: {'line': b'-- looking for PCL_COMMON\n'}
[5.248715] (lslidar_driver) StdoutLine: {'line': b'-- Found PCL_COMMON: /usr/lib/x86_64-linux-gnu/libpcl_common.so  \n'}
[5.248903] (lslidar_driver) StdoutLine: {'line': b'-- looking for PCL_KDTREE\n'}
[5.257940] (lslidar_driver) StdoutLine: {'line': b'-- Found PCL_KDTREE: /usr/lib/x86_64-linux-gnu/libpcl_kdtree.so  \n'}
[5.258083] (lslidar_driver) StdoutLine: {'line': b'-- looking for PCL_OCTREE\n'}
[5.258433] (lslidar_driver) StdoutLine: {'line': b'-- Found PCL_OCTREE: /usr/lib/x86_64-linux-gnu/libpcl_octree.so  \n'}
[5.258567] (lslidar_driver) StdoutLine: {'line': b'-- looking for PCL_SEARCH\n'}
[5.258979] (lslidar_driver) StdoutLine: {'line': b'-- Found PCL_SEARCH: /usr/lib/x86_64-linux-gnu/libpcl_search.so  \n'}
[5.259121] (lslidar_driver) StdoutLine: {'line': b'-- looking for PCL_SAMPLE_CONSENSUS\n'}
[5.259467] (lslidar_driver) StdoutLine: {'line': b'-- Found PCL_SAMPLE_CONSENSUS: /usr/lib/x86_64-linux-gnu/libpcl_sample_consensus.so  \n'}
[5.259603] (lslidar_driver) StdoutLine: {'line': b'-- looking for PCL_FILTERS\n'}
[5.260137] (lslidar_driver) StdoutLine: {'line': b'-- Found PCL_FILTERS: /usr/lib/x86_64-linux-gnu/libpcl_filters.so  \n'}
[5.260281] (lslidar_driver) StdoutLine: {'line': b'-- looking for PCL_2D\n'}
[5.260421] (lslidar_driver) StdoutLine: {'line': b'-- Found PCL_2D: /usr/include/pcl-1.12  \n'}
[5.260509] (lslidar_driver) StdoutLine: {'line': b'-- looking for PCL_GEOMETRY\n'}
[5.260644] (lslidar_driver) StdoutLine: {'line': b'-- Found PCL_GEOMETRY: /usr/include/pcl-1.12  \n'}
[5.260727] (lslidar_driver) StdoutLine: {'line': b'-- looking for PCL_IO\n'}
[5.260931] (lslidar_driver) StdoutLine: {'line': b'-- Found PCL_IO: /usr/lib/x86_64-linux-gnu/libpcl_io.so  \n'}
[5.261040] (lslidar_driver) StdoutLine: {'line': b'-- looking for PCL_FEATURES\n'}
[5.261534] (lslidar_driver) StdoutLine: {'line': b'-- Found PCL_FEATURES: /usr/lib/x86_64-linux-gnu/libpcl_features.so  \n'}
[5.261642] (lslidar_driver) StdoutLine: {'line': b'-- looking for PCL_ML\n'}
[5.262024] (lslidar_driver) StdoutLine: {'line': b'-- Found PCL_ML: /usr/lib/x86_64-linux-gnu/libpcl_ml.so  \n'}
[5.262133] (lslidar_driver) StdoutLine: {'line': b'-- looking for PCL_SEGMENTATION\n'}
[5.262543] (lslidar_driver) StdoutLine: {'line': b'-- Found PCL_SEGMENTATION: /usr/lib/x86_64-linux-gnu/libpcl_segmentation.so  \n'}
[5.262655] (lslidar_driver) StdoutLine: {'line': b'-- looking for PCL_VISUALIZATION\n'}
[5.263177] (lslidar_driver) StdoutLine: {'line': b'-- Found PCL_VISUALIZATION: /usr/lib/x86_64-linux-gnu/libpcl_visualization.so  \n'}
[5.263290] (lslidar_driver) StdoutLine: {'line': b'-- looking for PCL_SURFACE\n'}
[5.263732] (lslidar_driver) StdoutLine: {'line': b'-- Found PCL_SURFACE: /usr/lib/x86_64-linux-gnu/libpcl_surface.so  \n'}
[5.263832] (lslidar_driver) StdoutLine: {'line': b'-- looking for PCL_REGISTRATION\n'}
[5.264297] (lslidar_driver) StdoutLine: {'line': b'-- Found PCL_REGISTRATION: /usr/lib/x86_64-linux-gnu/libpcl_registration.so  \n'}
[5.264394] (lslidar_driver) StdoutLine: {'line': b'-- looking for PCL_KEYPOINTS\n'}
[5.264858] (lslidar_driver) StdoutLine: {'line': b'-- Found PCL_KEYPOINTS: /usr/lib/x86_64-linux-gnu/libpcl_keypoints.so  \n'}
[5.264978] (lslidar_driver) StdoutLine: {'line': b'-- looking for PCL_TRACKING\n'}
[5.265446] (lslidar_driver) StdoutLine: {'line': b'-- Found PCL_TRACKING: /usr/lib/x86_64-linux-gnu/libpcl_tracking.so  \n'}
[5.265526] (lslidar_driver) StdoutLine: {'line': b'-- looking for PCL_RECOGNITION\n'}
[5.265956] (lslidar_driver) StdoutLine: {'line': b'-- Found PCL_RECOGNITION: /usr/lib/x86_64-linux-gnu/libpcl_recognition.so  \n'}
[5.266118] (lslidar_driver) StdoutLine: {'line': b'-- looking for PCL_STEREO\n'}
[5.266593] (lslidar_driver) StdoutLine: {'line': b'-- Found PCL_STEREO: /usr/lib/x86_64-linux-gnu/libpcl_stereo.so  \n'}
[5.266660] (lslidar_driver) StdoutLine: {'line': b'-- looking for PCL_APPS\n'}
[5.267116] (lslidar_driver) StdoutLine: {'line': b'-- Found PCL_APPS: /usr/lib/x86_64-linux-gnu/libpcl_apps.so  \n'}
[5.267400] (lslidar_driver) StdoutLine: {'line': b'-- looking for PCL_IN_HAND_SCANNER\n'}
[5.267559] (lslidar_driver) StdoutLine: {'line': b'-- Found PCL_IN_HAND_SCANNER: /usr/include/pcl-1.12  \n'}
[5.267631] (lslidar_driver) StdoutLine: {'line': b'-- looking for PCL_MODELER\n'}
[5.267775] (lslidar_driver) StdoutLine: {'line': b'-- Found PCL_MODELER: /usr/include/pcl-1.12  \n'}
[5.267855] (lslidar_driver) StdoutLine: {'line': b'-- looking for PCL_POINT_CLOUD_EDITOR\n'}
[5.268080] (lslidar_driver) StdoutLine: {'line': b'-- Found PCL_POINT_CLOUD_EDITOR: /usr/include/pcl-1.12  \n'}
[5.268154] (lslidar_driver) StdoutLine: {'line': b'-- looking for PCL_OUTOFCORE\n'}
[5.268636] (lslidar_driver) StdoutLine: {'line': b'-- Found PCL_OUTOFCORE: /usr/lib/x86_64-linux-gnu/libpcl_outofcore.so  \n'}
[5.268725] (lslidar_driver) StdoutLine: {'line': b'-- looking for PCL_PEOPLE\n'}
[5.269207] (lslidar_driver) StdoutLine: {'line': b'-- Found PCL_PEOPLE: /usr/lib/x86_64-linux-gnu/libpcl_people.so  \n'}
[5.269648] (lslidar_driver) StdoutLine: {'line': b'-- Found PCL: pcl_common;pcl_kdtree;pcl_octree;pcl_search;pcl_sample_consensus;pcl_filters;pcl_io;pcl_features;pcl_ml;pcl_segmentation;pcl_visualization;pcl_surface;pcl_registration;pcl_keypoints;pcl_tracking;pcl_recognition;pcl_stereo;pcl_apps;pcl_outofcore;pcl_people;Boost::system;Boost::filesystem;Boost::date_time;Boost::iostreams;Boost::serialization;/usr/lib/libOpenNI.so;libusb::libusb;/usr/lib/x86_64-linux-gnu/libOpenNI2.so;libusb::libusb;VTK::ChartsCore;VTK::CommonColor;VTK::CommonComputationalGeometry;VTK::CommonCore;VTK::CommonDataModel;VTK::CommonExecutionModel;VTK::CommonMath;VTK::CommonMisc;VTK::CommonTransforms;VTK::FiltersCore;VTK::FiltersExtraction;VTK::FiltersGeneral;VTK::FiltersGeometry;VTK::FiltersModeling;VTK::FiltersSources;VTK::ImagingCore;VTK::ImagingSources;VTK::InteractionImage;VTK::InteractionStyle;VTK::InteractionWidgets;VTK::IOCore;VTK::IOGeometry;VTK::IOImage;VTK::IOLegacy;VTK::IOPLY;VTK::RenderingAnnotation;VTK::RenderingCore;VTK::RenderingContext2D;VTK::RenderingLOD;VTK::RenderingFreeType;VTK::ViewsCore;VTK::ViewsContext2D;VTK::RenderingOpenGL2;VTK::GUISupportQt;FLANN::FLANN;QHULL::QHULL  \n'}
[5.270941] (lslidar_driver) StdoutLine: {'line': b'-- Found diagnostic_updater: 4.0.0 (/opt/ros/humble/share/diagnostic_updater/cmake)\n'}
[5.284275] (lslidar_driver) StdoutLine: {'line': b'-- Found lslidar_msgs: 1.2.0 (/home/vic/billeagle_ws/lslidar_ws/install/lslidar_msgs/share/lslidar_msgs/cmake)\n'}
[5.292792] (lslidar_driver) StdoutLine: {'line': b'-- Found pluginlib: 5.1.0 (/opt/ros/humble/share/pluginlib/cmake)\n'}
[5.308491] (lslidar_driver) StdoutLine: {'line': b'-- Found pcl_conversions: 2.4.5 (/opt/ros/humble/share/pcl_conversions/cmake)\n'}
[5.310943] (-) TimerEvent: {}
[5.389074] (lslidar_driver) StdoutLine: {'line': b'-- Configuring done\n'}
[5.411160] (-) TimerEvent: {}
[5.452276] (lslidar_driver) StdoutLine: {'line': b'-- Generating done\n'}
[5.458486] (lslidar_driver) StdoutLine: {'line': b'-- Build files have been written to: /home/vic/billeagle_ws/lslidar_ws/build/lslidar_driver\n'}
[5.469747] (lslidar_driver) CommandEnded: {'returncode': 0}
[5.470710] (lslidar_driver) JobProgress: {'identifier': 'lslidar_driver', 'progress': 'build'}
[5.470726] (lslidar_driver) Command: {'cmd': ['/usr/bin/cmake', '--build', '/home/vic/billeagle_ws/lslidar_ws/build/lslidar_driver', '--', '-j16', '-l16'], 'cwd': '/home/vic/billeagle_ws/lslidar_ws/build/lslidar_driver', 'env': OrderedDict([('LESSOPEN', '| /usr/bin/lesspipe %s'), ('USER', 'vic'), ('LC_TIME', 'pt_BR.UTF-8'), ('XDG_SESSION_TYPE', 'x11'), ('SHLVL', '1'), ('LD_LIBRARY_PATH', '/home/vic/billeagle_ws/lslidar_ws/install/lslidar_msgs/lib:/home/vic/microros_ws/install/micro_ros_agent/lib:/home/vic/microros_ws/install/micro_ros_msgs/lib:/opt/ros/humble/opt/rviz_ogre_vendor/lib:/opt/ros/humble/lib/x86_64-linux-gnu:/opt/ros/humble/lib'), ('HOME', '/home/vic'), ('OLDPWD', '/home/vic/billeagle_ws/bill_ws'), ('DESKTOP_SESSION', 'ubuntu'), ('ROS_PYTHON_VERSION', '3'), ('GNOME_SHELL_SESSION_MODE', 'ubuntu'), ('GTK_MODULES', 'gail:atk-bridge'), ('LC_MONETARY', 'pt_BR.UTF-8'), ('MANAGERPID', '6928'), ('LC_CTYPE', 'pt_BR.UTF-8'), ('SYSTEMD_EXEC_PID', '7671'), ('DBUS_SESSION_BUS_ADDRESS', 'unix:path=/run/user/1001/bus'), ('COLORTERM', 'truecolor'), ('TERMINATOR_DBUS_NAME', 'net.tenshu.Terminator23558193cd9818af7fe4d2c2f5bd9d00f'), ('GIO_LAUNCHED_DESKTOP_FILE_PID', '9913'), ('COLCON_PREFIX_PATH', '/home/vic/microros_ws/install:/home/vic/billeagle_ws/microros_ws/install'), ('ROS_DISTRO', 'humble'), ('GTK_IM_MODULE', 'ibus'), ('LOGNAME', 'vic'), ('JOURNAL_STREAM', '8:61620'), ('_', '/usr/bin/colcon'), ('ROS_VERSION', '2'), ('XDG_SESSION_CLASS', 'user'), ('USERNAME', 'vic'), ('TERM', 'xterm-256color'), ('GNOME_DESKTOP_SESSION_ID', 'this-is-deprecated'), ('ROS_LOCALHOST_ONLY', '0'), ('WINDOWPATH', '2'), ('PATH', '/opt/ros/humble/bin:/usr/local/sbin:/usr/local/bin:/usr/sbin:/usr/bin:/sbin:/bin:/usr/games:/usr/local/games:/snap/bin:/snap/bin'), ('SESSION_MANAGER', 'local/bill8-Dell-G15-5520:@/tmp/.ICE-unix/7410,unix/bill8-Dell-G15-5520:/tmp/.ICE-unix/7410'), ('INVOCATION_ID', 'e585e915e9894f31ac600c2d3117b655'), ('XDG_MENU_PREFIX', 'gnome-'), ('LC_ADDRESS', 'pt_BR.UTF-8'), ('XDG_RUNTIME_DIR', '/run/user/1001'), ('DISPLAY', ':1'), ('TERMINATOR_DBUS_PATH', '/net/tenshu/Terminator2'), ('LANG', 'en_US.UTF-8'), ('XDG_CURRENT_DESKTOP', 'ubuntu:GNOME'), ('IBUS_DISABLE_SNOOPER', '1'), ('LC_TELEPHONE', 'pt_BR.UTF-8'), ('XMODIFIERS', '@im=ibus'), ('XDG_SESSION_DESKTOP', 'ubuntu'), ('XAUTHORITY', '/run/user/1001/gdm/Xauthority'), ('LS_COLORS', 'rs=0:di=01;34:ln=01;36:mh=00:pi=40;33:so=01;35:do=01;35:bd=40;33;01:cd=40;33;01:or=40;31;01:mi=00:su=37;41:sg=30;43:ca=30;41:tw=30;42:ow=34;42:st=37;44:ex=01;32:*.tar=01;31:*.tgz=01;31:*.arc=01;31:*.arj=01;31:*.taz=01;31:*.lha=01;31:*.lz4=01;31:*.lzh=01;31:*.lzma=01;31:*.tlz=01;31:*.txz=01;31:*.tzo=01;31:*.t7z=01;31:*.zip=01;31:*.z=01;31:*.dz=01;31:*.gz=01;31:*.lrz=01;31:*.lz=01;31:*.lzo=01;31:*.xz=01;31:*.zst=01;31:*.tzst=01;31:*.bz2=01;31:*.bz=01;31:*.tbz=01;31:*.tbz2=01;31:*.tz=01;31:*.deb=01;31:*.rpm=01;31:*.jar=01;31:*.war=01;31:*.ear=01;31:*.sar=01;31:*.rar=01;31:*.alz=01;31:*.ace=01;31:*.zoo=01;31:*.cpio=01;31:*.7z=01;31:*.rz=01;31:*.cab=01;31:*.wim=01;31:*.swm=01;31:*.dwm=01;31:*.esd=01;31:*.jpg=01;35:*.jpeg=01;35:*.mjpg=01;35:*.mjpeg=01;35:*.gif=01;35:*.bmp=01;35:*.pbm=01;35:*.pgm=01;35:*.ppm=01;35:*.tga=01;35:*.xbm=01;35:*.xpm=01;35:*.tif=01;35:*.tiff=01;35:*.png=01;35:*.svg=01;35:*.svgz=01;35:*.mng=01;35:*.pcx=01;35:*.mov=01;35:*.mpg=01;35:*.mpeg=01;35:*.m2v=01;35:*.mkv=01;35:*.webm=01;35:*.webp=01;35:*.ogm=01;35:*.mp4=01;35:*.m4v=01;35:*.mp4v=01;35:*.vob=01;35:*.qt=01;35:*.nuv=01;35:*.wmv=01;35:*.asf=01;35:*.rm=01;35:*.rmvb=01;35:*.flc=01;35:*.avi=01;35:*.fli=01;35:*.flv=01;35:*.gl=01;35:*.dl=01;35:*.xcf=01;35:*.xwd=01;35:*.yuv=01;35:*.cgm=01;35:*.emf=01;35:*.ogv=01;35:*.ogx=01;35:*.aac=00;36:*.au=00;36:*.flac=00;36:*.m4a=00;36:*.mid=00;36:*.midi=00;36:*.mka=00;36:*.mp3=00;36:*.mpc=00;36:*.ogg=00;36:*.ra=00;36:*.wav=00;36:*.oga=00;36:*.opus=00;36:*.spx=00;36:*.xspf=00;36:'), ('SSH_AGENT_LAUNCHER', 'gnome-keyring'), ('SSH_AUTH_SOCK', '/run/user/1001/keyring/ssh'), ('AMENT_PREFIX_PATH', '/home/vic/billeagle_ws/lslidar_ws/install/lslidar_msgs:/home/vic/microros_ws/install/micro_ros_agent:/home/vic/microros_ws/install/micro_ros_msgs:/home/vic/microros_ws/install/micro_ros_setup:/home/vic/billeagle_ws/microros_ws/install/micro_ros_setup:/opt/ros/humble'), ('SHELL', '/bin/bash'), ('LC_NAME', 'pt_BR.UTF-8'), ('TERMINATOR_UUID', 'urn:uuid:b50d16d0-6e64-4bc3-bca6-91720745bbef'), ('QT_ACCESSIBILITY', '1'), ('GDMSESSION', 'ubuntu'), ('LESSCLOSE', '/usr/bin/lesspipe %s %s'), ('LC_MEASUREMENT', 'pt_BR.UTF-8'), ('GPG_AGENT_INFO', '/run/user/1001/gnupg/S.gpg-agent:0:1'), ('LC_IDENTIFICATION', 'pt_BR.UTF-8'), ('QT_IM_MODULE', 'ibus'), ('PWD', '/home/vic/billeagle_ws/lslidar_ws/build/lslidar_driver'), ('LC_ALL', 'en_US.UTF-8'), ('XDG_CONFIG_DIRS', '/etc/xdg/xdg-ubuntu:/etc/xdg'), ('XDG_DATA_DIRS', '/usr/share/ubuntu:/usr/share/gnome:/usr/local/share/:/usr/share/:/var/lib/snapd/desktop'), ('PYTHONPATH', '/home/vic/billeagle_ws/lslidar_ws/install/lslidar_msgs/local/lib/python3.10/dist-packages:/home/vic/microros_ws/install/micro_ros_msgs/local/lib/python3.10/dist-packages:/opt/ros/humble/lib/python3.10/site-packages:/opt/ros/humble/local/lib/python3.10/dist-packages'), ('LC_NUMERIC', 'pt_BR.UTF-8'), ('LC_PAPER', 'pt_BR.UTF-8'), ('COLCON', '1'), ('VTE_VERSION', '6800'), ('CMAKE_PREFIX_PATH', '/home/vic/billeagle_ws/lslidar_ws/install/lslidar_msgs:/home/vic/microros_ws/install/micro_ros_agent:/home/vic/microros_ws/install/micro_ros_msgs:/home/vic/microros_ws/install/micro_ros_setup:/home/vic/billeagle_ws/microros_ws/install/micro_ros_setup:/opt/ros/humble')]), 'shell': False}
[5.511359] (-) TimerEvent: {}
[5.514750] (lslidar_driver) StdoutLine: {'line': b'[ 40%] \x1b[32mBuilding CXX object CMakeFiles/lslidar_driver_node.dir/src/lslidar_driver.cc.o\x1b[0m\n'}
[5.514868] (lslidar_driver) StdoutLine: {'line': b'[ 40%] \x1b[32mBuilding CXX object CMakeFiles/lslidar_driver_node.dir/src/lslidar_driver_node.cc.o\x1b[0m\n'}
[5.514903] (lslidar_driver) StdoutLine: {'line': b'[ 80%] \x1b[32mBuilding CXX object CMakeFiles/lslidar_driver_node.dir/src/lsiosr.cpp.o\x1b[0m\n'}
[5.514931] (lslidar_driver) StdoutLine: {'line': b'[ 80%] \x1b[32mBuilding CXX object CMakeFiles/lslidar_driver_node.dir/src/input.cc.o\x1b[0m\n'}
[5.531512] (lslidar_driver) StderrLine: {'line': b'In file included from \x1b[01m\x1b[K/home/vic/billeagle_ws/lslidar_ws/src/LSLIDAR_M10_N10_V2.5.2_230110_ROS2/lslidar_driver/src/input.cc:1\x1b[m\x1b[K:\n'}
[5.531635] (lslidar_driver) StderrLine: {'line': b'\x1b[01m\x1b[K/home/vic/billeagle_ws/lslidar_ws/src/LSLIDAR_M10_N10_V2.5.2_230110_ROS2/lslidar_driver/include/lslidar_driver/input.h:32:10:\x1b[m\x1b[K \x1b[01;31m\x1b[Kfatal error: \x1b[m\x1b[Kpcap.h: No such file or directory\n'}
[5.531670] (lslidar_driver) StderrLine: {'line': b'   32 | #include \x1b[01;31m\x1b[K<pcap.h>\x1b[m\x1b[K\n'}
[5.531697] (lslidar_driver) StderrLine: {'line': b'      |          \x1b[01;31m\x1b[K^~~~~~~~\x1b[m\x1b[K\n'}
[5.531721] (lslidar_driver) StderrLine: {'line': b'compilation terminated.\n'}
[5.532066] (lslidar_driver) StderrLine: {'line': b'gmake[2]: *** [CMakeFiles/lslidar_driver_node.dir/build.make:104: CMakeFiles/lslidar_driver_node.dir/src/input.cc.o] Error 1\n'}
[5.532133] (lslidar_driver) StderrLine: {'line': b'gmake[2]: *** Waiting for unfinished jobs....\n'}
[5.611559] (-) TimerEvent: {}
[5.711909] (-) TimerEvent: {}
[5.812244] (-) TimerEvent: {}
[5.912602] (-) TimerEvent: {}
[6.012952] (-) TimerEvent: {}
[6.113304] (-) TimerEvent: {}
[6.213666] (-) TimerEvent: {}
[6.314034] (-) TimerEvent: {}
[6.414368] (-) TimerEvent: {}
[6.514720] (-) TimerEvent: {}
[6.615071] (-) TimerEvent: {}
[6.715334] (-) TimerEvent: {}
[6.815602] (-) TimerEvent: {}
[6.848623] (lslidar_driver) StderrLine: {'line': b'In file included from \x1b[01m\x1b[K/home/vic/billeagle_ws/lslidar_ws/src/LSLIDAR_M10_N10_V2.5.2_230110_ROS2/lslidar_driver/include/lslidar_driver/lslidar_driver.h:41\x1b[m\x1b[K,\n'}
[6.848790] (lslidar_driver) StderrLine: {'line': b'                 from \x1b[01m\x1b[K/home/vic/billeagle_ws/lslidar_ws/src/LSLIDAR_M10_N10_V2.5.2_230110_ROS2/lslidar_driver/src/lslidar_driver.cc:31\x1b[m\x1b[K:\n'}
[6.848827] (lslidar_driver) StderrLine: {'line': b'\x1b[01m\x1b[K/home/vic/billeagle_ws/lslidar_ws/src/LSLIDAR_M10_N10_V2.5.2_230110_ROS2/lslidar_driver/include/lslidar_driver/input.h:32:10:\x1b[m\x1b[K \x1b[01;31m\x1b[Kfatal error: \x1b[m\x1b[Kpcap.h: No such file or directory\n'}
[6.848855] (lslidar_driver) StderrLine: {'line': b'   32 | #include \x1b[01;31m\x1b[K<pcap.h>\x1b[m\x1b[K\n'}
[6.848883] (lslidar_driver) StderrLine: {'line': b'      |          \x1b[01;31m\x1b[K^~~~~~~~\x1b[m\x1b[K\n'}
[6.848907] (lslidar_driver) StderrLine: {'line': b'compilation terminated.\n'}
[6.849127] (lslidar_driver) StderrLine: {'line': b'In file included from \x1b[01m\x1b[K/home/vic/billeagle_ws/lslidar_ws/src/LSLIDAR_M10_N10_V2.5.2_230110_ROS2/lslidar_driver/include/lslidar_driver/lslidar_driver.h:41\x1b[m\x1b[K,\n'}
[6.849225] (lslidar_driver) StderrLine: {'line': b'                 from \x1b[01m\x1b[K/home/vic/billeagle_ws/lslidar_ws/src/LSLIDAR_M10_N10_V2.5.2_230110_ROS2/lslidar_driver/src/lslidar_driver_node.cc:19\x1b[m\x1b[K:\n'}
[6.849258] (lslidar_driver) StderrLine: {'line': b'\x1b[01m\x1b[K/home/vic/billeagle_ws/lslidar_ws/src/LSLIDAR_M10_N10_V2.5.2_230110_ROS2/lslidar_driver/include/lslidar_driver/input.h:32:10:\x1b[m\x1b[K \x1b[01;31m\x1b[Kfatal error: \x1b[m\x1b[Kpcap.h: No such file or directory\n'}
[6.849285] (lslidar_driver) StderrLine: {'line': b'   32 | #include \x1b[01;31m\x1b[K<pcap.h>\x1b[m\x1b[K\n'}
[6.849310] (lslidar_driver) StderrLine: {'line': b'      |          \x1b[01;31m\x1b[K^~~~~~~~\x1b[m\x1b[K\n'}
[6.849334] (lslidar_driver) StderrLine: {'line': b'compilation terminated.\n'}
[6.863403] (lslidar_driver) StderrLine: {'line': b'gmake[2]: *** [CMakeFiles/lslidar_driver_node.dir/build.make:90: CMakeFiles/lslidar_driver_node.dir/src/lslidar_driver.cc.o] Error 1\n'}
[6.863526] (lslidar_driver) StderrLine: {'line': b'gmake[2]: *** [CMakeFiles/lslidar_driver_node.dir/build.make:76: CMakeFiles/lslidar_driver_node.dir/src/lslidar_driver_node.cc.o] Error 1\n'}
[6.863560] (lslidar_driver) StderrLine: {'line': b'gmake[1]: *** [CMakeFiles/Makefile2:137: CMakeFiles/lslidar_driver_node.dir/all] Error 2\n'}
[6.863760] (lslidar_driver) StderrLine: {'line': b'gmake: *** [Makefile:146: all] Error 2\n'}
[6.865461] (lslidar_driver) CommandEnded: {'returncode': 2}
[6.868021] (lslidar_driver) JobEnded: {'identifier': 'lslidar_driver', 'rc': 2}
[6.878256] (-) EventReactorShutdown: {}
