[0.000000] (-) TimerEvent: {}
[0.000335] (micro_ros_msgs) JobQueued: {'identifier': 'micro_ros_msgs', 'dependencies': OrderedDict()}
[0.000388] (micro_ros_setup) JobQueued: {'identifier': 'micro_ros_setup', 'dependencies': OrderedDict()}
[0.000422] (micro_ros_agent) JobQueued: {'identifier': 'micro_ros_agent', 'dependencies': OrderedDict([('micro_ros_msgs', '/home/vfran/billeagle_ws/microros_ws/install/micro_ros_msgs')])}
[0.000461] (micro_ros_msgs) JobStarted: {'identifier': 'micro_ros_msgs'}
[0.008448] (micro_ros_setup) JobStarted: {'identifier': 'micro_ros_setup'}
[0.015501] (micro_ros_msgs) JobProgress: {'identifier': 'micro_ros_msgs', 'progress': 'cmake'}
[0.016340] (micro_ros_msgs) Command: {'cmd': ['/usr/local/bin/cmake', '/home/vfran/billeagle_ws/microros_ws/src/uros/micro_ros_msgs', '-DCMAKE_INSTALL_PREFIX=/home/vfran/billeagle_ws/microros_ws/install/micro_ros_msgs'], 'cwd': '/home/vfran/billeagle_ws/microros_ws/build/micro_ros_msgs', 'env': OrderedDict([('LESSOPEN', '| /usr/bin/lesspipe %s'), ('LANGUAGE', 'pt_BR:ko:en'), ('USER', 'vfran'), ('LC_TIME', 'pt_BR.UTF-8'), ('XDG_SESSION_TYPE', 'x11'), ('SHLVL', '1'), ('LD_LIBRARY_PATH', '/usr/lib/x86_64-linux-gnu/gazebo-11/plugins:/opt/ros/humble/opt/rviz_ogre_vendor/lib:/opt/ros/humble/lib/x86_64-linux-gnu:/opt/ros/humble/lib'), ('HOME', '/home/vfran'), ('OLDPWD', '/home/vfran/billeagle_ws/bill_ws'), ('DESKTOP_SESSION', 'ubuntu'), ('ROS_PYTHON_VERSION', '3'), ('GNOME_SHELL_SESSION_MODE', 'ubuntu'), ('GTK_MODULES', 'gail:atk-bridge'), ('LC_MONETARY', 'pt_BR.UTF-8'), ('MANAGERPID', '1935'), ('SYSTEMD_EXEC_PID', '2555'), ('DBUS_SESSION_BUS_ADDRESS', 'unix:path=/run/user/1000/bus'), ('COLORTERM', 'truecolor'), ('TERMINATOR_DBUS_NAME', 'net.tenshu.Terminator23558193cd9818af7fe4d2c2f5bd9d00f'), ('GIO_LAUNCHED_DESKTOP_FILE_PID', '3241'), ('ROS_DISTRO', 'humble'), ('LOGNAME', 'vfran'), ('JOURNAL_STREAM', '8:16935'), ('_', '/usr/bin/colcon'), ('ROS_VERSION', '2'), ('XDG_SESSION_CLASS', 'user'), ('USERNAME', 'vfran'), ('TERM', 'xterm-256color'), ('GNOME_DESKTOP_SESSION_ID', 'this-is-deprecated'), ('ROS_LOCALHOST_ONLY', '0'), ('WINDOWPATH', '2'), ('PATH', '/opt/ros/humble/bin:/home/vfran/.local/bin:/usr/local/sbin:/usr/local/bin:/usr/sbin:/usr/bin:/sbin:/bin:/usr/games:/usr/local/games:/snap/bin:/snap/bin:/home/vfran/.dotnet/tools'), ('SESSION_MANAGER', 'local/vfran-ideapad-3:@/tmp/.ICE-unix/2203,unix/vfran-ideapad-3:/tmp/.ICE-unix/2203'), ('INVOCATION_ID', '7d6d9773d6fb4dcca3c488061a12552f'), ('PAPERSIZE', 'a4'), ('XDG_MENU_PREFIX', 'gnome-'), ('LC_ADDRESS', 'pt_BR.UTF-8'), ('XDG_RUNTIME_DIR', '/run/user/1000'), ('DISPLAY', ':1'), ('TERMINATOR_DBUS_PATH', '/net/tenshu/Terminator2'), ('LANG', 'pt_BR.UTF-8'), ('XDG_CURRENT_DESKTOP', 'ubuntu:GNOME'), ('DOTNET_BUNDLE_EXTRACT_BASE_DIR', '/home/vfran/.cache/dotnet_bundle_extract'), ('IBUS_DISABLE_SNOOPER', '1'), ('LC_TELEPHONE', 'pt_BR.UTF-8'), ('XMODIFIERS', '@im=ibus'), ('XDG_SESSION_DESKTOP', 'ubuntu'), ('XAUTHORITY', '/run/user/1000/gdm/Xauthority'), ('LS_COLORS', 'rs=0:di=01;34:ln=01;36:mh=00:pi=40;33:so=01;35:do=01;35:bd=40;33;01:cd=40;33;01:or=40;31;01:mi=00:su=37;41:sg=30;43:ca=30;41:tw=30;42:ow=34;42:st=37;44:ex=01;32:*.tar=01;31:*.tgz=01;31:*.arc=01;31:*.arj=01;31:*.taz=01;31:*.lha=01;31:*.lz4=01;31:*.lzh=01;31:*.lzma=01;31:*.tlz=01;31:*.txz=01;31:*.tzo=01;31:*.t7z=01;31:*.zip=01;31:*.z=01;31:*.dz=01;31:*.gz=01;31:*.lrz=01;31:*.lz=01;31:*.lzo=01;31:*.xz=01;31:*.zst=01;31:*.tzst=01;31:*.bz2=01;31:*.bz=01;31:*.tbz=01;31:*.tbz2=01;31:*.tz=01;31:*.deb=01;31:*.rpm=01;31:*.jar=01;31:*.war=01;31:*.ear=01;31:*.sar=01;31:*.rar=01;31:*.alz=01;31:*.ace=01;31:*.zoo=01;31:*.cpio=01;31:*.7z=01;31:*.rz=01;31:*.cab=01;31:*.wim=01;31:*.swm=01;31:*.dwm=01;31:*.esd=01;31:*.jpg=01;35:*.jpeg=01;35:*.mjpg=01;35:*.mjpeg=01;35:*.gif=01;35:*.bmp=01;35:*.pbm=01;35:*.pgm=01;35:*.ppm=01;35:*.tga=01;35:*.xbm=01;35:*.xpm=01;35:*.tif=01;35:*.tiff=01;35:*.png=01;35:*.svg=01;35:*.svgz=01;35:*.mng=01;35:*.pcx=01;35:*.mov=01;35:*.mpg=01;35:*.mpeg=01;35:*.m2v=01;35:*.mkv=01;35:*.webm=01;35:*.webp=01;35:*.ogm=01;35:*.mp4=01;35:*.m4v=01;35:*.mp4v=01;35:*.vob=01;35:*.qt=01;35:*.nuv=01;35:*.wmv=01;35:*.asf=01;35:*.rm=01;35:*.rmvb=01;35:*.flc=01;35:*.avi=01;35:*.fli=01;35:*.flv=01;35:*.gl=01;35:*.dl=01;35:*.xcf=01;35:*.xwd=01;35:*.yuv=01;35:*.cgm=01;35:*.emf=01;35:*.ogv=01;35:*.ogx=01;35:*.aac=00;36:*.au=00;36:*.flac=00;36:*.m4a=00;36:*.mid=00;36:*.midi=00;36:*.mka=00;36:*.mp3=00;36:*.mpc=00;36:*.ogg=00;36:*.ra=00;36:*.wav=00;36:*.oga=00;36:*.opus=00;36:*.spx=00;36:*.xspf=00;36:'), ('SSH_AGENT_LAUNCHER', 'gnome-keyring'), ('SSH_AUTH_SOCK', '/run/user/1000/keyring/ssh'), ('AMENT_PREFIX_PATH', '/opt/ros/humble'), ('SHELL', '/bin/bash'), ('LC_NAME', 'pt_BR.UTF-8'), ('TERMINATOR_UUID', 'urn:uuid:3290220c-5a3b-4ced-af1d-12b5ff00b1b2'), ('QT_ACCESSIBILITY', '1'), ('GDMSESSION', 'ubuntu'), ('LESSCLOSE', '/usr/bin/lesspipe %s %s'), ('LC_MEASUREMENT', 'pt_BR.UTF-8'), ('GPG_AGENT_INFO', '/run/user/1000/gnupg/S.gpg-agent:0:1'), ('LC_IDENTIFICATION', 'pt_BR.UTF-8'), ('QT_IM_MODULE', 'ibus'), ('PWD', '/home/vfran/billeagle_ws/microros_ws/build/micro_ros_msgs'), ('LC_ALL', 'en_US.UTF-8'), ('XDG_CONFIG_DIRS', '/etc/xdg/xdg-ubuntu:/etc/xdg'), ('XDG_DATA_DIRS', '/usr/share/ubuntu:/usr/share/gnome:/home/vfran/.local/share/flatpak/exports/share:/var/lib/flatpak/exports/share:/usr/local/share/:/usr/share/:/var/lib/snapd/desktop'), ('PYTHONPATH', '/opt/ros/humble/lib/python3.10/site-packages:/opt/ros/humble/local/lib/python3.10/dist-packages'), ('LC_NUMERIC', 'pt_BR.UTF-8'), ('LC_PAPER', 'pt_BR.UTF-8'), ('COLCON', '1'), ('VTE_VERSION', '6800'), ('CMAKE_PREFIX_PATH', '/opt/ros/humble')]), 'shell': False}
[0.023767] (micro_ros_setup) JobProgress: {'identifier': 'micro_ros_setup', 'progress': 'cmake'}
[0.025879] (micro_ros_setup) Command: {'cmd': ['/usr/local/bin/cmake', '/home/vfran/billeagle_ws/microros_ws/src/micro_ros_setup', '-DCMAKE_INSTALL_PREFIX=/home/vfran/billeagle_ws/microros_ws/install/micro_ros_setup'], 'cwd': '/home/vfran/billeagle_ws/microros_ws/build/micro_ros_setup', 'env': OrderedDict([('LESSOPEN', '| /usr/bin/lesspipe %s'), ('LANGUAGE', 'pt_BR:ko:en'), ('USER', 'vfran'), ('LC_TIME', 'pt_BR.UTF-8'), ('XDG_SESSION_TYPE', 'x11'), ('SHLVL', '1'), ('LD_LIBRARY_PATH', '/usr/lib/x86_64-linux-gnu/gazebo-11/plugins:/opt/ros/humble/opt/rviz_ogre_vendor/lib:/opt/ros/humble/lib/x86_64-linux-gnu:/opt/ros/humble/lib'), ('HOME', '/home/vfran'), ('OLDPWD', '/home/vfran/billeagle_ws/bill_ws'), ('DESKTOP_SESSION', 'ubuntu'), ('ROS_PYTHON_VERSION', '3'), ('GNOME_SHELL_SESSION_MODE', 'ubuntu'), ('GTK_MODULES', 'gail:atk-bridge'), ('LC_MONETARY', 'pt_BR.UTF-8'), ('MANAGERPID', '1935'), ('SYSTEMD_EXEC_PID', '2555'), ('DBUS_SESSION_BUS_ADDRESS', 'unix:path=/run/user/1000/bus'), ('COLORTERM', 'truecolor'), ('TERMINATOR_DBUS_NAME', 'net.tenshu.Terminator23558193cd9818af7fe4d2c2f5bd9d00f'), ('GIO_LAUNCHED_DESKTOP_FILE_PID', '3241'), ('ROS_DISTRO', 'humble'), ('LOGNAME', 'vfran'), ('JOURNAL_STREAM', '8:16935'), ('_', '/usr/bin/colcon'), ('ROS_VERSION', '2'), ('XDG_SESSION_CLASS', 'user'), ('USERNAME', 'vfran'), ('TERM', 'xterm-256color'), ('GNOME_DESKTOP_SESSION_ID', 'this-is-deprecated'), ('ROS_LOCALHOST_ONLY', '0'), ('WINDOWPATH', '2'), ('PATH', '/opt/ros/humble/bin:/home/vfran/.local/bin:/usr/local/sbin:/usr/local/bin:/usr/sbin:/usr/bin:/sbin:/bin:/usr/games:/usr/local/games:/snap/bin:/snap/bin:/home/vfran/.dotnet/tools'), ('SESSION_MANAGER', 'local/vfran-ideapad-3:@/tmp/.ICE-unix/2203,unix/vfran-ideapad-3:/tmp/.ICE-unix/2203'), ('INVOCATION_ID', '7d6d9773d6fb4dcca3c488061a12552f'), ('PAPERSIZE', 'a4'), ('XDG_MENU_PREFIX', 'gnome-'), ('LC_ADDRESS', 'pt_BR.UTF-8'), ('XDG_RUNTIME_DIR', '/run/user/1000'), ('DISPLAY', ':1'), ('TERMINATOR_DBUS_PATH', '/net/tenshu/Terminator2'), ('LANG', 'pt_BR.UTF-8'), ('XDG_CURRENT_DESKTOP', 'ubuntu:GNOME'), ('DOTNET_BUNDLE_EXTRACT_BASE_DIR', '/home/vfran/.cache/dotnet_bundle_extract'), ('IBUS_DISABLE_SNOOPER', '1'), ('LC_TELEPHONE', 'pt_BR.UTF-8'), ('XMODIFIERS', '@im=ibus'), ('XDG_SESSION_DESKTOP', 'ubuntu'), ('XAUTHORITY', '/run/user/1000/gdm/Xauthority'), ('LS_COLORS', 'rs=0:di=01;34:ln=01;36:mh=00:pi=40;33:so=01;35:do=01;35:bd=40;33;01:cd=40;33;01:or=40;31;01:mi=00:su=37;41:sg=30;43:ca=30;41:tw=30;42:ow=34;42:st=37;44:ex=01;32:*.tar=01;31:*.tgz=01;31:*.arc=01;31:*.arj=01;31:*.taz=01;31:*.lha=01;31:*.lz4=01;31:*.lzh=01;31:*.lzma=01;31:*.tlz=01;31:*.txz=01;31:*.tzo=01;31:*.t7z=01;31:*.zip=01;31:*.z=01;31:*.dz=01;31:*.gz=01;31:*.lrz=01;31:*.lz=01;31:*.lzo=01;31:*.xz=01;31:*.zst=01;31:*.tzst=01;31:*.bz2=01;31:*.bz=01;31:*.tbz=01;31:*.tbz2=01;31:*.tz=01;31:*.deb=01;31:*.rpm=01;31:*.jar=01;31:*.war=01;31:*.ear=01;31:*.sar=01;31:*.rar=01;31:*.alz=01;31:*.ace=01;31:*.zoo=01;31:*.cpio=01;31:*.7z=01;31:*.rz=01;31:*.cab=01;31:*.wim=01;31:*.swm=01;31:*.dwm=01;31:*.esd=01;31:*.jpg=01;35:*.jpeg=01;35:*.mjpg=01;35:*.mjpeg=01;35:*.gif=01;35:*.bmp=01;35:*.pbm=01;35:*.pgm=01;35:*.ppm=01;35:*.tga=01;35:*.xbm=01;35:*.xpm=01;35:*.tif=01;35:*.tiff=01;35:*.png=01;35:*.svg=01;35:*.svgz=01;35:*.mng=01;35:*.pcx=01;35:*.mov=01;35:*.mpg=01;35:*.mpeg=01;35:*.m2v=01;35:*.mkv=01;35:*.webm=01;35:*.webp=01;35:*.ogm=01;35:*.mp4=01;35:*.m4v=01;35:*.mp4v=01;35:*.vob=01;35:*.qt=01;35:*.nuv=01;35:*.wmv=01;35:*.asf=01;35:*.rm=01;35:*.rmvb=01;35:*.flc=01;35:*.avi=01;35:*.fli=01;35:*.flv=01;35:*.gl=01;35:*.dl=01;35:*.xcf=01;35:*.xwd=01;35:*.yuv=01;35:*.cgm=01;35:*.emf=01;35:*.ogv=01;35:*.ogx=01;35:*.aac=00;36:*.au=00;36:*.flac=00;36:*.m4a=00;36:*.mid=00;36:*.midi=00;36:*.mka=00;36:*.mp3=00;36:*.mpc=00;36:*.ogg=00;36:*.ra=00;36:*.wav=00;36:*.oga=00;36:*.opus=00;36:*.spx=00;36:*.xspf=00;36:'), ('SSH_AGENT_LAUNCHER', 'gnome-keyring'), ('SSH_AUTH_SOCK', '/run/user/1000/keyring/ssh'), ('AMENT_PREFIX_PATH', '/opt/ros/humble'), ('SHELL', '/bin/bash'), ('LC_NAME', 'pt_BR.UTF-8'), ('TERMINATOR_UUID', 'urn:uuid:3290220c-5a3b-4ced-af1d-12b5ff00b1b2'), ('QT_ACCESSIBILITY', '1'), ('GDMSESSION', 'ubuntu'), ('LESSCLOSE', '/usr/bin/lesspipe %s %s'), ('LC_MEASUREMENT', 'pt_BR.UTF-8'), ('GPG_AGENT_INFO', '/run/user/1000/gnupg/S.gpg-agent:0:1'), ('LC_IDENTIFICATION', 'pt_BR.UTF-8'), ('QT_IM_MODULE', 'ibus'), ('PWD', '/home/vfran/billeagle_ws/microros_ws/build/micro_ros_setup'), ('LC_ALL', 'en_US.UTF-8'), ('XDG_CONFIG_DIRS', '/etc/xdg/xdg-ubuntu:/etc/xdg'), ('XDG_DATA_DIRS', '/usr/share/ubuntu:/usr/share/gnome:/home/vfran/.local/share/flatpak/exports/share:/var/lib/flatpak/exports/share:/usr/local/share/:/usr/share/:/var/lib/snapd/desktop'), ('PYTHONPATH', '/opt/ros/humble/lib/python3.10/site-packages:/opt/ros/humble/local/lib/python3.10/dist-packages'), ('LC_NUMERIC', 'pt_BR.UTF-8'), ('LC_PAPER', 'pt_BR.UTF-8'), ('COLCON', '1'), ('VTE_VERSION', '6800'), ('CMAKE_PREFIX_PATH', '/opt/ros/humble')]), 'shell': False}
[0.096895] (micro_ros_msgs) StdoutLine: {'line': b'-- The C compiler identification is GNU 11.4.0\n'}
[0.098719] (-) TimerEvent: {}
[0.106882] (micro_ros_setup) StdoutLine: {'line': b'-- The C compiler identification is GNU 11.4.0\n'}
[0.181174] (micro_ros_msgs) StdoutLine: {'line': b'-- The CXX compiler identification is GNU 11.4.0\n'}
[0.189166] (micro_ros_setup) StdoutLine: {'line': b'-- The CXX compiler identification is GNU 11.4.0\n'}
[0.192662] (micro_ros_msgs) StdoutLine: {'line': b'-- Detecting C compiler ABI info\n'}
[0.198934] (-) TimerEvent: {}
[0.199471] (micro_ros_setup) StdoutLine: {'line': b'-- Detecting C compiler ABI info\n'}
[0.280482] (micro_ros_msgs) StdoutLine: {'line': b'-- Detecting C compiler ABI info - done\n'}
[0.283045] (micro_ros_setup) StdoutLine: {'line': b'-- Detecting C compiler ABI info - done\n'}
[0.290787] (micro_ros_msgs) StdoutLine: {'line': b'-- Check for working C compiler: /usr/bin/cc - skipped\n'}
[0.291291] (micro_ros_msgs) StdoutLine: {'line': b'-- Detecting C compile features\n'}
[0.291528] (micro_ros_msgs) StdoutLine: {'line': b'-- Detecting C compile features - done\n'}
[0.293253] (micro_ros_setup) StdoutLine: {'line': b'-- Check for working C compiler: /usr/bin/cc - skipped\n'}
[0.293544] (micro_ros_setup) StdoutLine: {'line': b'-- Detecting C compile features\n'}
[0.294050] (micro_ros_setup) StdoutLine: {'line': b'-- Detecting C compile features - done\n'}
[0.295581] (micro_ros_msgs) StdoutLine: {'line': b'-- Detecting CXX compiler ABI info\n'}
[0.298264] (micro_ros_setup) StdoutLine: {'line': b'-- Detecting CXX compiler ABI info\n'}
[0.299023] (-) TimerEvent: {}
[0.395478] (micro_ros_setup) StdoutLine: {'line': b'-- Detecting CXX compiler ABI info - done\n'}
[0.398999] (micro_ros_msgs) StdoutLine: {'line': b'-- Detecting CXX compiler ABI info - done\n'}
[0.399333] (-) TimerEvent: {}
[0.406192] (micro_ros_setup) StdoutLine: {'line': b'-- Check for working CXX compiler: /usr/bin/c++ - skipped\n'}
[0.406703] (micro_ros_setup) StdoutLine: {'line': b'-- Detecting CXX compile features\n'}
[0.407057] (micro_ros_setup) StdoutLine: {'line': b'-- Detecting CXX compile features - done\n'}
[0.409498] (micro_ros_msgs) StdoutLine: {'line': b'-- Check for working CXX compiler: /usr/bin/c++ - skipped\n'}
[0.409963] (micro_ros_msgs) StdoutLine: {'line': b'-- Detecting CXX compile features\n'}
[0.410376] (micro_ros_msgs) StdoutLine: {'line': b'-- Detecting CXX compile features - done\n'}
[0.411054] (micro_ros_setup) StdoutLine: {'line': b'-- Found ament_cmake: 1.3.11 (/opt/ros/humble/share/ament_cmake/cmake)\n'}
[0.414414] (micro_ros_msgs) StdoutLine: {'line': b'-- Found ament_cmake: 1.3.11 (/opt/ros/humble/share/ament_cmake/cmake)\n'}
[0.499576] (-) TimerEvent: {}
[0.565706] (micro_ros_setup) StdoutLine: {'line': b'-- Found Python3: /usr/bin/python3 (found version "3.10.12") found components: Interpreter \n'}
[0.570412] (micro_ros_msgs) StdoutLine: {'line': b'-- Found Python3: /usr/bin/python3 (found version "3.10.12") found components: Interpreter \n'}
[0.599790] (-) TimerEvent: {}
[0.689972] (micro_ros_setup) StdoutLine: {'line': b'-- Found ament_lint_auto: 0.12.11 (/opt/ros/humble/share/ament_lint_auto/cmake)\n'}
[0.698176] (micro_ros_msgs) StdoutLine: {'line': b'-- Found rosidl_default_generators: 1.2.0 (/opt/ros/humble/share/rosidl_default_generators/cmake)\n'}
[0.699955] (-) TimerEvent: {}
[0.704888] (micro_ros_msgs) StdoutLine: {'line': b'-- Using all available rosidl_typesupport_c: rosidl_typesupport_fastrtps_c;rosidl_typesupport_introspection_c\n'}
[0.717715] (micro_ros_msgs) StdoutLine: {'line': b'-- Found rosidl_adapter: 3.1.6 (/opt/ros/humble/share/rosidl_adapter/cmake)\n'}
[0.790842] (micro_ros_msgs) StdoutLine: {'line': b'-- Using all available rosidl_typesupport_cpp: rosidl_typesupport_fastrtps_cpp;rosidl_typesupport_introspection_cpp\n'}
[0.800531] (-) TimerEvent: {}
[0.805355] (micro_ros_setup) StdoutLine: {'line': b"-- Added test 'copyright' to check source files copyright and LICENSE\n"}
[0.841513] (micro_ros_setup) StdoutLine: {'line': b"-- Added test 'flake8' to check Python code syntax and style conventions\n"}
[0.846153] (micro_ros_setup) StdoutLine: {'line': b"-- Added test 'lint_cmake' to check CMake code style\n"}
[0.848770] (micro_ros_setup) StdoutLine: {'line': b"-- Added test 'pep257' to check Python code against some of the docstring style conventions in PEP 257\n"}
[0.849299] (micro_ros_msgs) StdoutLine: {'line': b'-- Found ament_lint_auto: 0.12.11 (/opt/ros/humble/share/ament_lint_auto/cmake)\n'}
[0.867580] (micro_ros_setup) StdoutLine: {'line': b"-- Added test 'xmllint' to check XML markup files\n"}
[0.869480] (micro_ros_setup) StdoutLine: {'line': b'-- Configuring done\n'}
[0.874204] (micro_ros_setup) StdoutLine: {'line': b'-- Generating done\n'}
[0.876747] (micro_ros_setup) StdoutLine: {'line': b'-- Build files have been written to: /home/vfran/billeagle_ws/microros_ws/build/micro_ros_setup\n'}
[0.882672] (micro_ros_setup) CommandEnded: {'returncode': 0}
[0.883903] (micro_ros_setup) JobProgress: {'identifier': 'micro_ros_setup', 'progress': 'build'}
[0.886416] (micro_ros_setup) Command: {'cmd': ['/usr/local/bin/cmake', '--build', '/home/vfran/billeagle_ws/microros_ws/build/micro_ros_setup', '--', '-j16', '-l16'], 'cwd': '/home/vfran/billeagle_ws/microros_ws/build/micro_ros_setup', 'env': OrderedDict([('LESSOPEN', '| /usr/bin/lesspipe %s'), ('LANGUAGE', 'pt_BR:ko:en'), ('USER', 'vfran'), ('LC_TIME', 'pt_BR.UTF-8'), ('XDG_SESSION_TYPE', 'x11'), ('SHLVL', '1'), ('LD_LIBRARY_PATH', '/usr/lib/x86_64-linux-gnu/gazebo-11/plugins:/opt/ros/humble/opt/rviz_ogre_vendor/lib:/opt/ros/humble/lib/x86_64-linux-gnu:/opt/ros/humble/lib'), ('HOME', '/home/vfran'), ('OLDPWD', '/home/vfran/billeagle_ws/bill_ws'), ('DESKTOP_SESSION', 'ubuntu'), ('ROS_PYTHON_VERSION', '3'), ('GNOME_SHELL_SESSION_MODE', 'ubuntu'), ('GTK_MODULES', 'gail:atk-bridge'), ('LC_MONETARY', 'pt_BR.UTF-8'), ('MANAGERPID', '1935'), ('SYSTEMD_EXEC_PID', '2555'), ('DBUS_SESSION_BUS_ADDRESS', 'unix:path=/run/user/1000/bus'), ('COLORTERM', 'truecolor'), ('TERMINATOR_DBUS_NAME', 'net.tenshu.Terminator23558193cd9818af7fe4d2c2f5bd9d00f'), ('GIO_LAUNCHED_DESKTOP_FILE_PID', '3241'), ('ROS_DISTRO', 'humble'), ('LOGNAME', 'vfran'), ('JOURNAL_STREAM', '8:16935'), ('_', '/usr/bin/colcon'), ('ROS_VERSION', '2'), ('XDG_SESSION_CLASS', 'user'), ('USERNAME', 'vfran'), ('TERM', 'xterm-256color'), ('GNOME_DESKTOP_SESSION_ID', 'this-is-deprecated'), ('ROS_LOCALHOST_ONLY', '0'), ('WINDOWPATH', '2'), ('PATH', '/opt/ros/humble/bin:/home/vfran/.local/bin:/usr/local/sbin:/usr/local/bin:/usr/sbin:/usr/bin:/sbin:/bin:/usr/games:/usr/local/games:/snap/bin:/snap/bin:/home/vfran/.dotnet/tools'), ('SESSION_MANAGER', 'local/vfran-ideapad-3:@/tmp/.ICE-unix/2203,unix/vfran-ideapad-3:/tmp/.ICE-unix/2203'), ('INVOCATION_ID', '7d6d9773d6fb4dcca3c488061a12552f'), ('PAPERSIZE', 'a4'), ('XDG_MENU_PREFIX', 'gnome-'), ('LC_ADDRESS', 'pt_BR.UTF-8'), ('XDG_RUNTIME_DIR', '/run/user/1000'), ('DISPLAY', ':1'), ('TERMINATOR_DBUS_PATH', '/net/tenshu/Terminator2'), ('LANG', 'pt_BR.UTF-8'), ('XDG_CURRENT_DESKTOP', 'ubuntu:GNOME'), ('DOTNET_BUNDLE_EXTRACT_BASE_DIR', '/home/vfran/.cache/dotnet_bundle_extract'), ('IBUS_DISABLE_SNOOPER', '1'), ('LC_TELEPHONE', 'pt_BR.UTF-8'), ('XMODIFIERS', '@im=ibus'), ('XDG_SESSION_DESKTOP', 'ubuntu'), ('XAUTHORITY', '/run/user/1000/gdm/Xauthority'), ('LS_COLORS', 'rs=0:di=01;34:ln=01;36:mh=00:pi=40;33:so=01;35:do=01;35:bd=40;33;01:cd=40;33;01:or=40;31;01:mi=00:su=37;41:sg=30;43:ca=30;41:tw=30;42:ow=34;42:st=37;44:ex=01;32:*.tar=01;31:*.tgz=01;31:*.arc=01;31:*.arj=01;31:*.taz=01;31:*.lha=01;31:*.lz4=01;31:*.lzh=01;31:*.lzma=01;31:*.tlz=01;31:*.txz=01;31:*.tzo=01;31:*.t7z=01;31:*.zip=01;31:*.z=01;31:*.dz=01;31:*.gz=01;31:*.lrz=01;31:*.lz=01;31:*.lzo=01;31:*.xz=01;31:*.zst=01;31:*.tzst=01;31:*.bz2=01;31:*.bz=01;31:*.tbz=01;31:*.tbz2=01;31:*.tz=01;31:*.deb=01;31:*.rpm=01;31:*.jar=01;31:*.war=01;31:*.ear=01;31:*.sar=01;31:*.rar=01;31:*.alz=01;31:*.ace=01;31:*.zoo=01;31:*.cpio=01;31:*.7z=01;31:*.rz=01;31:*.cab=01;31:*.wim=01;31:*.swm=01;31:*.dwm=01;31:*.esd=01;31:*.jpg=01;35:*.jpeg=01;35:*.mjpg=01;35:*.mjpeg=01;35:*.gif=01;35:*.bmp=01;35:*.pbm=01;35:*.pgm=01;35:*.ppm=01;35:*.tga=01;35:*.xbm=01;35:*.xpm=01;35:*.tif=01;35:*.tiff=01;35:*.png=01;35:*.svg=01;35:*.svgz=01;35:*.mng=01;35:*.pcx=01;35:*.mov=01;35:*.mpg=01;35:*.mpeg=01;35:*.m2v=01;35:*.mkv=01;35:*.webm=01;35:*.webp=01;35:*.ogm=01;35:*.mp4=01;35:*.m4v=01;35:*.mp4v=01;35:*.vob=01;35:*.qt=01;35:*.nuv=01;35:*.wmv=01;35:*.asf=01;35:*.rm=01;35:*.rmvb=01;35:*.flc=01;35:*.avi=01;35:*.fli=01;35:*.flv=01;35:*.gl=01;35:*.dl=01;35:*.xcf=01;35:*.xwd=01;35:*.yuv=01;35:*.cgm=01;35:*.emf=01;35:*.ogv=01;35:*.ogx=01;35:*.aac=00;36:*.au=00;36:*.flac=00;36:*.m4a=00;36:*.mid=00;36:*.midi=00;36:*.mka=00;36:*.mp3=00;36:*.mpc=00;36:*.ogg=00;36:*.ra=00;36:*.wav=00;36:*.oga=00;36:*.opus=00;36:*.spx=00;36:*.xspf=00;36:'), ('SSH_AGENT_LAUNCHER', 'gnome-keyring'), ('SSH_AUTH_SOCK', '/run/user/1000/keyring/ssh'), ('AMENT_PREFIX_PATH', '/opt/ros/humble'), ('SHELL', '/bin/bash'), ('LC_NAME', 'pt_BR.UTF-8'), ('TERMINATOR_UUID', 'urn:uuid:3290220c-5a3b-4ced-af1d-12b5ff00b1b2'), ('QT_ACCESSIBILITY', '1'), ('GDMSESSION', 'ubuntu'), ('LESSCLOSE', '/usr/bin/lesspipe %s %s'), ('LC_MEASUREMENT', 'pt_BR.UTF-8'), ('GPG_AGENT_INFO', '/run/user/1000/gnupg/S.gpg-agent:0:1'), ('LC_IDENTIFICATION', 'pt_BR.UTF-8'), ('QT_IM_MODULE', 'ibus'), ('PWD', '/home/vfran/billeagle_ws/microros_ws/build/micro_ros_setup'), ('LC_ALL', 'en_US.UTF-8'), ('XDG_CONFIG_DIRS', '/etc/xdg/xdg-ubuntu:/etc/xdg'), ('XDG_DATA_DIRS', '/usr/share/ubuntu:/usr/share/gnome:/home/vfran/.local/share/flatpak/exports/share:/var/lib/flatpak/exports/share:/usr/local/share/:/usr/share/:/var/lib/snapd/desktop'), ('PYTHONPATH', '/opt/ros/humble/lib/python3.10/site-packages:/opt/ros/humble/local/lib/python3.10/dist-packages'), ('LC_NUMERIC', 'pt_BR.UTF-8'), ('LC_PAPER', 'pt_BR.UTF-8'), ('COLCON', '1'), ('VTE_VERSION', '6800'), ('CMAKE_PREFIX_PATH', '/opt/ros/humble')]), 'shell': False}
[0.900735] (-) TimerEvent: {}
[0.921278] (micro_ros_setup) CommandEnded: {'returncode': 0}
[0.922725] (micro_ros_setup) JobProgress: {'identifier': 'micro_ros_setup', 'progress': 'install'}
[0.932695] (micro_ros_setup) Command: {'cmd': ['/usr/local/bin/cmake', '--install', '/home/vfran/billeagle_ws/microros_ws/build/micro_ros_setup'], 'cwd': '/home/vfran/billeagle_ws/microros_ws/build/micro_ros_setup', 'env': OrderedDict([('LESSOPEN', '| /usr/bin/lesspipe %s'), ('LANGUAGE', 'pt_BR:ko:en'), ('USER', 'vfran'), ('LC_TIME', 'pt_BR.UTF-8'), ('XDG_SESSION_TYPE', 'x11'), ('SHLVL', '1'), ('LD_LIBRARY_PATH', '/usr/lib/x86_64-linux-gnu/gazebo-11/plugins:/opt/ros/humble/opt/rviz_ogre_vendor/lib:/opt/ros/humble/lib/x86_64-linux-gnu:/opt/ros/humble/lib'), ('HOME', '/home/vfran'), ('OLDPWD', '/home/vfran/billeagle_ws/bill_ws'), ('DESKTOP_SESSION', 'ubuntu'), ('ROS_PYTHON_VERSION', '3'), ('GNOME_SHELL_SESSION_MODE', 'ubuntu'), ('GTK_MODULES', 'gail:atk-bridge'), ('LC_MONETARY', 'pt_BR.UTF-8'), ('MANAGERPID', '1935'), ('SYSTEMD_EXEC_PID', '2555'), ('DBUS_SESSION_BUS_ADDRESS', 'unix:path=/run/user/1000/bus'), ('COLORTERM', 'truecolor'), ('TERMINATOR_DBUS_NAME', 'net.tenshu.Terminator23558193cd9818af7fe4d2c2f5bd9d00f'), ('GIO_LAUNCHED_DESKTOP_FILE_PID', '3241'), ('ROS_DISTRO', 'humble'), ('LOGNAME', 'vfran'), ('JOURNAL_STREAM', '8:16935'), ('_', '/usr/bin/colcon'), ('ROS_VERSION', '2'), ('XDG_SESSION_CLASS', 'user'), ('USERNAME', 'vfran'), ('TERM', 'xterm-256color'), ('GNOME_DESKTOP_SESSION_ID', 'this-is-deprecated'), ('ROS_LOCALHOST_ONLY', '0'), ('WINDOWPATH', '2'), ('PATH', '/opt/ros/humble/bin:/home/vfran/.local/bin:/usr/local/sbin:/usr/local/bin:/usr/sbin:/usr/bin:/sbin:/bin:/usr/games:/usr/local/games:/snap/bin:/snap/bin:/home/vfran/.dotnet/tools'), ('SESSION_MANAGER', 'local/vfran-ideapad-3:@/tmp/.ICE-unix/2203,unix/vfran-ideapad-3:/tmp/.ICE-unix/2203'), ('INVOCATION_ID', '7d6d9773d6fb4dcca3c488061a12552f'), ('PAPERSIZE', 'a4'), ('XDG_MENU_PREFIX', 'gnome-'), ('LC_ADDRESS', 'pt_BR.UTF-8'), ('XDG_RUNTIME_DIR', '/run/user/1000'), ('DISPLAY', ':1'), ('TERMINATOR_DBUS_PATH', '/net/tenshu/Terminator2'), ('LANG', 'pt_BR.UTF-8'), ('XDG_CURRENT_DESKTOP', 'ubuntu:GNOME'), ('DOTNET_BUNDLE_EXTRACT_BASE_DIR', '/home/vfran/.cache/dotnet_bundle_extract'), ('IBUS_DISABLE_SNOOPER', '1'), ('LC_TELEPHONE', 'pt_BR.UTF-8'), ('XMODIFIERS', '@im=ibus'), ('XDG_SESSION_DESKTOP', 'ubuntu'), ('XAUTHORITY', '/run/user/1000/gdm/Xauthority'), ('LS_COLORS', 'rs=0:di=01;34:ln=01;36:mh=00:pi=40;33:so=01;35:do=01;35:bd=40;33;01:cd=40;33;01:or=40;31;01:mi=00:su=37;41:sg=30;43:ca=30;41:tw=30;42:ow=34;42:st=37;44:ex=01;32:*.tar=01;31:*.tgz=01;31:*.arc=01;31:*.arj=01;31:*.taz=01;31:*.lha=01;31:*.lz4=01;31:*.lzh=01;31:*.lzma=01;31:*.tlz=01;31:*.txz=01;31:*.tzo=01;31:*.t7z=01;31:*.zip=01;31:*.z=01;31:*.dz=01;31:*.gz=01;31:*.lrz=01;31:*.lz=01;31:*.lzo=01;31:*.xz=01;31:*.zst=01;31:*.tzst=01;31:*.bz2=01;31:*.bz=01;31:*.tbz=01;31:*.tbz2=01;31:*.tz=01;31:*.deb=01;31:*.rpm=01;31:*.jar=01;31:*.war=01;31:*.ear=01;31:*.sar=01;31:*.rar=01;31:*.alz=01;31:*.ace=01;31:*.zoo=01;31:*.cpio=01;31:*.7z=01;31:*.rz=01;31:*.cab=01;31:*.wim=01;31:*.swm=01;31:*.dwm=01;31:*.esd=01;31:*.jpg=01;35:*.jpeg=01;35:*.mjpg=01;35:*.mjpeg=01;35:*.gif=01;35:*.bmp=01;35:*.pbm=01;35:*.pgm=01;35:*.ppm=01;35:*.tga=01;35:*.xbm=01;35:*.xpm=01;35:*.tif=01;35:*.tiff=01;35:*.png=01;35:*.svg=01;35:*.svgz=01;35:*.mng=01;35:*.pcx=01;35:*.mov=01;35:*.mpg=01;35:*.mpeg=01;35:*.m2v=01;35:*.mkv=01;35:*.webm=01;35:*.webp=01;35:*.ogm=01;35:*.mp4=01;35:*.m4v=01;35:*.mp4v=01;35:*.vob=01;35:*.qt=01;35:*.nuv=01;35:*.wmv=01;35:*.asf=01;35:*.rm=01;35:*.rmvb=01;35:*.flc=01;35:*.avi=01;35:*.fli=01;35:*.flv=01;35:*.gl=01;35:*.dl=01;35:*.xcf=01;35:*.xwd=01;35:*.yuv=01;35:*.cgm=01;35:*.emf=01;35:*.ogv=01;35:*.ogx=01;35:*.aac=00;36:*.au=00;36:*.flac=00;36:*.m4a=00;36:*.mid=00;36:*.midi=00;36:*.mka=00;36:*.mp3=00;36:*.mpc=00;36:*.ogg=00;36:*.ra=00;36:*.wav=00;36:*.oga=00;36:*.opus=00;36:*.spx=00;36:*.xspf=00;36:'), ('SSH_AGENT_LAUNCHER', 'gnome-keyring'), ('SSH_AUTH_SOCK', '/run/user/1000/keyring/ssh'), ('AMENT_PREFIX_PATH', '/opt/ros/humble'), ('SHELL', '/bin/bash'), ('LC_NAME', 'pt_BR.UTF-8'), ('TERMINATOR_UUID', 'urn:uuid:3290220c-5a3b-4ced-af1d-12b5ff00b1b2'), ('QT_ACCESSIBILITY', '1'), ('GDMSESSION', 'ubuntu'), ('LESSCLOSE', '/usr/bin/lesspipe %s %s'), ('LC_MEASUREMENT', 'pt_BR.UTF-8'), ('GPG_AGENT_INFO', '/run/user/1000/gnupg/S.gpg-agent:0:1'), ('LC_IDENTIFICATION', 'pt_BR.UTF-8'), ('QT_IM_MODULE', 'ibus'), ('PWD', '/home/vfran/billeagle_ws/microros_ws/build/micro_ros_setup'), ('LC_ALL', 'en_US.UTF-8'), ('XDG_CONFIG_DIRS', '/etc/xdg/xdg-ubuntu:/etc/xdg'), ('XDG_DATA_DIRS', '/usr/share/ubuntu:/usr/share/gnome:/home/vfran/.local/share/flatpak/exports/share:/var/lib/flatpak/exports/share:/usr/local/share/:/usr/share/:/var/lib/snapd/desktop'), ('PYTHONPATH', '/opt/ros/humble/lib/python3.10/site-packages:/opt/ros/humble/local/lib/python3.10/dist-packages'), ('LC_NUMERIC', 'pt_BR.UTF-8'), ('LC_PAPER', 'pt_BR.UTF-8'), ('COLCON', '1'), ('VTE_VERSION', '6800'), ('CMAKE_PREFIX_PATH', '/opt/ros/humble')]), 'shell': False}
[0.938011] (micro_ros_setup) StdoutLine: {'line': b'-- Install configuration: ""\n'}
[0.938688] (micro_ros_setup) StdoutLine: {'line': b'-- Installing: /home/vfran/billeagle_ws/microros_ws/install/micro_ros_setup/share/ament_index/resource_index/package_run_dependencies/micro_ros_setup\n'}
[0.938936] (micro_ros_setup) StdoutLine: {'line': b'-- Installing: /home/vfran/billeagle_ws/microros_ws/install/micro_ros_setup/share/ament_index/resource_index/parent_prefix_path/micro_ros_setup\n'}
[0.939185] (micro_ros_setup) StdoutLine: {'line': b'-- Installing: /home/vfran/billeagle_ws/microros_ws/install/micro_ros_setup/share/micro_ros_setup/environment/ament_prefix_path.sh\n'}
[0.939338] (micro_ros_setup) StdoutLine: {'line': b'-- Installing: /home/vfran/billeagle_ws/microros_ws/install/micro_ros_setup/share/micro_ros_setup/environment/ament_prefix_path.dsv\n'}
[0.939521] (micro_ros_setup) StdoutLine: {'line': b'-- Installing: /home/vfran/billeagle_ws/microros_ws/install/micro_ros_setup/share/micro_ros_setup/environment/path.sh\n'}
[0.939676] (micro_ros_setup) StdoutLine: {'line': b'-- Installing: /home/vfran/billeagle_ws/microros_ws/install/micro_ros_setup/share/micro_ros_setup/environment/path.dsv\n'}
[0.939865] (micro_ros_setup) StdoutLine: {'line': b'-- Installing: /home/vfran/billeagle_ws/microros_ws/install/micro_ros_setup/share/micro_ros_setup/local_setup.bash\n'}
[0.940074] (micro_ros_setup) StdoutLine: {'line': b'-- Installing: /home/vfran/billeagle_ws/microros_ws/install/micro_ros_setup/share/micro_ros_setup/local_setup.sh\n'}
[0.940332] (micro_ros_setup) StdoutLine: {'line': b'-- Installing: /home/vfran/billeagle_ws/microros_ws/install/micro_ros_setup/share/micro_ros_setup/local_setup.zsh\n'}
[0.940539] (micro_ros_setup) StdoutLine: {'line': b'-- Installing: /home/vfran/billeagle_ws/microros_ws/install/micro_ros_setup/share/micro_ros_setup/local_setup.dsv\n'}
[0.940800] (micro_ros_setup) StdoutLine: {'line': b'-- Installing: /home/vfran/billeagle_ws/microros_ws/install/micro_ros_setup/share/micro_ros_setup/package.dsv\n'}
[0.941109] (micro_ros_setup) StdoutLine: {'line': b'-- Installing: /home/vfran/billeagle_ws/microros_ws/install/micro_ros_setup/share/ament_index/resource_index/packages/micro_ros_setup\n'}
[0.941402] (micro_ros_setup) StdoutLine: {'line': b'-- Installing: /home/vfran/billeagle_ws/microros_ws/install/micro_ros_setup/share/micro_ros_setup/cmake/micro_ros_setupConfig.cmake\n'}
[0.941585] (micro_ros_setup) StdoutLine: {'line': b'-- Installing: /home/vfran/billeagle_ws/microros_ws/install/micro_ros_setup/share/micro_ros_setup/cmake/micro_ros_setupConfig-version.cmake\n'}
[0.941825] (micro_ros_setup) StdoutLine: {'line': b'-- Installing: /home/vfran/billeagle_ws/microros_ws/install/micro_ros_setup/share/micro_ros_setup/package.xml\n'}
[0.942039] (micro_ros_setup) StdoutLine: {'line': b'-- Installing: /home/vfran/billeagle_ws/microros_ws/install/micro_ros_setup/./config\n'}
[0.942252] (micro_ros_setup) StdoutLine: {'line': b'-- Installing: /home/vfran/billeagle_ws/microros_ws/install/micro_ros_setup/./config/host\n'}
[0.942400] (micro_ros_setup) StdoutLine: {'line': b'-- Installing: /home/vfran/billeagle_ws/microros_ws/install/micro_ros_setup/./config/host/dev_uros_packages.repos\n'}
[0.943032] (micro_ros_setup) StdoutLine: {'line': b'-- Installing: /home/vfran/billeagle_ws/microros_ws/install/micro_ros_setup/./config/host/client_ros2_packages.txt\n'}
[0.943328] (micro_ros_setup) StdoutLine: {'line': b'-- Installing: /home/vfran/billeagle_ws/microros_ws/install/micro_ros_setup/./config/host/generic\n'}
[0.943479] (micro_ros_setup) StdoutLine: {'line': b'-- Installing: /home/vfran/billeagle_ws/microros_ws/install/micro_ros_setup/./config/host/generic/client_host_packages.repos\n'}
[0.943804] (micro_ros_setup) StdoutLine: {'line': b'-- Installing: /home/vfran/billeagle_ws/microros_ws/install/micro_ros_setup/./config/host/generic/create.sh\n'}
[0.944122] (micro_ros_setup) StdoutLine: {'line': b'-- Installing: /home/vfran/billeagle_ws/microros_ws/install/micro_ros_setup/./config/host/generic/package.xml\n'}
[0.944397] (micro_ros_setup) StdoutLine: {'line': b'-- Installing: /home/vfran/billeagle_ws/microros_ws/install/micro_ros_setup/./config/host/generic/build.sh\n'}
[0.944676] (micro_ros_setup) StdoutLine: {'line': b'-- Installing: /home/vfran/billeagle_ws/microros_ws/install/micro_ros_setup/./config/host/generic/flash.sh\n'}
[0.944966] (micro_ros_setup) StdoutLine: {'line': b'-- Installing: /home/vfran/billeagle_ws/microros_ws/install/micro_ros_setup/./config/host/generic/client-host-colcon.meta\n'}
[0.945240] (micro_ros_setup) StdoutLine: {'line': b'-- Installing: /home/vfran/billeagle_ws/microros_ws/install/micro_ros_setup/./config/host/dev_ros2_packages.txt\n'}
[0.945516] (micro_ros_setup) StdoutLine: {'line': b'-- Installing: /home/vfran/billeagle_ws/microros_ws/install/micro_ros_setup/./config/android\n'}
[0.945742] (micro_ros_setup) StdoutLine: {'line': b'-- Installing: /home/vfran/billeagle_ws/microros_ws/install/micro_ros_setup/./config/android/dev_uros_packages.repos\n'}
[0.946014] (micro_ros_setup) StdoutLine: {'line': b'-- Installing: /home/vfran/billeagle_ws/microros_ws/install/micro_ros_setup/./config/android/generic\n'}
[0.946163] (micro_ros_setup) StdoutLine: {'line': b'-- Installing: /home/vfran/billeagle_ws/microros_ws/install/micro_ros_setup/./config/android/generic/client-colcon.meta\n'}
[0.946467] (micro_ros_setup) StdoutLine: {'line': b'-- Installing: /home/vfran/billeagle_ws/microros_ws/install/micro_ros_setup/./config/android/generic/client_uros_packages.repos\n'}
[0.946787] (micro_ros_setup) StdoutLine: {'line': b'-- Installing: /home/vfran/billeagle_ws/microros_ws/install/micro_ros_setup/./config/android/generic/create.sh\n'}
[0.947108] (micro_ros_setup) StdoutLine: {'line': b'-- Installing: /home/vfran/billeagle_ws/microros_ws/install/micro_ros_setup/./config/android/generic/package.xml\n'}
[0.947413] (micro_ros_setup) StdoutLine: {'line': b'-- Installing: /home/vfran/billeagle_ws/microros_ws/install/micro_ros_setup/./config/android/generic/build.sh\n'}
[0.947818] (micro_ros_setup) StdoutLine: {'line': b'-- Installing: /home/vfran/billeagle_ws/microros_ws/install/micro_ros_setup/./config/android/generic/flash.sh\n'}
[0.948124] (micro_ros_setup) StdoutLine: {'line': b'-- Installing: /home/vfran/billeagle_ws/microros_ws/install/micro_ros_setup/./config/android/dev_ros2_packages.txt\n'}
[0.948447] (micro_ros_setup) StdoutLine: {'line': b'-- Installing: /home/vfran/billeagle_ws/microros_ws/install/micro_ros_setup/./config/freertos\n'}
[0.948630] (micro_ros_setup) StdoutLine: {'line': b'-- Installing: /home/vfran/billeagle_ws/microros_ws/install/micro_ros_setup/./config/freertos/esp32\n'}
[0.948795] (micro_ros_setup) StdoutLine: {'line': b'-- Installing: /home/vfran/billeagle_ws/microros_ws/install/micro_ros_setup/./config/freertos/esp32/board.repos\n'}
[0.948994] (micro_ros_setup) StdoutLine: {'line': b'-- Installing: /home/vfran/billeagle_ws/microros_ws/install/micro_ros_setup/./config/freertos/esp32/client-colcon.meta\n'}
[0.949273] (micro_ros_setup) StdoutLine: {'line': b'-- Installing: /home/vfran/billeagle_ws/microros_ws/install/micro_ros_setup/./config/freertos/esp32/client_uros_packages.repos\n'}
[0.949416] (micro_ros_setup) StdoutLine: {'line': b'-- Installing: /home/vfran/billeagle_ws/microros_ws/install/micro_ros_setup/./config/freertos/esp32/create.sh\n'}
[0.949630] (micro_ros_setup) StdoutLine: {'line': b'-- Installing: /home/vfran/billeagle_ws/microros_ws/install/micro_ros_setup/./config/freertos/esp32/package.xml\n'}
[0.949977] (micro_ros_setup) StdoutLine: {'line': b'-- Installing: /home/vfran/billeagle_ws/microros_ws/install/micro_ros_setup/./config/freertos/esp32/build.sh\n'}
[0.950256] (micro_ros_setup) StdoutLine: {'line': b'-- Installing: /home/vfran/billeagle_ws/microros_ws/install/micro_ros_setup/./config/freertos/esp32/flash.sh\n'}
[0.950545] (micro_ros_setup) StdoutLine: {'line': b'-- Installing: /home/vfran/billeagle_ws/microros_ws/install/micro_ros_setup/./config/freertos/esp32/README.md\n'}
[0.950888] (micro_ros_setup) StdoutLine: {'line': b'-- Installing: /home/vfran/billeagle_ws/microros_ws/install/micro_ros_setup/./config/freertos/esp32/configure.sh\n'}
[0.951184] (micro_ros_setup) StdoutLine: {'line': b'-- Installing: /home/vfran/billeagle_ws/microros_ws/install/micro_ros_setup/./config/freertos/nucleo_f746zg\n'}
[0.951380] (micro_ros_setup) StdoutLine: {'line': b'-- Installing: /home/vfran/billeagle_ws/microros_ws/install/micro_ros_setup/./config/freertos/nucleo_f746zg/board.repos\n'}
[0.951707] (micro_ros_setup) StdoutLine: {'line': b'-- Installing: /home/vfran/billeagle_ws/microros_ws/install/micro_ros_setup/./config/freertos/nucleo_f746zg/client-colcon.meta\n'}
[0.952059] (micro_ros_setup) StdoutLine: {'line': b'-- Installing: /home/vfran/billeagle_ws/microros_ws/install/micro_ros_setup/./config/freertos/nucleo_f746zg/client_uros_packages.repos\n'}
[0.952174] (micro_ros_setup) StdoutLine: {'line': b'-- Installing: /home/vfran/billeagle_ws/microros_ws/install/micro_ros_setup/./config/freertos/nucleo_f746zg/create.sh\n'}
[0.952418] (micro_ros_setup) StdoutLine: {'line': b'-- Installing: /home/vfran/billeagle_ws/microros_ws/install/micro_ros_setup/./config/freertos/nucleo_f746zg/package.xml\n'}
[0.952676] (micro_ros_setup) StdoutLine: {'line': b'-- Installing: /home/vfran/billeagle_ws/microros_ws/install/micro_ros_setup/./config/freertos/nucleo_f746zg/build.sh\n'}
[0.952975] (micro_ros_setup) StdoutLine: {'line': b'-- Installing: /home/vfran/billeagle_ws/microros_ws/install/micro_ros_setup/./config/freertos/nucleo_f746zg/flash.sh\n'}
[0.953254] (micro_ros_setup) StdoutLine: {'line': b'-- Installing: /home/vfran/billeagle_ws/microros_ws/install/micro_ros_setup/./config/freertos/nucleo_f746zg/configure.sh\n'}
[0.953556] (micro_ros_setup) StdoutLine: {'line': b'-- Installing: /home/vfran/billeagle_ws/microros_ws/install/micro_ros_setup/./config/freertos/olimex-stm32-e407\n'}
[0.953728] (micro_ros_setup) StdoutLine: {'line': b'-- Installing: /home/vfran/billeagle_ws/microros_ws/install/micro_ros_setup/./config/freertos/olimex-stm32-e407/board.repos\n'}
[0.954000] (micro_ros_setup) StdoutLine: {'line': b'-- Installing: /home/vfran/billeagle_ws/microros_ws/install/micro_ros_setup/./config/freertos/olimex-stm32-e407/client-colcon.meta\n'}
[0.954254] (micro_ros_setup) StdoutLine: {'line': b'-- Installing: /home/vfran/billeagle_ws/microros_ws/install/micro_ros_setup/./config/freertos/olimex-stm32-e407/client_uros_packages.repos\n'}
[0.954403] (micro_ros_setup) StdoutLine: {'line': b'-- Installing: /home/vfran/billeagle_ws/microros_ws/install/micro_ros_setup/./config/freertos/olimex-stm32-e407/create.sh\n'}
[0.954571] (micro_ros_setup) StdoutLine: {'line': b'-- Installing: /home/vfran/billeagle_ws/microros_ws/install/micro_ros_setup/./config/freertos/olimex-stm32-e407/package.xml\n'}
[0.954836] (micro_ros_setup) StdoutLine: {'line': b'-- Installing: /home/vfran/billeagle_ws/microros_ws/install/micro_ros_setup/./config/freertos/olimex-stm32-e407/build.sh\n'}
[0.955097] (micro_ros_setup) StdoutLine: {'line': b'-- Installing: /home/vfran/billeagle_ws/microros_ws/install/micro_ros_setup/./config/freertos/olimex-stm32-e407/flash.sh\n'}
[0.955357] (micro_ros_setup) StdoutLine: {'line': b'-- Installing: /home/vfran/billeagle_ws/microros_ws/install/micro_ros_setup/./config/freertos/olimex-stm32-e407/configure.sh\n'}
[0.955620] (micro_ros_setup) StdoutLine: {'line': b'-- Installing: /home/vfran/billeagle_ws/microros_ws/install/micro_ros_setup/./config/freertos/crazyflie21\n'}
[0.955789] (micro_ros_setup) StdoutLine: {'line': b'-- Installing: /home/vfran/billeagle_ws/microros_ws/install/micro_ros_setup/./config/freertos/crazyflie21/board.repos\n'}
[0.956066] (micro_ros_setup) StdoutLine: {'line': b'-- Installing: /home/vfran/billeagle_ws/microros_ws/install/micro_ros_setup/./config/freertos/crazyflie21/client-colcon.meta\n'}
[0.956358] (micro_ros_setup) StdoutLine: {'line': b'-- Installing: /home/vfran/billeagle_ws/microros_ws/install/micro_ros_setup/./config/freertos/crazyflie21/client_uros_packages.repos\n'}
[0.956459] (micro_ros_setup) StdoutLine: {'line': b'-- Installing: /home/vfran/billeagle_ws/microros_ws/install/micro_ros_setup/./config/freertos/crazyflie21/create.sh\n'}
[0.956750] (micro_ros_setup) StdoutLine: {'line': b'-- Installing: /home/vfran/billeagle_ws/microros_ws/install/micro_ros_setup/./config/freertos/crazyflie21/package.xml\n'}
[0.957034] (micro_ros_setup) StdoutLine: {'line': b'-- Installing: /home/vfran/billeagle_ws/microros_ws/install/micro_ros_setup/./config/freertos/crazyflie21/build.sh\n'}
[0.957383] (micro_ros_setup) StdoutLine: {'line': b'-- Installing: /home/vfran/billeagle_ws/microros_ws/install/micro_ros_setup/./config/freertos/crazyflie21/flash.sh\n'}
[0.957700] (micro_ros_setup) StdoutLine: {'line': b'-- Installing: /home/vfran/billeagle_ws/microros_ws/install/micro_ros_setup/./config/freertos/crazyflie21/configure.sh\n'}
[0.957987] (micro_ros_setup) StdoutLine: {'line': b'-- Installing: /home/vfran/billeagle_ws/microros_ws/install/micro_ros_setup/./config/freertos/nucleo_f446ze\n'}
[0.958161] (micro_ros_setup) StdoutLine: {'line': b'-- Installing: /home/vfran/billeagle_ws/microros_ws/install/micro_ros_setup/./config/freertos/nucleo_f446ze/board.repos\n'}
[0.958424] (micro_ros_setup) StdoutLine: {'line': b'-- Installing: /home/vfran/billeagle_ws/microros_ws/install/micro_ros_setup/./config/freertos/nucleo_f446ze/client-colcon.meta\n'}
[0.958742] (micro_ros_setup) StdoutLine: {'line': b'-- Installing: /home/vfran/billeagle_ws/microros_ws/install/micro_ros_setup/./config/freertos/nucleo_f446ze/client_uros_packages.repos\n'}
[0.958876] (micro_ros_setup) StdoutLine: {'line': b'-- Installing: /home/vfran/billeagle_ws/microros_ws/install/micro_ros_setup/./config/freertos/nucleo_f446ze/create.sh\n'}
[0.959090] (micro_ros_setup) StdoutLine: {'line': b'-- Installing: /home/vfran/billeagle_ws/microros_ws/install/micro_ros_setup/./config/freertos/nucleo_f446ze/package.xml\n'}
[0.959370] (micro_ros_setup) StdoutLine: {'line': b'-- Installing: /home/vfran/billeagle_ws/microros_ws/install/micro_ros_setup/./config/freertos/nucleo_f446ze/build.sh\n'}
[0.959657] (micro_ros_setup) StdoutLine: {'line': b'-- Installing: /home/vfran/billeagle_ws/microros_ws/install/micro_ros_setup/./config/freertos/nucleo_f446ze/flash.sh\n'}
[0.959953] (micro_ros_setup) StdoutLine: {'line': b'-- Installing: /home/vfran/billeagle_ws/microros_ws/install/micro_ros_setup/./config/freertos/nucleo_f446ze/configure.sh\n'}
[0.960242] (micro_ros_setup) StdoutLine: {'line': b'-- Installing: /home/vfran/billeagle_ws/microros_ws/install/micro_ros_setup/./config/freertos/dev_uros_packages.repos\n'}
[0.960560] (micro_ros_setup) StdoutLine: {'line': b'-- Installing: /home/vfran/billeagle_ws/microros_ws/install/micro_ros_setup/./config/freertos/list_apps.sh\n'}
[0.960854] (micro_ros_setup) StdoutLine: {'line': b'-- Installing: /home/vfran/billeagle_ws/microros_ws/install/micro_ros_setup/./config/freertos/dev_ros2_packages.txt\n'}
[0.961158] (micro_ros_setup) StdoutLine: {'line': b'-- Installing: /home/vfran/billeagle_ws/microros_ws/install/micro_ros_setup/./config/freertos/nucleo_f767zi\n'}
[0.961304] (micro_ros_setup) StdoutLine: {'line': b'-- Installing: /home/vfran/billeagle_ws/microros_ws/install/micro_ros_setup/./config/freertos/nucleo_f767zi/board.repos\n'}
[0.961553] (micro_ros_setup) StdoutLine: {'line': b'-- Installing: /home/vfran/billeagle_ws/microros_ws/install/micro_ros_setup/./config/freertos/nucleo_f767zi/client-colcon.meta\n'}
[0.961822] (micro_ros_setup) StdoutLine: {'line': b'-- Installing: /home/vfran/billeagle_ws/microros_ws/install/micro_ros_setup/./config/freertos/nucleo_f767zi/client_uros_packages.repos\n'}
[0.961973] (micro_ros_setup) StdoutLine: {'line': b'-- Installing: /home/vfran/billeagle_ws/microros_ws/install/micro_ros_setup/./config/freertos/nucleo_f767zi/create.sh\n'}
[0.962147] (micro_ros_setup) StdoutLine: {'line': b'-- Installing: /home/vfran/billeagle_ws/microros_ws/install/micro_ros_setup/./config/freertos/nucleo_f767zi/package.xml\n'}
[0.962405] (micro_ros_setup) StdoutLine: {'line': b'-- Installing: /home/vfran/billeagle_ws/microros_ws/install/micro_ros_setup/./config/freertos/nucleo_f767zi/build.sh\n'}
[0.962687] (micro_ros_setup) StdoutLine: {'line': b'-- Installing: /home/vfran/billeagle_ws/microros_ws/install/micro_ros_setup/./config/freertos/nucleo_f767zi/flash.sh\n'}
[0.962966] (micro_ros_setup) StdoutLine: {'line': b'-- Installing: /home/vfran/billeagle_ws/microros_ws/install/micro_ros_setup/./config/freertos/nucleo_f767zi/configure.sh\n'}
[0.963252] (micro_ros_setup) StdoutLine: {'line': b'-- Installing: /home/vfran/billeagle_ws/microros_ws/install/micro_ros_setup/./config/freertos/nucleo_f446re\n'}
[0.963412] (micro_ros_setup) StdoutLine: {'line': b'-- Installing: /home/vfran/billeagle_ws/microros_ws/install/micro_ros_setup/./config/freertos/nucleo_f446re/board.repos\n'}
[0.963684] (micro_ros_setup) StdoutLine: {'line': b'-- Installing: /home/vfran/billeagle_ws/microros_ws/install/micro_ros_setup/./config/freertos/nucleo_f446re/client-colcon.meta\n'}
[0.963972] (micro_ros_setup) StdoutLine: {'line': b'-- Installing: /home/vfran/billeagle_ws/microros_ws/install/micro_ros_setup/./config/freertos/nucleo_f446re/client_uros_packages.repos\n'}
[0.964080] (micro_ros_setup) StdoutLine: {'line': b'-- Installing: /home/vfran/billeagle_ws/microros_ws/install/micro_ros_setup/./config/freertos/nucleo_f446re/create.sh\n'}
[0.964311] (micro_ros_setup) StdoutLine: {'line': b'-- Installing: /home/vfran/billeagle_ws/microros_ws/install/micro_ros_setup/./config/freertos/nucleo_f446re/package.xml\n'}
[0.964615] (micro_ros_setup) StdoutLine: {'line': b'-- Installing: /home/vfran/billeagle_ws/microros_ws/install/micro_ros_setup/./config/freertos/nucleo_f446re/build.sh\n'}
[0.964939] (micro_ros_setup) StdoutLine: {'line': b'-- Installing: /home/vfran/billeagle_ws/microros_ws/install/micro_ros_setup/./config/freertos/nucleo_f446re/flash.sh\n'}
[0.965236] (micro_ros_setup) StdoutLine: {'line': b'-- Installing: /home/vfran/billeagle_ws/microros_ws/install/micro_ros_setup/./config/freertos/nucleo_f446re/configure.sh\n'}
[0.965535] (micro_ros_setup) StdoutLine: {'line': b'-- Installing: /home/vfran/billeagle_ws/microros_ws/install/micro_ros_setup/./config/zephyr\n'}
[0.965703] (micro_ros_setup) StdoutLine: {'line': b'-- Installing: /home/vfran/billeagle_ws/microros_ws/install/micro_ros_setup/./config/zephyr/dev_uros_packages.repos\n'}
[0.965951] (micro_ros_setup) StdoutLine: {'line': b'-- Installing: /home/vfran/billeagle_ws/microros_ws/install/micro_ros_setup/./config/zephyr/list_apps.sh\n'}
[0.966225] (micro_ros_setup) StdoutLine: {'line': b'-- Installing: /home/vfran/billeagle_ws/microros_ws/install/micro_ros_setup/./config/zephyr/generic\n'}
[0.966375] (micro_ros_setup) StdoutLine: {'line': b'-- Installing: /home/vfran/billeagle_ws/microros_ws/install/micro_ros_setup/./config/zephyr/generic/board.repos\n'}
[0.966650] (micro_ros_setup) StdoutLine: {'line': b'-- Installing: /home/vfran/billeagle_ws/microros_ws/install/micro_ros_setup/./config/zephyr/generic/client-colcon.meta\n'}
[0.966989] (micro_ros_setup) StdoutLine: {'line': b'-- Installing: /home/vfran/billeagle_ws/microros_ws/install/micro_ros_setup/./config/zephyr/generic/client_uros_packages.repos\n'}
[0.967097] (micro_ros_setup) StdoutLine: {'line': b'-- Installing: /home/vfran/billeagle_ws/microros_ws/install/micro_ros_setup/./config/zephyr/generic/create.sh\n'}
[0.967332] (micro_ros_setup) StdoutLine: {'line': b'-- Installing: /home/vfran/billeagle_ws/microros_ws/install/micro_ros_setup/./config/zephyr/generic/package.xml\n'}
[0.967625] (micro_ros_setup) StdoutLine: {'line': b'-- Installing: /home/vfran/billeagle_ws/microros_ws/install/micro_ros_setup/./config/zephyr/generic/build.sh\n'}
[0.967922] (micro_ros_setup) StdoutLine: {'line': b'-- Installing: /home/vfran/billeagle_ws/microros_ws/install/micro_ros_setup/./config/zephyr/generic/supported_platforms\n'}
[0.968207] (micro_ros_setup) StdoutLine: {'line': b'-- Installing: /home/vfran/billeagle_ws/microros_ws/install/micro_ros_setup/./config/zephyr/generic/flash.sh\n'}
[0.968494] (micro_ros_setup) StdoutLine: {'line': b'-- Installing: /home/vfran/billeagle_ws/microros_ws/install/micro_ros_setup/./config/zephyr/generic/configure.sh\n'}
[0.968797] (micro_ros_setup) StdoutLine: {'line': b'-- Installing: /home/vfran/billeagle_ws/microros_ws/install/micro_ros_setup/./config/zephyr/dev_ros2_packages.txt\n'}
[0.969085] (micro_ros_setup) StdoutLine: {'line': b'-- Installing: /home/vfran/billeagle_ws/microros_ws/install/micro_ros_setup/./config/agent_uros_packages.repos\n'}
[0.969390] (micro_ros_setup) StdoutLine: {'line': b'-- Installing: /home/vfran/billeagle_ws/microros_ws/install/micro_ros_setup/./config/client_uros_packages.repos\n'}
[0.969681] (micro_ros_setup) StdoutLine: {'line': b'-- Installing: /home/vfran/billeagle_ws/microros_ws/install/micro_ros_setup/./config/agent_ros2_packages.txt\n'}
[0.969997] (micro_ros_setup) StdoutLine: {'line': b'-- Installing: /home/vfran/billeagle_ws/microros_ws/install/micro_ros_setup/./config/utils.sh\n'}
[0.970253] (micro_ros_setup) StdoutLine: {'line': b'-- Installing: /home/vfran/billeagle_ws/microros_ws/install/micro_ros_setup/./config/mbed\n'}
[0.970411] (micro_ros_setup) StdoutLine: {'line': b'-- Installing: /home/vfran/billeagle_ws/microros_ws/install/micro_ros_setup/./config/mbed/dev_uros_packages.repos\n'}
[0.970683] (micro_ros_setup) StdoutLine: {'line': b'-- Installing: /home/vfran/billeagle_ws/microros_ws/install/micro_ros_setup/./config/mbed/list_apps.sh\n'}
[0.970980] (micro_ros_setup) StdoutLine: {'line': b'-- Installing: /home/vfran/billeagle_ws/microros_ws/install/micro_ros_setup/./config/mbed/generic\n'}
[0.971143] (micro_ros_setup) StdoutLine: {'line': b'-- Installing: /home/vfran/billeagle_ws/microros_ws/install/micro_ros_setup/./config/mbed/generic/board.repos\n'}
[0.971373] (micro_ros_setup) StdoutLine: {'line': b'-- Installing: /home/vfran/billeagle_ws/microros_ws/install/micro_ros_setup/./config/mbed/generic/client_uros_packages.repos\n'}
[0.971651] (micro_ros_setup) StdoutLine: {'line': b'-- Installing: /home/vfran/billeagle_ws/microros_ws/install/micro_ros_setup/./config/mbed/generic/create.sh\n'}
[0.971887] (micro_ros_setup) StdoutLine: {'line': b'-- Installing: /home/vfran/billeagle_ws/microros_ws/install/micro_ros_setup/./config/mbed/generic/package.xml\n'}
[0.972148] (micro_ros_setup) StdoutLine: {'line': b'-- Installing: /home/vfran/billeagle_ws/microros_ws/install/micro_ros_setup/./config/mbed/generic/build.sh\n'}
[0.972422] (micro_ros_setup) StdoutLine: {'line': b'-- Installing: /home/vfran/billeagle_ws/microros_ws/install/micro_ros_setup/./config/mbed/generic/supported_platforms\n'}
[0.972674] (micro_ros_setup) StdoutLine: {'line': b'-- Installing: /home/vfran/billeagle_ws/microros_ws/install/micro_ros_setup/./config/mbed/generic/flash.sh\n'}
[0.972958] (micro_ros_setup) StdoutLine: {'line': b'-- Installing: /home/vfran/billeagle_ws/microros_ws/install/micro_ros_setup/./config/mbed/dev_ros2_packages.txt\n'}
[0.973226] (micro_ros_setup) StdoutLine: {'line': b'-- Installing: /home/vfran/billeagle_ws/microros_ws/install/micro_ros_setup/./config/raspbian\n'}
[0.973421] (micro_ros_setup) StdoutLine: {'line': b'-- Installing: /home/vfran/billeagle_ws/microros_ws/install/micro_ros_setup/./config/raspbian/dev_uros_packages.repos\n'}
[0.973619] (micro_ros_setup) StdoutLine: {'line': b'-- Installing: /home/vfran/billeagle_ws/microros_ws/install/micro_ros_setup/./config/raspbian/generic\n'}
[0.973799] (micro_ros_setup) StdoutLine: {'line': b'-- Installing: /home/vfran/billeagle_ws/microros_ws/install/micro_ros_setup/./config/raspbian/generic/client-colcon.meta\n'}
[0.974054] (micro_ros_setup) StdoutLine: {'line': b'-- Installing: /home/vfran/billeagle_ws/microros_ws/install/micro_ros_setup/./config/raspbian/generic/client_uros_packages.repos\n'}
[0.974303] (micro_ros_setup) StdoutLine: {'line': b'-- Installing: /home/vfran/billeagle_ws/microros_ws/install/micro_ros_setup/./config/raspbian/generic/create.sh\n'}
[0.974536] (micro_ros_setup) StdoutLine: {'line': b'-- Installing: /home/vfran/billeagle_ws/microros_ws/install/micro_ros_setup/./config/raspbian/generic/build.sh\n'}
[0.974840] (micro_ros_setup) StdoutLine: {'line': b'-- Installing: /home/vfran/billeagle_ws/microros_ws/install/micro_ros_setup/./config/raspbian/generic/supported_platforms\n'}
[0.975098] (micro_ros_setup) StdoutLine: {'line': b'-- Installing: /home/vfran/billeagle_ws/microros_ws/install/micro_ros_setup/./config/raspbian/generic/flash.sh\n'}
[0.975329] (micro_ros_setup) StdoutLine: {'line': b'-- Installing: /home/vfran/billeagle_ws/microros_ws/install/micro_ros_setup/./config/raspbian/generic/configure.sh\n'}
[0.975615] (micro_ros_setup) StdoutLine: {'line': b'-- Installing: /home/vfran/billeagle_ws/microros_ws/install/micro_ros_setup/./config/raspbian/dev_ros2_packages.txt\n'}
[0.975881] (micro_ros_setup) StdoutLine: {'line': b'-- Installing: /home/vfran/billeagle_ws/microros_ws/install/micro_ros_setup/./config/renesas_ra\n'}
[0.976043] (micro_ros_setup) StdoutLine: {'line': b'-- Installing: /home/vfran/billeagle_ws/microros_ws/install/micro_ros_setup/./config/renesas_ra/ra6m5\n'}
[0.976190] (micro_ros_setup) StdoutLine: {'line': b'-- Installing: /home/vfran/billeagle_ws/microros_ws/install/micro_ros_setup/./config/renesas_ra/ra6m5/board.repos\n'}
[0.976389] (micro_ros_setup) StdoutLine: {'line': b'-- Installing: /home/vfran/billeagle_ws/microros_ws/install/micro_ros_setup/./config/renesas_ra/ra6m5/client-colcon.meta\n'}
[0.976553] (micro_ros_setup) StdoutLine: {'line': b'-- Installing: /home/vfran/billeagle_ws/microros_ws/install/micro_ros_setup/./config/renesas_ra/ra6m5/client_uros_packages.repos\n'}
[0.976898] (micro_ros_setup) StdoutLine: {'line': b'-- Installing: /home/vfran/billeagle_ws/microros_ws/install/micro_ros_setup/./config/renesas_ra/ra6m5/create.sh\n'}
[0.977175] (micro_ros_setup) StdoutLine: {'line': b'-- Installing: /home/vfran/billeagle_ws/microros_ws/install/micro_ros_setup/./config/renesas_ra/ra6m5/build.sh\n'}
[0.977430] (micro_ros_setup) StdoutLine: {'line': b'-- Installing: /home/vfran/billeagle_ws/microros_ws/install/micro_ros_setup/./config/renesas_ra/ra6m5/flash.sh\n'}
[0.977705] (micro_ros_setup) StdoutLine: {'line': b'-- Installing: /home/vfran/billeagle_ws/microros_ws/install/micro_ros_setup/./config/renesas_ra/ra6m5/configure.sh\n'}
[0.977971] (micro_ros_setup) StdoutLine: {'line': b'-- Installing: /home/vfran/billeagle_ws/microros_ws/install/micro_ros_setup/./config/renesas_ra/dev_uros_packages.repos\n'}
[0.978239] (micro_ros_setup) StdoutLine: {'line': b'-- Installing: /home/vfran/billeagle_ws/microros_ws/install/micro_ros_setup/./config/renesas_ra/list_apps.sh\n'}
[0.978510] (micro_ros_setup) StdoutLine: {'line': b'-- Installing: /home/vfran/billeagle_ws/microros_ws/install/micro_ros_setup/./config/renesas_ra/dev_ros2_packages.txt\n'}
[0.978805] (micro_ros_setup) StdoutLine: {'line': b'-- Installing: /home/vfran/billeagle_ws/microros_ws/install/micro_ros_setup/./config/generate_lib\n'}
[0.978981] (micro_ros_setup) StdoutLine: {'line': b'-- Installing: /home/vfran/billeagle_ws/microros_ws/install/micro_ros_setup/./config/generate_lib/dev_uros_packages.repos\n'}
[0.979212] (micro_ros_setup) StdoutLine: {'line': b'-- Installing: /home/vfran/billeagle_ws/microros_ws/install/micro_ros_setup/./config/generate_lib/generic\n'}
[0.979365] (micro_ros_setup) StdoutLine: {'line': b'-- Installing: /home/vfran/billeagle_ws/microros_ws/install/micro_ros_setup/./config/generate_lib/generic/client-colcon.meta\n'}
[0.979621] (micro_ros_setup) StdoutLine: {'line': b'-- Installing: /home/vfran/billeagle_ws/microros_ws/install/micro_ros_setup/./config/generate_lib/generic/client_uros_packages.repos\n'}
[0.979734] (micro_ros_setup) StdoutLine: {'line': b'-- Installing: /home/vfran/billeagle_ws/microros_ws/install/micro_ros_setup/./config/generate_lib/generic/create.sh\n'}
[0.979949] (micro_ros_setup) StdoutLine: {'line': b'-- Installing: /home/vfran/billeagle_ws/microros_ws/install/micro_ros_setup/./config/generate_lib/generic/package.xml\n'}
[0.980203] (micro_ros_setup) StdoutLine: {'line': b'-- Installing: /home/vfran/billeagle_ws/microros_ws/install/micro_ros_setup/./config/generate_lib/generic/build.sh\n'}
[0.980483] (micro_ros_setup) StdoutLine: {'line': b'-- Installing: /home/vfran/billeagle_ws/microros_ws/install/micro_ros_setup/./config/generate_lib/generic/flash.sh\n'}
[0.980783] (micro_ros_setup) StdoutLine: {'line': b'-- Installing: /home/vfran/billeagle_ws/microros_ws/install/micro_ros_setup/./config/generate_lib/generic/demo_toolchain.cmake\n'}
[0.981042] (micro_ros_setup) StdoutLine: {'line': b'-- Installing: /home/vfran/billeagle_ws/microros_ws/install/micro_ros_setup/./config/generate_lib/dev_ros2_packages.txt\n'}
[0.981312] (micro_ros_setup) StdoutLine: {'line': b'-- Installing: /home/vfran/billeagle_ws/microros_ws/install/micro_ros_setup/./config/client_ros2_packages.txt\n'}
[0.981887] (micro_ros_setup) StdoutLine: {'line': b'-- Installing: /home/vfran/billeagle_ws/microros_ws/install/micro_ros_setup/lib/micro_ros_setup/create_ws.sh\n'}
[0.982180] (micro_ros_setup) StdoutLine: {'line': b'-- Installing: /home/vfran/billeagle_ws/microros_ws/install/micro_ros_setup/lib/micro_ros_setup/create_agent_ws.sh\n'}
[0.982448] (micro_ros_setup) StdoutLine: {'line': b'-- Installing: /home/vfran/billeagle_ws/microros_ws/install/micro_ros_setup/lib/micro_ros_setup/create_firmware_ws.sh\n'}
[0.982753] (micro_ros_setup) StdoutLine: {'line': b'-- Installing: /home/vfran/billeagle_ws/microros_ws/install/micro_ros_setup/lib/micro_ros_setup/configure_firmware.sh\n'}
[0.983042] (micro_ros_setup) StdoutLine: {'line': b'-- Installing: /home/vfran/billeagle_ws/microros_ws/install/micro_ros_setup/lib/micro_ros_setup/flash_firmware.sh\n'}
[0.983322] (micro_ros_setup) StdoutLine: {'line': b'-- Installing: /home/vfran/billeagle_ws/microros_ws/install/micro_ros_setup/lib/micro_ros_setup/build_firmware.sh\n'}
[0.983619] (micro_ros_setup) StdoutLine: {'line': b'-- Installing: /home/vfran/billeagle_ws/microros_ws/install/micro_ros_setup/lib/micro_ros_setup/build_agent.sh\n'}
[0.983909] (micro_ros_setup) StdoutLine: {'line': b'-- Installing: /home/vfran/billeagle_ws/microros_ws/install/micro_ros_setup/lib/micro_ros_setup/yaml_filter.py\n'}
[0.984201] (micro_ros_setup) StdoutLine: {'line': b'-- Installing: /home/vfran/billeagle_ws/microros_ws/install/micro_ros_setup/lib/micro_ros_setup/clean_env.sh\n'}
[0.984459] (micro_ros_setup) StdoutLine: {'line': b'-- Installing: /home/vfran/billeagle_ws/microros_ws/install/micro_ros_setup/lib/micro_ros_setup/component\n'}
[0.987063] (micro_ros_setup) CommandEnded: {'returncode': 0}
[1.000869] (-) TimerEvent: {}
[1.005969] (micro_ros_setup) JobEnded: {'identifier': 'micro_ros_setup', 'rc': 0}
[1.101160] (-) TimerEvent: {}
[1.126724] (micro_ros_msgs) StdoutLine: {'line': b'-- Found ament_cmake_ros: 0.10.0 (/opt/ros/humble/share/ament_cmake_ros/cmake)\n'}
[1.201382] (-) TimerEvent: {}
[1.249355] (micro_ros_msgs) StdoutLine: {'line': b'-- Using all available rosidl_typesupport_c: rosidl_typesupport_fastrtps_c;rosidl_typesupport_introspection_c\n'}
[1.301665] (-) TimerEvent: {}
[1.396377] (micro_ros_msgs) StdoutLine: {'line': b'-- Using all available rosidl_typesupport_cpp: rosidl_typesupport_fastrtps_cpp;rosidl_typesupport_introspection_cpp\n'}
[1.401797] (-) TimerEvent: {}
[1.425853] (micro_ros_msgs) StdoutLine: {'line': b'-- Found PythonInterp: /usr/bin/python3 (found suitable version "3.10.12", minimum required is "3.6") \n'}
[1.428927] (micro_ros_msgs) StdoutLine: {'line': b'-- Found python_cmake_module: 0.10.0 (/opt/ros/humble/share/python_cmake_module/cmake)\n'}
[1.465296] (micro_ros_msgs) StdoutLine: {'line': b'-- Found PythonLibs: /usr/lib/x86_64-linux-gnu/libpython3.10.so (found suitable version "3.10.12", minimum required is "3.5") \n'}
[1.465843] (micro_ros_msgs) StdoutLine: {'line': b'-- Using PYTHON_EXECUTABLE: /usr/bin/python3\n'}
[1.466041] (micro_ros_msgs) StdoutLine: {'line': b'-- Using PYTHON_INCLUDE_DIRS: /usr/include/python3.10\n'}
[1.466201] (micro_ros_msgs) StdoutLine: {'line': b'-- Using PYTHON_LIBRARIES: /usr/lib/x86_64-linux-gnu/libpython3.10.so\n'}
[1.493320] (micro_ros_msgs) StdoutLine: {'line': b'-- Found PythonExtra: .so  \n'}
[1.502012] (-) TimerEvent: {}
[1.537701] (micro_ros_msgs) StdoutLine: {'line': b"-- Added test 'copyright' to check source files copyright and LICENSE\n"}
[1.550803] (micro_ros_msgs) StdoutLine: {'line': b"-- Added test 'lint_cmake' to check CMake code style\n"}
[1.557851] (micro_ros_msgs) StdoutLine: {'line': b"-- Added test 'xmllint' to check XML markup files\n"}
[1.567074] (micro_ros_msgs) StdoutLine: {'line': b'-- Configuring done\n'}
[1.602256] (-) TimerEvent: {}
[1.613047] (micro_ros_msgs) StdoutLine: {'line': b'-- Generating done\n'}
[1.626831] (micro_ros_msgs) StdoutLine: {'line': b'-- Build files have been written to: /home/vfran/billeagle_ws/microros_ws/build/micro_ros_msgs\n'}
[1.637693] (micro_ros_msgs) CommandEnded: {'returncode': 0}
[1.639056] (micro_ros_msgs) JobProgress: {'identifier': 'micro_ros_msgs', 'progress': 'build'}
[1.639680] (micro_ros_msgs) Command: {'cmd': ['/usr/local/bin/cmake', '--build', '/home/vfran/billeagle_ws/microros_ws/build/micro_ros_msgs', '--', '-j16', '-l16'], 'cwd': '/home/vfran/billeagle_ws/microros_ws/build/micro_ros_msgs', 'env': OrderedDict([('LESSOPEN', '| /usr/bin/lesspipe %s'), ('LANGUAGE', 'pt_BR:ko:en'), ('USER', 'vfran'), ('LC_TIME', 'pt_BR.UTF-8'), ('XDG_SESSION_TYPE', 'x11'), ('SHLVL', '1'), ('LD_LIBRARY_PATH', '/usr/lib/x86_64-linux-gnu/gazebo-11/plugins:/opt/ros/humble/opt/rviz_ogre_vendor/lib:/opt/ros/humble/lib/x86_64-linux-gnu:/opt/ros/humble/lib'), ('HOME', '/home/vfran'), ('OLDPWD', '/home/vfran/billeagle_ws/bill_ws'), ('DESKTOP_SESSION', 'ubuntu'), ('ROS_PYTHON_VERSION', '3'), ('GNOME_SHELL_SESSION_MODE', 'ubuntu'), ('GTK_MODULES', 'gail:atk-bridge'), ('LC_MONETARY', 'pt_BR.UTF-8'), ('MANAGERPID', '1935'), ('SYSTEMD_EXEC_PID', '2555'), ('DBUS_SESSION_BUS_ADDRESS', 'unix:path=/run/user/1000/bus'), ('COLORTERM', 'truecolor'), ('TERMINATOR_DBUS_NAME', 'net.tenshu.Terminator23558193cd9818af7fe4d2c2f5bd9d00f'), ('GIO_LAUNCHED_DESKTOP_FILE_PID', '3241'), ('ROS_DISTRO', 'humble'), ('LOGNAME', 'vfran'), ('JOURNAL_STREAM', '8:16935'), ('_', '/usr/bin/colcon'), ('ROS_VERSION', '2'), ('XDG_SESSION_CLASS', 'user'), ('USERNAME', 'vfran'), ('TERM', 'xterm-256color'), ('GNOME_DESKTOP_SESSION_ID', 'this-is-deprecated'), ('ROS_LOCALHOST_ONLY', '0'), ('WINDOWPATH', '2'), ('PATH', '/opt/ros/humble/bin:/home/vfran/.local/bin:/usr/local/sbin:/usr/local/bin:/usr/sbin:/usr/bin:/sbin:/bin:/usr/games:/usr/local/games:/snap/bin:/snap/bin:/home/vfran/.dotnet/tools'), ('SESSION_MANAGER', 'local/vfran-ideapad-3:@/tmp/.ICE-unix/2203,unix/vfran-ideapad-3:/tmp/.ICE-unix/2203'), ('INVOCATION_ID', '7d6d9773d6fb4dcca3c488061a12552f'), ('PAPERSIZE', 'a4'), ('XDG_MENU_PREFIX', 'gnome-'), ('LC_ADDRESS', 'pt_BR.UTF-8'), ('XDG_RUNTIME_DIR', '/run/user/1000'), ('DISPLAY', ':1'), ('TERMINATOR_DBUS_PATH', '/net/tenshu/Terminator2'), ('LANG', 'pt_BR.UTF-8'), ('XDG_CURRENT_DESKTOP', 'ubuntu:GNOME'), ('DOTNET_BUNDLE_EXTRACT_BASE_DIR', '/home/vfran/.cache/dotnet_bundle_extract'), ('IBUS_DISABLE_SNOOPER', '1'), ('LC_TELEPHONE', 'pt_BR.UTF-8'), ('XMODIFIERS', '@im=ibus'), ('XDG_SESSION_DESKTOP', 'ubuntu'), ('XAUTHORITY', '/run/user/1000/gdm/Xauthority'), ('LS_COLORS', 'rs=0:di=01;34:ln=01;36:mh=00:pi=40;33:so=01;35:do=01;35:bd=40;33;01:cd=40;33;01:or=40;31;01:mi=00:su=37;41:sg=30;43:ca=30;41:tw=30;42:ow=34;42:st=37;44:ex=01;32:*.tar=01;31:*.tgz=01;31:*.arc=01;31:*.arj=01;31:*.taz=01;31:*.lha=01;31:*.lz4=01;31:*.lzh=01;31:*.lzma=01;31:*.tlz=01;31:*.txz=01;31:*.tzo=01;31:*.t7z=01;31:*.zip=01;31:*.z=01;31:*.dz=01;31:*.gz=01;31:*.lrz=01;31:*.lz=01;31:*.lzo=01;31:*.xz=01;31:*.zst=01;31:*.tzst=01;31:*.bz2=01;31:*.bz=01;31:*.tbz=01;31:*.tbz2=01;31:*.tz=01;31:*.deb=01;31:*.rpm=01;31:*.jar=01;31:*.war=01;31:*.ear=01;31:*.sar=01;31:*.rar=01;31:*.alz=01;31:*.ace=01;31:*.zoo=01;31:*.cpio=01;31:*.7z=01;31:*.rz=01;31:*.cab=01;31:*.wim=01;31:*.swm=01;31:*.dwm=01;31:*.esd=01;31:*.jpg=01;35:*.jpeg=01;35:*.mjpg=01;35:*.mjpeg=01;35:*.gif=01;35:*.bmp=01;35:*.pbm=01;35:*.pgm=01;35:*.ppm=01;35:*.tga=01;35:*.xbm=01;35:*.xpm=01;35:*.tif=01;35:*.tiff=01;35:*.png=01;35:*.svg=01;35:*.svgz=01;35:*.mng=01;35:*.pcx=01;35:*.mov=01;35:*.mpg=01;35:*.mpeg=01;35:*.m2v=01;35:*.mkv=01;35:*.webm=01;35:*.webp=01;35:*.ogm=01;35:*.mp4=01;35:*.m4v=01;35:*.mp4v=01;35:*.vob=01;35:*.qt=01;35:*.nuv=01;35:*.wmv=01;35:*.asf=01;35:*.rm=01;35:*.rmvb=01;35:*.flc=01;35:*.avi=01;35:*.fli=01;35:*.flv=01;35:*.gl=01;35:*.dl=01;35:*.xcf=01;35:*.xwd=01;35:*.yuv=01;35:*.cgm=01;35:*.emf=01;35:*.ogv=01;35:*.ogx=01;35:*.aac=00;36:*.au=00;36:*.flac=00;36:*.m4a=00;36:*.mid=00;36:*.midi=00;36:*.mka=00;36:*.mp3=00;36:*.mpc=00;36:*.ogg=00;36:*.ra=00;36:*.wav=00;36:*.oga=00;36:*.opus=00;36:*.spx=00;36:*.xspf=00;36:'), ('SSH_AGENT_LAUNCHER', 'gnome-keyring'), ('SSH_AUTH_SOCK', '/run/user/1000/keyring/ssh'), ('AMENT_PREFIX_PATH', '/opt/ros/humble'), ('SHELL', '/bin/bash'), ('LC_NAME', 'pt_BR.UTF-8'), ('TERMINATOR_UUID', 'urn:uuid:3290220c-5a3b-4ced-af1d-12b5ff00b1b2'), ('QT_ACCESSIBILITY', '1'), ('GDMSESSION', 'ubuntu'), ('LESSCLOSE', '/usr/bin/lesspipe %s %s'), ('LC_MEASUREMENT', 'pt_BR.UTF-8'), ('GPG_AGENT_INFO', '/run/user/1000/gnupg/S.gpg-agent:0:1'), ('LC_IDENTIFICATION', 'pt_BR.UTF-8'), ('QT_IM_MODULE', 'ibus'), ('PWD', '/home/vfran/billeagle_ws/microros_ws/build/micro_ros_msgs'), ('LC_ALL', 'en_US.UTF-8'), ('XDG_CONFIG_DIRS', '/etc/xdg/xdg-ubuntu:/etc/xdg'), ('XDG_DATA_DIRS', '/usr/share/ubuntu:/usr/share/gnome:/home/vfran/.local/share/flatpak/exports/share:/var/lib/flatpak/exports/share:/usr/local/share/:/usr/share/:/var/lib/snapd/desktop'), ('PYTHONPATH', '/opt/ros/humble/lib/python3.10/site-packages:/opt/ros/humble/local/lib/python3.10/dist-packages'), ('LC_NUMERIC', 'pt_BR.UTF-8'), ('LC_PAPER', 'pt_BR.UTF-8'), ('COLCON', '1'), ('VTE_VERSION', '6800'), ('CMAKE_PREFIX_PATH', '/opt/ros/humble')]), 'shell': False}
[1.678621] (micro_ros_msgs) StdoutLine: {'line': b'[  2%] \x1b[34m\x1b[1mGenerating C code for ROS interfaces\x1b[0m\n'}
[1.687492] (micro_ros_msgs) StdoutLine: {'line': b'[  4%] \x1b[34m\x1b[1mGenerating C++ code for ROS interfaces\x1b[0m\n'}
[1.695014] (micro_ros_msgs) StdoutLine: {'line': b'[  4%] Built target ament_cmake_python_copy_micro_ros_msgs\n'}
[1.702441] (-) TimerEvent: {}
[1.803036] (-) TimerEvent: {}
[1.903679] (-) TimerEvent: {}
[2.004277] (-) TimerEvent: {}
[2.028508] (micro_ros_msgs) StdoutLine: {'line': b'running egg_info\n'}
[2.029317] (micro_ros_msgs) StdoutLine: {'line': b'creating micro_ros_msgs.egg-info\n'}
[2.029763] (micro_ros_msgs) StdoutLine: {'line': b'writing micro_ros_msgs.egg-info/PKG-INFO\n'}
[2.030187] (micro_ros_msgs) StdoutLine: {'line': b'writing dependency_links to micro_ros_msgs.egg-info/dependency_links.txt\n'}
[2.030459] (micro_ros_msgs) StdoutLine: {'line': b'writing top-level names to micro_ros_msgs.egg-info/top_level.txt\n'}
[2.030730] (micro_ros_msgs) StdoutLine: {'line': b"writing manifest file 'micro_ros_msgs.egg-info/SOURCES.txt'\n"}
[2.036583] (micro_ros_msgs) StdoutLine: {'line': b"reading manifest file 'micro_ros_msgs.egg-info/SOURCES.txt'\n"}
[2.037147] (micro_ros_msgs) StdoutLine: {'line': b"writing manifest file 'micro_ros_msgs.egg-info/SOURCES.txt'\n"}
[2.080313] (micro_ros_msgs) StdoutLine: {'line': b'[  4%] Built target ament_cmake_python_build_micro_ros_msgs_egg\n'}
[2.104445] (-) TimerEvent: {}
[2.121996] (micro_ros_msgs) StdoutLine: {'line': b'[  6%] \x1b[32mBuilding C object CMakeFiles/micro_ros_msgs__rosidl_generator_c.dir/rosidl_generator_c/micro_ros_msgs/msg/detail/graph__functions.c.o\x1b[0m\n'}
[2.122216] (micro_ros_msgs) StdoutLine: {'line': b'[  8%] \x1b[32mBuilding C object CMakeFiles/micro_ros_msgs__rosidl_generator_c.dir/rosidl_generator_c/micro_ros_msgs/msg/detail/node__functions.c.o\x1b[0m\n'}
[2.122918] (micro_ros_msgs) StdoutLine: {'line': b'[ 10%] \x1b[32mBuilding C object CMakeFiles/micro_ros_msgs__rosidl_generator_c.dir/rosidl_generator_c/micro_ros_msgs/msg/detail/entity__functions.c.o\x1b[0m\n'}
[2.127880] (micro_ros_msgs) StdoutLine: {'line': b'[ 10%] Built target micro_ros_msgs__cpp\n'}
[2.136550] (micro_ros_msgs) StdoutLine: {'line': b'[ 14%] \x1b[34m\x1b[1mGenerating C++ type support dispatch for ROS interfaces\x1b[0m\n'}
[2.136967] (micro_ros_msgs) StdoutLine: {'line': b'[ 14%] \x1b[34m\x1b[1mGenerating C++ type support for eProsima Fast-RTPS\x1b[0m\n'}
[2.138000] (micro_ros_msgs) StdoutLine: {'line': b'[ 17%] \x1b[34m\x1b[1mGenerating C++ introspection for ROS interfaces\x1b[0m\n'}
[2.199211] (micro_ros_msgs) StdoutLine: {'line': b'[ 19%] \x1b[32m\x1b[1mLinking C shared library libmicro_ros_msgs__rosidl_generator_c.so\x1b[0m\n'}
[2.204582] (-) TimerEvent: {}
[2.241103] (micro_ros_msgs) StdoutLine: {'line': b'[ 19%] Built target micro_ros_msgs__rosidl_generator_c\n'}
[2.249166] (micro_ros_msgs) StdoutLine: {'line': b'[ 23%] \x1b[34m\x1b[1mGenerating C introspection for ROS interfaces\x1b[0m\n'}
[2.249384] (micro_ros_msgs) StdoutLine: {'line': b'[ 23%] \x1b[34m\x1b[1mGenerating C type support for eProsima Fast-RTPS\x1b[0m\n'}
[2.250565] (micro_ros_msgs) StdoutLine: {'line': b'[ 25%] \x1b[34m\x1b[1mGenerating C type support dispatch for ROS interfaces\x1b[0m\n'}
[2.304738] (-) TimerEvent: {}
[2.405129] (-) TimerEvent: {}
[2.477167] (micro_ros_msgs) StdoutLine: {'line': b'[ 29%] \x1b[32mBuilding CXX object CMakeFiles/micro_ros_msgs__rosidl_typesupport_cpp.dir/rosidl_typesupport_cpp/micro_ros_msgs/msg/graph__type_support.cpp.o\x1b[0m\n'}
[2.477453] (micro_ros_msgs) StdoutLine: {'line': b'[ 29%] \x1b[32mBuilding CXX object CMakeFiles/micro_ros_msgs__rosidl_typesupport_cpp.dir/rosidl_typesupport_cpp/micro_ros_msgs/msg/entity__type_support.cpp.o\x1b[0m\n'}
[2.477935] (micro_ros_msgs) StdoutLine: {'line': b'[ 31%] \x1b[32mBuilding CXX object CMakeFiles/micro_ros_msgs__rosidl_typesupport_cpp.dir/rosidl_typesupport_cpp/micro_ros_msgs/msg/node__type_support.cpp.o\x1b[0m\n'}
[2.505299] (-) TimerEvent: {}
[2.517625] (micro_ros_msgs) StdoutLine: {'line': b'[ 34%] \x1b[32mBuilding CXX object CMakeFiles/micro_ros_msgs__rosidl_typesupport_introspection_cpp.dir/rosidl_typesupport_introspection_cpp/micro_ros_msgs/msg/detail/node__type_support.cpp.o\x1b[0m\n'}
[2.518149] (micro_ros_msgs) StdoutLine: {'line': b'[ 36%] \x1b[32mBuilding CXX object CMakeFiles/micro_ros_msgs__rosidl_typesupport_introspection_cpp.dir/rosidl_typesupport_introspection_cpp/micro_ros_msgs/msg/detail/entity__type_support.cpp.o\x1b[0m\n'}
[2.518819] (micro_ros_msgs) StdoutLine: {'line': b'[ 38%] \x1b[32mBuilding CXX object CMakeFiles/micro_ros_msgs__rosidl_typesupport_introspection_cpp.dir/rosidl_typesupport_introspection_cpp/micro_ros_msgs/msg/detail/graph__type_support.cpp.o\x1b[0m\n'}
[2.545213] (micro_ros_msgs) StdoutLine: {'line': b'[ 44%] \x1b[32mBuilding CXX object CMakeFiles/micro_ros_msgs__rosidl_typesupport_fastrtps_cpp.dir/rosidl_typesupport_fastrtps_cpp/micro_ros_msgs/msg/detail/dds_fastrtps/node__type_support.cpp.o\x1b[0m\n'}
[2.545412] (micro_ros_msgs) StdoutLine: {'line': b'[ 44%] \x1b[32mBuilding CXX object CMakeFiles/micro_ros_msgs__rosidl_typesupport_fastrtps_cpp.dir/rosidl_typesupport_fastrtps_cpp/micro_ros_msgs/msg/detail/dds_fastrtps/graph__type_support.cpp.o\x1b[0m\n'}
[2.545493] (micro_ros_msgs) StdoutLine: {'line': b'[ 44%] \x1b[32mBuilding CXX object CMakeFiles/micro_ros_msgs__rosidl_typesupport_fastrtps_cpp.dir/rosidl_typesupport_fastrtps_cpp/micro_ros_msgs/msg/detail/dds_fastrtps/entity__type_support.cpp.o\x1b[0m\n'}
[2.605477] (-) TimerEvent: {}
[2.621971] (micro_ros_msgs) StdoutLine: {'line': b'[ 46%] \x1b[32mBuilding CXX object CMakeFiles/micro_ros_msgs__rosidl_typesupport_c.dir/rosidl_typesupport_c/micro_ros_msgs/msg/node__type_support.cpp.o\x1b[0m\n'}
[2.622176] (micro_ros_msgs) StdoutLine: {'line': b'[ 48%] \x1b[32mBuilding CXX object CMakeFiles/micro_ros_msgs__rosidl_typesupport_c.dir/rosidl_typesupport_c/micro_ros_msgs/msg/graph__type_support.cpp.o\x1b[0m\n'}
[2.623535] (micro_ros_msgs) StdoutLine: {'line': b'[ 51%] \x1b[32mBuilding CXX object CMakeFiles/micro_ros_msgs__rosidl_typesupport_c.dir/rosidl_typesupport_c/micro_ros_msgs/msg/entity__type_support.cpp.o\x1b[0m\n'}
[2.677052] (micro_ros_msgs) StdoutLine: {'line': b'[ 53%] \x1b[32m\x1b[1mLinking CXX shared library libmicro_ros_msgs__rosidl_typesupport_c.so\x1b[0m\n'}
[2.702925] (micro_ros_msgs) StdoutLine: {'line': b'[ 57%] \x1b[32mBuilding C object CMakeFiles/micro_ros_msgs__rosidl_typesupport_introspection_c.dir/rosidl_typesupport_introspection_c/micro_ros_msgs/msg/detail/node__type_support.c.o\x1b[0m\n'}
[2.703184] (micro_ros_msgs) StdoutLine: {'line': b'[ 57%] \x1b[32mBuilding C object CMakeFiles/micro_ros_msgs__rosidl_typesupport_introspection_c.dir/rosidl_typesupport_introspection_c/micro_ros_msgs/msg/detail/graph__type_support.c.o\x1b[0m\n'}
[2.703862] (micro_ros_msgs) StdoutLine: {'line': b'[ 59%] \x1b[32mBuilding C object CMakeFiles/micro_ros_msgs__rosidl_typesupport_introspection_c.dir/rosidl_typesupport_introspection_c/micro_ros_msgs/msg/detail/entity__type_support.c.o\x1b[0m\n'}
[2.705653] (-) TimerEvent: {}
[2.720349] (micro_ros_msgs) StdoutLine: {'line': b'[ 63%] \x1b[32mBuilding CXX object CMakeFiles/micro_ros_msgs__rosidl_typesupport_fastrtps_c.dir/rosidl_typesupport_fastrtps_c/micro_ros_msgs/msg/detail/entity__type_support_c.cpp.o\x1b[0m\n'}
[2.720703] (micro_ros_msgs) StdoutLine: {'line': b'[ 63%] \x1b[32mBuilding CXX object CMakeFiles/micro_ros_msgs__rosidl_typesupport_fastrtps_c.dir/rosidl_typesupport_fastrtps_c/micro_ros_msgs/msg/detail/graph__type_support_c.cpp.o\x1b[0m\n'}
[2.720832] (micro_ros_msgs) StdoutLine: {'line': b'[ 65%] \x1b[32mBuilding CXX object CMakeFiles/micro_ros_msgs__rosidl_typesupport_fastrtps_c.dir/rosidl_typesupport_fastrtps_c/micro_ros_msgs/msg/detail/node__type_support_c.cpp.o\x1b[0m\n'}
[2.738670] (micro_ros_msgs) StdoutLine: {'line': b'[ 65%] Built target micro_ros_msgs__rosidl_typesupport_c\n'}
[2.767721] (micro_ros_msgs) StdoutLine: {'line': b'[ 68%] \x1b[32m\x1b[1mLinking C shared library libmicro_ros_msgs__rosidl_typesupport_introspection_c.so\x1b[0m\n'}
[2.800644] (micro_ros_msgs) StdoutLine: {'line': b'[ 68%] Built target micro_ros_msgs__rosidl_typesupport_introspection_c\n'}
[2.805811] (-) TimerEvent: {}
[2.906317] (-) TimerEvent: {}
[3.006809] (-) TimerEvent: {}
[3.020488] (micro_ros_msgs) StdoutLine: {'line': b'[ 70%] \x1b[32m\x1b[1mLinking CXX shared library libmicro_ros_msgs__rosidl_typesupport_cpp.so\x1b[0m\n'}
[3.087998] (micro_ros_msgs) StdoutLine: {'line': b'[ 70%] Built target micro_ros_msgs__rosidl_typesupport_cpp\n'}
[3.106968] (-) TimerEvent: {}
[3.207452] (-) TimerEvent: {}
[3.259465] (micro_ros_msgs) StdoutLine: {'line': b'[ 72%] \x1b[32m\x1b[1mLinking CXX shared library libmicro_ros_msgs__rosidl_typesupport_fastrtps_cpp.so\x1b[0m\n'}
[3.299830] (micro_ros_msgs) StdoutLine: {'line': b'[ 74%] \x1b[32m\x1b[1mLinking CXX shared library libmicro_ros_msgs__rosidl_typesupport_fastrtps_c.so\x1b[0m\n'}
[3.307524] (micro_ros_msgs) StdoutLine: {'line': b'[ 76%] \x1b[32m\x1b[1mLinking CXX shared library libmicro_ros_msgs__rosidl_typesupport_introspection_cpp.so\x1b[0m\n'}
[3.307951] (-) TimerEvent: {}
[3.385347] (micro_ros_msgs) StdoutLine: {'line': b'[ 76%] Built target micro_ros_msgs__rosidl_typesupport_fastrtps_cpp\n'}
[3.408090] (-) TimerEvent: {}
[3.412675] (micro_ros_msgs) StdoutLine: {'line': b'[ 76%] Built target micro_ros_msgs__rosidl_typesupport_fastrtps_c\n'}
[3.425482] (micro_ros_msgs) StdoutLine: {'line': b'[ 76%] Built target micro_ros_msgs__rosidl_typesupport_introspection_cpp\n'}
[3.444395] (micro_ros_msgs) StdoutLine: {'line': b'[ 76%] Built target micro_ros_msgs\n'}
[3.460301] (micro_ros_msgs) StdoutLine: {'line': b'[ 78%] \x1b[34m\x1b[1mGenerating Python code for ROS interfaces\x1b[0m\n'}
[3.508279] (-) TimerEvent: {}
[3.608713] (-) TimerEvent: {}
[3.709077] (-) TimerEvent: {}
[3.809526] (-) TimerEvent: {}
[3.910018] (-) TimerEvent: {}
[4.010547] (-) TimerEvent: {}
[4.047189] (micro_ros_msgs) StdoutLine: {'line': b'[ 78%] Built target micro_ros_msgs__py\n'}
[4.062938] (micro_ros_msgs) StdoutLine: {'line': b'[ 80%] \x1b[32mBuilding C object CMakeFiles/micro_ros_msgs__rosidl_generator_py.dir/rosidl_generator_py/micro_ros_msgs/msg/_graph_s.c.o\x1b[0m\n'}
[4.064075] (micro_ros_msgs) StdoutLine: {'line': b'[ 82%] \x1b[32mBuilding C object CMakeFiles/micro_ros_msgs__rosidl_generator_py.dir/rosidl_generator_py/micro_ros_msgs/msg/_node_s.c.o\x1b[0m\n'}
[4.065714] (micro_ros_msgs) StdoutLine: {'line': b'[ 85%] \x1b[32mBuilding C object CMakeFiles/micro_ros_msgs__rosidl_generator_py.dir/rosidl_generator_py/micro_ros_msgs/msg/_entity_s.c.o\x1b[0m\n'}
[4.110752] (-) TimerEvent: {}
[4.211230] (-) TimerEvent: {}
[4.211649] (micro_ros_msgs) StdoutLine: {'line': b'[ 87%] \x1b[32m\x1b[1mLinking C shared library rosidl_generator_py/micro_ros_msgs/libmicro_ros_msgs__rosidl_generator_py.so\x1b[0m\n'}
[4.259001] (micro_ros_msgs) StdoutLine: {'line': b'[ 87%] Built target micro_ros_msgs__rosidl_generator_py\n'}
[4.276792] (micro_ros_msgs) StdoutLine: {'line': b'[ 89%] \x1b[32mBuilding C object CMakeFiles/micro_ros_msgs__rosidl_typesupport_fastrtps_c__pyext.dir/rosidl_generator_py/micro_ros_msgs/_micro_ros_msgs_s.ep.rosidl_typesupport_fastrtps_c.c.o\x1b[0m\n'}
[4.277773] (micro_ros_msgs) StdoutLine: {'line': b'[ 91%] \x1b[32mBuilding C object CMakeFiles/micro_ros_msgs__rosidl_typesupport_introspection_c__pyext.dir/rosidl_generator_py/micro_ros_msgs/_micro_ros_msgs_s.ep.rosidl_typesupport_introspection_c.c.o\x1b[0m\n'}
[4.279069] (micro_ros_msgs) StdoutLine: {'line': b'[ 93%] \x1b[32mBuilding C object CMakeFiles/micro_ros_msgs__rosidl_typesupport_c__pyext.dir/rosidl_generator_py/micro_ros_msgs/_micro_ros_msgs_s.ep.rosidl_typesupport_c.c.o\x1b[0m\n'}
[4.311432] (-) TimerEvent: {}
[4.393955] (micro_ros_msgs) StdoutLine: {'line': b'[ 95%] \x1b[32m\x1b[1mLinking C shared library rosidl_generator_py/micro_ros_msgs/micro_ros_msgs_s__rosidl_typesupport_introspection_c.cpython-310-x86_64-linux-gnu.so\x1b[0m\n'}
[4.394305] (micro_ros_msgs) StdoutLine: {'line': b'[ 97%] \x1b[32m\x1b[1mLinking C shared library rosidl_generator_py/micro_ros_msgs/micro_ros_msgs_s__rosidl_typesupport_c.cpython-310-x86_64-linux-gnu.so\x1b[0m\n'}
[4.402034] (micro_ros_msgs) StdoutLine: {'line': b'[100%] \x1b[32m\x1b[1mLinking C shared library rosidl_generator_py/micro_ros_msgs/micro_ros_msgs_s__rosidl_typesupport_fastrtps_c.cpython-310-x86_64-linux-gnu.so\x1b[0m\n'}
[4.411564] (-) TimerEvent: {}
[4.429946] (micro_ros_msgs) StdoutLine: {'line': b'[100%] Built target micro_ros_msgs__rosidl_typesupport_introspection_c__pyext\n'}
[4.430260] (micro_ros_msgs) StdoutLine: {'line': b'[100%] Built target micro_ros_msgs__rosidl_typesupport_c__pyext\n'}
[4.440370] (micro_ros_msgs) StdoutLine: {'line': b'[100%] Built target micro_ros_msgs__rosidl_typesupport_fastrtps_c__pyext\n'}
[4.452768] (micro_ros_msgs) CommandEnded: {'returncode': 0}
[4.454006] (micro_ros_msgs) JobProgress: {'identifier': 'micro_ros_msgs', 'progress': 'install'}
[4.455790] (micro_ros_msgs) Command: {'cmd': ['/usr/local/bin/cmake', '--install', '/home/vfran/billeagle_ws/microros_ws/build/micro_ros_msgs'], 'cwd': '/home/vfran/billeagle_ws/microros_ws/build/micro_ros_msgs', 'env': OrderedDict([('LESSOPEN', '| /usr/bin/lesspipe %s'), ('LANGUAGE', 'pt_BR:ko:en'), ('USER', 'vfran'), ('LC_TIME', 'pt_BR.UTF-8'), ('XDG_SESSION_TYPE', 'x11'), ('SHLVL', '1'), ('LD_LIBRARY_PATH', '/usr/lib/x86_64-linux-gnu/gazebo-11/plugins:/opt/ros/humble/opt/rviz_ogre_vendor/lib:/opt/ros/humble/lib/x86_64-linux-gnu:/opt/ros/humble/lib'), ('HOME', '/home/vfran'), ('OLDPWD', '/home/vfran/billeagle_ws/bill_ws'), ('DESKTOP_SESSION', 'ubuntu'), ('ROS_PYTHON_VERSION', '3'), ('GNOME_SHELL_SESSION_MODE', 'ubuntu'), ('GTK_MODULES', 'gail:atk-bridge'), ('LC_MONETARY', 'pt_BR.UTF-8'), ('MANAGERPID', '1935'), ('SYSTEMD_EXEC_PID', '2555'), ('DBUS_SESSION_BUS_ADDRESS', 'unix:path=/run/user/1000/bus'), ('COLORTERM', 'truecolor'), ('TERMINATOR_DBUS_NAME', 'net.tenshu.Terminator23558193cd9818af7fe4d2c2f5bd9d00f'), ('GIO_LAUNCHED_DESKTOP_FILE_PID', '3241'), ('ROS_DISTRO', 'humble'), ('LOGNAME', 'vfran'), ('JOURNAL_STREAM', '8:16935'), ('_', '/usr/bin/colcon'), ('ROS_VERSION', '2'), ('XDG_SESSION_CLASS', 'user'), ('USERNAME', 'vfran'), ('TERM', 'xterm-256color'), ('GNOME_DESKTOP_SESSION_ID', 'this-is-deprecated'), ('ROS_LOCALHOST_ONLY', '0'), ('WINDOWPATH', '2'), ('PATH', '/opt/ros/humble/bin:/home/vfran/.local/bin:/usr/local/sbin:/usr/local/bin:/usr/sbin:/usr/bin:/sbin:/bin:/usr/games:/usr/local/games:/snap/bin:/snap/bin:/home/vfran/.dotnet/tools'), ('SESSION_MANAGER', 'local/vfran-ideapad-3:@/tmp/.ICE-unix/2203,unix/vfran-ideapad-3:/tmp/.ICE-unix/2203'), ('INVOCATION_ID', '7d6d9773d6fb4dcca3c488061a12552f'), ('PAPERSIZE', 'a4'), ('XDG_MENU_PREFIX', 'gnome-'), ('LC_ADDRESS', 'pt_BR.UTF-8'), ('XDG_RUNTIME_DIR', '/run/user/1000'), ('DISPLAY', ':1'), ('TERMINATOR_DBUS_PATH', '/net/tenshu/Terminator2'), ('LANG', 'pt_BR.UTF-8'), ('XDG_CURRENT_DESKTOP', 'ubuntu:GNOME'), ('DOTNET_BUNDLE_EXTRACT_BASE_DIR', '/home/vfran/.cache/dotnet_bundle_extract'), ('IBUS_DISABLE_SNOOPER', '1'), ('LC_TELEPHONE', 'pt_BR.UTF-8'), ('XMODIFIERS', '@im=ibus'), ('XDG_SESSION_DESKTOP', 'ubuntu'), ('XAUTHORITY', '/run/user/1000/gdm/Xauthority'), ('LS_COLORS', 'rs=0:di=01;34:ln=01;36:mh=00:pi=40;33:so=01;35:do=01;35:bd=40;33;01:cd=40;33;01:or=40;31;01:mi=00:su=37;41:sg=30;43:ca=30;41:tw=30;42:ow=34;42:st=37;44:ex=01;32:*.tar=01;31:*.tgz=01;31:*.arc=01;31:*.arj=01;31:*.taz=01;31:*.lha=01;31:*.lz4=01;31:*.lzh=01;31:*.lzma=01;31:*.tlz=01;31:*.txz=01;31:*.tzo=01;31:*.t7z=01;31:*.zip=01;31:*.z=01;31:*.dz=01;31:*.gz=01;31:*.lrz=01;31:*.lz=01;31:*.lzo=01;31:*.xz=01;31:*.zst=01;31:*.tzst=01;31:*.bz2=01;31:*.bz=01;31:*.tbz=01;31:*.tbz2=01;31:*.tz=01;31:*.deb=01;31:*.rpm=01;31:*.jar=01;31:*.war=01;31:*.ear=01;31:*.sar=01;31:*.rar=01;31:*.alz=01;31:*.ace=01;31:*.zoo=01;31:*.cpio=01;31:*.7z=01;31:*.rz=01;31:*.cab=01;31:*.wim=01;31:*.swm=01;31:*.dwm=01;31:*.esd=01;31:*.jpg=01;35:*.jpeg=01;35:*.mjpg=01;35:*.mjpeg=01;35:*.gif=01;35:*.bmp=01;35:*.pbm=01;35:*.pgm=01;35:*.ppm=01;35:*.tga=01;35:*.xbm=01;35:*.xpm=01;35:*.tif=01;35:*.tiff=01;35:*.png=01;35:*.svg=01;35:*.svgz=01;35:*.mng=01;35:*.pcx=01;35:*.mov=01;35:*.mpg=01;35:*.mpeg=01;35:*.m2v=01;35:*.mkv=01;35:*.webm=01;35:*.webp=01;35:*.ogm=01;35:*.mp4=01;35:*.m4v=01;35:*.mp4v=01;35:*.vob=01;35:*.qt=01;35:*.nuv=01;35:*.wmv=01;35:*.asf=01;35:*.rm=01;35:*.rmvb=01;35:*.flc=01;35:*.avi=01;35:*.fli=01;35:*.flv=01;35:*.gl=01;35:*.dl=01;35:*.xcf=01;35:*.xwd=01;35:*.yuv=01;35:*.cgm=01;35:*.emf=01;35:*.ogv=01;35:*.ogx=01;35:*.aac=00;36:*.au=00;36:*.flac=00;36:*.m4a=00;36:*.mid=00;36:*.midi=00;36:*.mka=00;36:*.mp3=00;36:*.mpc=00;36:*.ogg=00;36:*.ra=00;36:*.wav=00;36:*.oga=00;36:*.opus=00;36:*.spx=00;36:*.xspf=00;36:'), ('SSH_AGENT_LAUNCHER', 'gnome-keyring'), ('SSH_AUTH_SOCK', '/run/user/1000/keyring/ssh'), ('AMENT_PREFIX_PATH', '/opt/ros/humble'), ('SHELL', '/bin/bash'), ('LC_NAME', 'pt_BR.UTF-8'), ('TERMINATOR_UUID', 'urn:uuid:3290220c-5a3b-4ced-af1d-12b5ff00b1b2'), ('QT_ACCESSIBILITY', '1'), ('GDMSESSION', 'ubuntu'), ('LESSCLOSE', '/usr/bin/lesspipe %s %s'), ('LC_MEASUREMENT', 'pt_BR.UTF-8'), ('GPG_AGENT_INFO', '/run/user/1000/gnupg/S.gpg-agent:0:1'), ('LC_IDENTIFICATION', 'pt_BR.UTF-8'), ('QT_IM_MODULE', 'ibus'), ('PWD', '/home/vfran/billeagle_ws/microros_ws/build/micro_ros_msgs'), ('LC_ALL', 'en_US.UTF-8'), ('XDG_CONFIG_DIRS', '/etc/xdg/xdg-ubuntu:/etc/xdg'), ('XDG_DATA_DIRS', '/usr/share/ubuntu:/usr/share/gnome:/home/vfran/.local/share/flatpak/exports/share:/var/lib/flatpak/exports/share:/usr/local/share/:/usr/share/:/var/lib/snapd/desktop'), ('PYTHONPATH', '/opt/ros/humble/lib/python3.10/site-packages:/opt/ros/humble/local/lib/python3.10/dist-packages'), ('LC_NUMERIC', 'pt_BR.UTF-8'), ('LC_PAPER', 'pt_BR.UTF-8'), ('COLCON', '1'), ('VTE_VERSION', '6800'), ('CMAKE_PREFIX_PATH', '/opt/ros/humble')]), 'shell': False}
[4.460573] (micro_ros_msgs) StdoutLine: {'line': b'-- Install configuration: ""\n'}
[4.460928] (micro_ros_msgs) StdoutLine: {'line': b'-- Installing: /home/vfran/billeagle_ws/microros_ws/install/micro_ros_msgs/share/ament_index/resource_index/rosidl_interfaces/micro_ros_msgs\n'}
[4.461195] (micro_ros_msgs) StdoutLine: {'line': b'-- Installing: /home/vfran/billeagle_ws/microros_ws/install/micro_ros_msgs/include/micro_ros_msgs/micro_ros_msgs\n'}
[4.461390] (micro_ros_msgs) StdoutLine: {'line': b'-- Installing: /home/vfran/billeagle_ws/microros_ws/install/micro_ros_msgs/include/micro_ros_msgs/micro_ros_msgs/msg\n'}
[4.461525] (micro_ros_msgs) StdoutLine: {'line': b'-- Installing: /home/vfran/billeagle_ws/microros_ws/install/micro_ros_msgs/include/micro_ros_msgs/micro_ros_msgs/msg/graph.h\n'}
[4.461663] (micro_ros_msgs) StdoutLine: {'line': b'-- Installing: /home/vfran/billeagle_ws/microros_ws/install/micro_ros_msgs/include/micro_ros_msgs/micro_ros_msgs/msg/entity.h\n'}
[4.461797] (micro_ros_msgs) StdoutLine: {'line': b'-- Installing: /home/vfran/billeagle_ws/microros_ws/install/micro_ros_msgs/include/micro_ros_msgs/micro_ros_msgs/msg/node.h\n'}
[4.461979] (micro_ros_msgs) StdoutLine: {'line': b'-- Installing: /home/vfran/billeagle_ws/microros_ws/install/micro_ros_msgs/include/micro_ros_msgs/micro_ros_msgs/msg/detail\n'}
[4.462148] (micro_ros_msgs) StdoutLine: {'line': b'-- Installing: /home/vfran/billeagle_ws/microros_ws/install/micro_ros_msgs/include/micro_ros_msgs/micro_ros_msgs/msg/detail/node__functions.c\n'}
[4.462299] (micro_ros_msgs) StdoutLine: {'line': b'-- Installing: /home/vfran/billeagle_ws/microros_ws/install/micro_ros_msgs/include/micro_ros_msgs/micro_ros_msgs/msg/detail/graph__struct.h\n'}
[4.462470] (micro_ros_msgs) StdoutLine: {'line': b'-- Installing: /home/vfran/billeagle_ws/microros_ws/install/micro_ros_msgs/include/micro_ros_msgs/micro_ros_msgs/msg/detail/entity__functions.c\n'}
[4.462688] (micro_ros_msgs) StdoutLine: {'line': b'-- Installing: /home/vfran/billeagle_ws/microros_ws/install/micro_ros_msgs/include/micro_ros_msgs/micro_ros_msgs/msg/detail/node__functions.h\n'}
[4.462848] (micro_ros_msgs) StdoutLine: {'line': b'-- Installing: /home/vfran/billeagle_ws/microros_ws/install/micro_ros_msgs/include/micro_ros_msgs/micro_ros_msgs/msg/detail/entity__functions.h\n'}
[4.463049] (micro_ros_msgs) StdoutLine: {'line': b'-- Installing: /home/vfran/billeagle_ws/microros_ws/install/micro_ros_msgs/include/micro_ros_msgs/micro_ros_msgs/msg/detail/node__type_support.h\n'}
[4.463191] (micro_ros_msgs) StdoutLine: {'line': b'-- Installing: /home/vfran/billeagle_ws/microros_ws/install/micro_ros_msgs/include/micro_ros_msgs/micro_ros_msgs/msg/detail/entity__type_support.h\n'}
[4.463359] (micro_ros_msgs) StdoutLine: {'line': b'-- Installing: /home/vfran/billeagle_ws/microros_ws/install/micro_ros_msgs/include/micro_ros_msgs/micro_ros_msgs/msg/detail/graph__functions.c\n'}
[4.463533] (micro_ros_msgs) StdoutLine: {'line': b'-- Installing: /home/vfran/billeagle_ws/microros_ws/install/micro_ros_msgs/include/micro_ros_msgs/micro_ros_msgs/msg/detail/graph__functions.h\n'}
[4.463757] (micro_ros_msgs) StdoutLine: {'line': b'-- Installing: /home/vfran/billeagle_ws/microros_ws/install/micro_ros_msgs/include/micro_ros_msgs/micro_ros_msgs/msg/detail/graph__type_support.h\n'}
[4.463909] (micro_ros_msgs) StdoutLine: {'line': b'-- Installing: /home/vfran/billeagle_ws/microros_ws/install/micro_ros_msgs/include/micro_ros_msgs/micro_ros_msgs/msg/detail/entity__struct.h\n'}
[4.464078] (micro_ros_msgs) StdoutLine: {'line': b'-- Installing: /home/vfran/billeagle_ws/microros_ws/install/micro_ros_msgs/include/micro_ros_msgs/micro_ros_msgs/msg/detail/node__struct.h\n'}
[4.464250] (micro_ros_msgs) StdoutLine: {'line': b'-- Installing: /home/vfran/billeagle_ws/microros_ws/install/micro_ros_msgs/include/micro_ros_msgs/micro_ros_msgs/msg/rosidl_generator_c__visibility_control.h\n'}
[4.464583] (micro_ros_msgs) StdoutLine: {'line': b'-- Installing: /home/vfran/billeagle_ws/microros_ws/install/micro_ros_msgs/share/micro_ros_msgs/environment/library_path.sh\n'}
[4.464804] (micro_ros_msgs) StdoutLine: {'line': b'-- Installing: /home/vfran/billeagle_ws/microros_ws/install/micro_ros_msgs/share/micro_ros_msgs/environment/library_path.dsv\n'}
[4.465098] (micro_ros_msgs) StdoutLine: {'line': b'-- Installing: /home/vfran/billeagle_ws/microros_ws/install/micro_ros_msgs/lib/libmicro_ros_msgs__rosidl_generator_c.so\n'}
[4.465698] (micro_ros_msgs) StdoutLine: {'line': b'-- Set runtime path of "/home/vfran/billeagle_ws/microros_ws/install/micro_ros_msgs/lib/libmicro_ros_msgs__rosidl_generator_c.so" to ""\n'}
[4.465851] (micro_ros_msgs) StdoutLine: {'line': b'-- Up-to-date: /home/vfran/billeagle_ws/microros_ws/install/micro_ros_msgs/include/micro_ros_msgs/micro_ros_msgs\n'}
[4.465928] (micro_ros_msgs) StdoutLine: {'line': b'-- Up-to-date: /home/vfran/billeagle_ws/microros_ws/install/micro_ros_msgs/include/micro_ros_msgs/micro_ros_msgs/msg\n'}
[4.465998] (micro_ros_msgs) StdoutLine: {'line': b'-- Installing: /home/vfran/billeagle_ws/microros_ws/install/micro_ros_msgs/include/micro_ros_msgs/micro_ros_msgs/msg/rosidl_typesupport_fastrtps_c__visibility_control.h\n'}
[4.466111] (micro_ros_msgs) StdoutLine: {'line': b'-- Up-to-date: /home/vfran/billeagle_ws/microros_ws/install/micro_ros_msgs/include/micro_ros_msgs/micro_ros_msgs/msg/detail\n'}
[4.466189] (micro_ros_msgs) StdoutLine: {'line': b'-- Installing: /home/vfran/billeagle_ws/microros_ws/install/micro_ros_msgs/include/micro_ros_msgs/micro_ros_msgs/msg/detail/entity__rosidl_typesupport_fastrtps_c.h\n'}
[4.466318] (micro_ros_msgs) StdoutLine: {'line': b'-- Installing: /home/vfran/billeagle_ws/microros_ws/install/micro_ros_msgs/include/micro_ros_msgs/micro_ros_msgs/msg/detail/graph__rosidl_typesupport_fastrtps_c.h\n'}
[4.466422] (micro_ros_msgs) StdoutLine: {'line': b'-- Installing: /home/vfran/billeagle_ws/microros_ws/install/micro_ros_msgs/include/micro_ros_msgs/micro_ros_msgs/msg/detail/node__rosidl_typesupport_fastrtps_c.h\n'}
[4.466692] (micro_ros_msgs) StdoutLine: {'line': b'-- Installing: /home/vfran/billeagle_ws/microros_ws/install/micro_ros_msgs/lib/libmicro_ros_msgs__rosidl_typesupport_fastrtps_c.so\n'}
[4.467329] (micro_ros_msgs) StdoutLine: {'line': b'-- Set runtime path of "/home/vfran/billeagle_ws/microros_ws/install/micro_ros_msgs/lib/libmicro_ros_msgs__rosidl_typesupport_fastrtps_c.so" to ""\n'}
[4.467509] (micro_ros_msgs) StdoutLine: {'line': b'-- Up-to-date: /home/vfran/billeagle_ws/microros_ws/install/micro_ros_msgs/include/micro_ros_msgs/micro_ros_msgs\n'}
[4.467593] (micro_ros_msgs) StdoutLine: {'line': b'-- Up-to-date: /home/vfran/billeagle_ws/microros_ws/install/micro_ros_msgs/include/micro_ros_msgs/micro_ros_msgs/msg\n'}
[4.467704] (micro_ros_msgs) StdoutLine: {'line': b'-- Installing: /home/vfran/billeagle_ws/microros_ws/install/micro_ros_msgs/include/micro_ros_msgs/micro_ros_msgs/msg/rosidl_typesupport_introspection_c__visibility_control.h\n'}
[4.467797] (micro_ros_msgs) StdoutLine: {'line': b'-- Up-to-date: /home/vfran/billeagle_ws/microros_ws/install/micro_ros_msgs/include/micro_ros_msgs/micro_ros_msgs/msg/detail\n'}
[4.467924] (micro_ros_msgs) StdoutLine: {'line': b'-- Installing: /home/vfran/billeagle_ws/microros_ws/install/micro_ros_msgs/include/micro_ros_msgs/micro_ros_msgs/msg/detail/node__rosidl_typesupport_introspection_c.h\n'}
[4.467995] (micro_ros_msgs) StdoutLine: {'line': b'-- Installing: /home/vfran/billeagle_ws/microros_ws/install/micro_ros_msgs/include/micro_ros_msgs/micro_ros_msgs/msg/detail/node__type_support.c\n'}
[4.468084] (micro_ros_msgs) StdoutLine: {'line': b'-- Installing: /home/vfran/billeagle_ws/microros_ws/install/micro_ros_msgs/include/micro_ros_msgs/micro_ros_msgs/msg/detail/entity__rosidl_typesupport_introspection_c.h\n'}
[4.468262] (micro_ros_msgs) StdoutLine: {'line': b'-- Installing: /home/vfran/billeagle_ws/microros_ws/install/micro_ros_msgs/include/micro_ros_msgs/micro_ros_msgs/msg/detail/graph__rosidl_typesupport_introspection_c.h\n'}
[4.468469] (micro_ros_msgs) StdoutLine: {'line': b'-- Installing: /home/vfran/billeagle_ws/microros_ws/install/micro_ros_msgs/include/micro_ros_msgs/micro_ros_msgs/msg/detail/graph__type_support.c\n'}
[4.468694] (micro_ros_msgs) StdoutLine: {'line': b'-- Installing: /home/vfran/billeagle_ws/microros_ws/install/micro_ros_msgs/include/micro_ros_msgs/micro_ros_msgs/msg/detail/entity__type_support.c\n'}
[4.468915] (micro_ros_msgs) StdoutLine: {'line': b'-- Installing: /home/vfran/billeagle_ws/microros_ws/install/micro_ros_msgs/lib/libmicro_ros_msgs__rosidl_typesupport_introspection_c.so\n'}
[4.469475] (micro_ros_msgs) StdoutLine: {'line': b'-- Set runtime path of "/home/vfran/billeagle_ws/microros_ws/install/micro_ros_msgs/lib/libmicro_ros_msgs__rosidl_typesupport_introspection_c.so" to ""\n'}
[4.469655] (micro_ros_msgs) StdoutLine: {'line': b'-- Installing: /home/vfran/billeagle_ws/microros_ws/install/micro_ros_msgs/lib/libmicro_ros_msgs__rosidl_typesupport_c.so\n'}
[4.470061] (micro_ros_msgs) StdoutLine: {'line': b'-- Set runtime path of "/home/vfran/billeagle_ws/microros_ws/install/micro_ros_msgs/lib/libmicro_ros_msgs__rosidl_typesupport_c.so" to ""\n'}
[4.470242] (micro_ros_msgs) StdoutLine: {'line': b'-- Up-to-date: /home/vfran/billeagle_ws/microros_ws/install/micro_ros_msgs/include/micro_ros_msgs/micro_ros_msgs\n'}
[4.470322] (micro_ros_msgs) StdoutLine: {'line': b'-- Up-to-date: /home/vfran/billeagle_ws/microros_ws/install/micro_ros_msgs/include/micro_ros_msgs/micro_ros_msgs/msg\n'}
[4.470395] (micro_ros_msgs) StdoutLine: {'line': b'-- Installing: /home/vfran/billeagle_ws/microros_ws/install/micro_ros_msgs/include/micro_ros_msgs/micro_ros_msgs/msg/rosidl_generator_cpp__visibility_control.hpp\n'}
[4.470523] (micro_ros_msgs) StdoutLine: {'line': b'-- Installing: /home/vfran/billeagle_ws/microros_ws/install/micro_ros_msgs/include/micro_ros_msgs/micro_ros_msgs/msg/graph.hpp\n'}
[4.470608] (micro_ros_msgs) StdoutLine: {'line': b'-- Installing: /home/vfran/billeagle_ws/microros_ws/install/micro_ros_msgs/include/micro_ros_msgs/micro_ros_msgs/msg/node.hpp\n'}
[4.470710] (micro_ros_msgs) StdoutLine: {'line': b'-- Up-to-date: /home/vfran/billeagle_ws/microros_ws/install/micro_ros_msgs/include/micro_ros_msgs/micro_ros_msgs/msg/detail\n'}
[4.470818] (micro_ros_msgs) StdoutLine: {'line': b'-- Installing: /home/vfran/billeagle_ws/microros_ws/install/micro_ros_msgs/include/micro_ros_msgs/micro_ros_msgs/msg/detail/entity__struct.hpp\n'}
[4.471009] (micro_ros_msgs) StdoutLine: {'line': b'-- Installing: /home/vfran/billeagle_ws/microros_ws/install/micro_ros_msgs/include/micro_ros_msgs/micro_ros_msgs/msg/detail/node__traits.hpp\n'}
[4.471199] (micro_ros_msgs) StdoutLine: {'line': b'-- Installing: /home/vfran/billeagle_ws/microros_ws/install/micro_ros_msgs/include/micro_ros_msgs/micro_ros_msgs/msg/detail/node__type_support.hpp\n'}
[4.471371] (micro_ros_msgs) StdoutLine: {'line': b'-- Installing: /home/vfran/billeagle_ws/microros_ws/install/micro_ros_msgs/include/micro_ros_msgs/micro_ros_msgs/msg/detail/graph__type_support.hpp\n'}
[4.471546] (micro_ros_msgs) StdoutLine: {'line': b'-- Installing: /home/vfran/billeagle_ws/microros_ws/install/micro_ros_msgs/include/micro_ros_msgs/micro_ros_msgs/msg/detail/entity__traits.hpp\n'}
[4.471734] (micro_ros_msgs) StdoutLine: {'line': b'-- Installing: /home/vfran/billeagle_ws/microros_ws/install/micro_ros_msgs/include/micro_ros_msgs/micro_ros_msgs/msg/detail/entity__builder.hpp\n'}
[4.471942] (micro_ros_msgs) StdoutLine: {'line': b'-- Installing: /home/vfran/billeagle_ws/microros_ws/install/micro_ros_msgs/include/micro_ros_msgs/micro_ros_msgs/msg/detail/entity__type_support.hpp\n'}
[4.472093] (micro_ros_msgs) StdoutLine: {'line': b'-- Installing: /home/vfran/billeagle_ws/microros_ws/install/micro_ros_msgs/include/micro_ros_msgs/micro_ros_msgs/msg/detail/node__builder.hpp\n'}
[4.472298] (micro_ros_msgs) StdoutLine: {'line': b'-- Installing: /home/vfran/billeagle_ws/microros_ws/install/micro_ros_msgs/include/micro_ros_msgs/micro_ros_msgs/msg/detail/graph__builder.hpp\n'}
[4.472449] (micro_ros_msgs) StdoutLine: {'line': b'-- Installing: /home/vfran/billeagle_ws/microros_ws/install/micro_ros_msgs/include/micro_ros_msgs/micro_ros_msgs/msg/detail/node__struct.hpp\n'}
[4.472660] (micro_ros_msgs) StdoutLine: {'line': b'-- Installing: /home/vfran/billeagle_ws/microros_ws/install/micro_ros_msgs/include/micro_ros_msgs/micro_ros_msgs/msg/detail/graph__traits.hpp\n'}
[4.472834] (micro_ros_msgs) StdoutLine: {'line': b'-- Installing: /home/vfran/billeagle_ws/microros_ws/install/micro_ros_msgs/include/micro_ros_msgs/micro_ros_msgs/msg/detail/graph__struct.hpp\n'}
[4.473034] (micro_ros_msgs) StdoutLine: {'line': b'-- Installing: /home/vfran/billeagle_ws/microros_ws/install/micro_ros_msgs/include/micro_ros_msgs/micro_ros_msgs/msg/entity.hpp\n'}
[4.473247] (micro_ros_msgs) StdoutLine: {'line': b'-- Up-to-date: /home/vfran/billeagle_ws/microros_ws/install/micro_ros_msgs/include/micro_ros_msgs/micro_ros_msgs\n'}
[4.473367] (micro_ros_msgs) StdoutLine: {'line': b'-- Up-to-date: /home/vfran/billeagle_ws/microros_ws/install/micro_ros_msgs/include/micro_ros_msgs/micro_ros_msgs/msg\n'}
[4.473507] (micro_ros_msgs) StdoutLine: {'line': b'-- Up-to-date: /home/vfran/billeagle_ws/microros_ws/install/micro_ros_msgs/include/micro_ros_msgs/micro_ros_msgs/msg/detail\n'}
[4.473584] (micro_ros_msgs) StdoutLine: {'line': b'-- Installing: /home/vfran/billeagle_ws/microros_ws/install/micro_ros_msgs/include/micro_ros_msgs/micro_ros_msgs/msg/detail/dds_fastrtps\n'}
[4.473678] (micro_ros_msgs) StdoutLine: {'line': b'-- Installing: /home/vfran/billeagle_ws/microros_ws/install/micro_ros_msgs/include/micro_ros_msgs/micro_ros_msgs/msg/detail/entity__rosidl_typesupport_fastrtps_cpp.hpp\n'}
[4.473795] (micro_ros_msgs) StdoutLine: {'line': b'-- Installing: /home/vfran/billeagle_ws/microros_ws/install/micro_ros_msgs/include/micro_ros_msgs/micro_ros_msgs/msg/detail/graph__rosidl_typesupport_fastrtps_cpp.hpp\n'}
[4.473894] (micro_ros_msgs) StdoutLine: {'line': b'-- Installing: /home/vfran/billeagle_ws/microros_ws/install/micro_ros_msgs/include/micro_ros_msgs/micro_ros_msgs/msg/detail/node__rosidl_typesupport_fastrtps_cpp.hpp\n'}
[4.474021] (micro_ros_msgs) StdoutLine: {'line': b'-- Installing: /home/vfran/billeagle_ws/microros_ws/install/micro_ros_msgs/include/micro_ros_msgs/micro_ros_msgs/msg/rosidl_typesupport_fastrtps_cpp__visibility_control.h\n'}
[4.474259] (micro_ros_msgs) StdoutLine: {'line': b'-- Installing: /home/vfran/billeagle_ws/microros_ws/install/micro_ros_msgs/lib/libmicro_ros_msgs__rosidl_typesupport_fastrtps_cpp.so\n'}
[4.475124] (micro_ros_msgs) StdoutLine: {'line': b'-- Set runtime path of "/home/vfran/billeagle_ws/microros_ws/install/micro_ros_msgs/lib/libmicro_ros_msgs__rosidl_typesupport_fastrtps_cpp.so" to ""\n'}
[4.475222] (micro_ros_msgs) StdoutLine: {'line': b'-- Up-to-date: /home/vfran/billeagle_ws/microros_ws/install/micro_ros_msgs/include/micro_ros_msgs/micro_ros_msgs\n'}
[4.475312] (micro_ros_msgs) StdoutLine: {'line': b'-- Up-to-date: /home/vfran/billeagle_ws/microros_ws/install/micro_ros_msgs/include/micro_ros_msgs/micro_ros_msgs/msg\n'}
[4.475396] (micro_ros_msgs) StdoutLine: {'line': b'-- Up-to-date: /home/vfran/billeagle_ws/microros_ws/install/micro_ros_msgs/include/micro_ros_msgs/micro_ros_msgs/msg/detail\n'}
[4.475463] (micro_ros_msgs) StdoutLine: {'line': b'-- Installing: /home/vfran/billeagle_ws/microros_ws/install/micro_ros_msgs/include/micro_ros_msgs/micro_ros_msgs/msg/detail/entity__rosidl_typesupport_introspection_cpp.hpp\n'}
[4.475561] (micro_ros_msgs) StdoutLine: {'line': b'-- Installing: /home/vfran/billeagle_ws/microros_ws/install/micro_ros_msgs/include/micro_ros_msgs/micro_ros_msgs/msg/detail/node__rosidl_typesupport_introspection_cpp.hpp\n'}
[4.475750] (micro_ros_msgs) StdoutLine: {'line': b'-- Installing: /home/vfran/billeagle_ws/microros_ws/install/micro_ros_msgs/include/micro_ros_msgs/micro_ros_msgs/msg/detail/graph__type_support.cpp\n'}
[4.475950] (micro_ros_msgs) StdoutLine: {'line': b'-- Installing: /home/vfran/billeagle_ws/microros_ws/install/micro_ros_msgs/include/micro_ros_msgs/micro_ros_msgs/msg/detail/node__type_support.cpp\n'}
[4.476136] (micro_ros_msgs) StdoutLine: {'line': b'-- Installing: /home/vfran/billeagle_ws/microros_ws/install/micro_ros_msgs/include/micro_ros_msgs/micro_ros_msgs/msg/detail/entity__type_support.cpp\n'}
[4.476300] (micro_ros_msgs) StdoutLine: {'line': b'-- Installing: /home/vfran/billeagle_ws/microros_ws/install/micro_ros_msgs/include/micro_ros_msgs/micro_ros_msgs/msg/detail/graph__rosidl_typesupport_introspection_cpp.hpp\n'}
[4.476621] (micro_ros_msgs) StdoutLine: {'line': b'-- Installing: /home/vfran/billeagle_ws/microros_ws/install/micro_ros_msgs/lib/libmicro_ros_msgs__rosidl_typesupport_introspection_cpp.so\n'}
[4.477467] (micro_ros_msgs) StdoutLine: {'line': b'-- Set runtime path of "/home/vfran/billeagle_ws/microros_ws/install/micro_ros_msgs/lib/libmicro_ros_msgs__rosidl_typesupport_introspection_cpp.so" to ""\n'}
[4.477641] (micro_ros_msgs) StdoutLine: {'line': b'-- Installing: /home/vfran/billeagle_ws/microros_ws/install/micro_ros_msgs/lib/libmicro_ros_msgs__rosidl_typesupport_cpp.so\n'}
[4.478062] (micro_ros_msgs) StdoutLine: {'line': b'-- Set runtime path of "/home/vfran/billeagle_ws/microros_ws/install/micro_ros_msgs/lib/libmicro_ros_msgs__rosidl_typesupport_cpp.so" to ""\n'}
[4.478226] (micro_ros_msgs) StdoutLine: {'line': b'-- Installing: /home/vfran/billeagle_ws/microros_ws/install/micro_ros_msgs/share/micro_ros_msgs/environment/pythonpath.sh\n'}
[4.478362] (micro_ros_msgs) StdoutLine: {'line': b'-- Installing: /home/vfran/billeagle_ws/microros_ws/install/micro_ros_msgs/share/micro_ros_msgs/environment/pythonpath.dsv\n'}
[4.478485] (micro_ros_msgs) StdoutLine: {'line': b'-- Installing: /home/vfran/billeagle_ws/microros_ws/install/micro_ros_msgs/local/lib/python3.10/dist-packages/micro_ros_msgs-3.0.1-py3.10.egg-info\n'}
[4.478789] (micro_ros_msgs) StdoutLine: {'line': b'-- Installing: /home/vfran/billeagle_ws/microros_ws/install/micro_ros_msgs/local/lib/python3.10/dist-packages/micro_ros_msgs-3.0.1-py3.10.egg-info/top_level.txt\n'}
[4.479021] (micro_ros_msgs) StdoutLine: {'line': b'-- Installing: /home/vfran/billeagle_ws/microros_ws/install/micro_ros_msgs/local/lib/python3.10/dist-packages/micro_ros_msgs-3.0.1-py3.10.egg-info/PKG-INFO\n'}
[4.479224] (micro_ros_msgs) StdoutLine: {'line': b'-- Installing: /home/vfran/billeagle_ws/microros_ws/install/micro_ros_msgs/local/lib/python3.10/dist-packages/micro_ros_msgs-3.0.1-py3.10.egg-info/dependency_links.txt\n'}
[4.479384] (micro_ros_msgs) StdoutLine: {'line': b'-- Installing: /home/vfran/billeagle_ws/microros_ws/install/micro_ros_msgs/local/lib/python3.10/dist-packages/micro_ros_msgs-3.0.1-py3.10.egg-info/SOURCES.txt\n'}
[4.479514] (micro_ros_msgs) StdoutLine: {'line': b'-- Installing: /home/vfran/billeagle_ws/microros_ws/install/micro_ros_msgs/local/lib/python3.10/dist-packages/micro_ros_msgs\n'}
[4.479649] (micro_ros_msgs) StdoutLine: {'line': b'-- Installing: /home/vfran/billeagle_ws/microros_ws/install/micro_ros_msgs/local/lib/python3.10/dist-packages/micro_ros_msgs/libmicro_ros_msgs__rosidl_generator_py.so\n'}
[4.479875] (micro_ros_msgs) StdoutLine: {'line': b'-- Installing: /home/vfran/billeagle_ws/microros_ws/install/micro_ros_msgs/local/lib/python3.10/dist-packages/micro_ros_msgs/__init__.py\n'}
[4.480067] (micro_ros_msgs) StdoutLine: {'line': b'-- Installing: /home/vfran/billeagle_ws/microros_ws/install/micro_ros_msgs/local/lib/python3.10/dist-packages/micro_ros_msgs/micro_ros_msgs_s__rosidl_typesupport_introspection_c.cpython-310-x86_64-linux-gnu.so\n'}
[4.480236] (micro_ros_msgs) StdoutLine: {'line': b'-- Installing: /home/vfran/billeagle_ws/microros_ws/install/micro_ros_msgs/local/lib/python3.10/dist-packages/micro_ros_msgs/micro_ros_msgs_s__rosidl_typesupport_fastrtps_c.cpython-310-x86_64-linux-gnu.so\n'}
[4.480431] (micro_ros_msgs) StdoutLine: {'line': b'-- Installing: /home/vfran/billeagle_ws/microros_ws/install/micro_ros_msgs/local/lib/python3.10/dist-packages/micro_ros_msgs/_micro_ros_msgs_s.ep.rosidl_typesupport_fastrtps_c.c\n'}
[4.480658] (micro_ros_msgs) StdoutLine: {'line': b'-- Installing: /home/vfran/billeagle_ws/microros_ws/install/micro_ros_msgs/local/lib/python3.10/dist-packages/micro_ros_msgs/_micro_ros_msgs_s.ep.rosidl_typesupport_introspection_c.c\n'}
[4.480818] (micro_ros_msgs) StdoutLine: {'line': b'-- Installing: /home/vfran/billeagle_ws/microros_ws/install/micro_ros_msgs/local/lib/python3.10/dist-packages/micro_ros_msgs/msg\n'}
[4.480990] (micro_ros_msgs) StdoutLine: {'line': b'-- Installing: /home/vfran/billeagle_ws/microros_ws/install/micro_ros_msgs/local/lib/python3.10/dist-packages/micro_ros_msgs/msg/__init__.py\n'}
[4.481135] (micro_ros_msgs) StdoutLine: {'line': b'-- Installing: /home/vfran/billeagle_ws/microros_ws/install/micro_ros_msgs/local/lib/python3.10/dist-packages/micro_ros_msgs/msg/_entity.py\n'}
[4.481312] (micro_ros_msgs) StdoutLine: {'line': b'-- Installing: /home/vfran/billeagle_ws/microros_ws/install/micro_ros_msgs/local/lib/python3.10/dist-packages/micro_ros_msgs/msg/_entity_s.c\n'}
[4.481488] (micro_ros_msgs) StdoutLine: {'line': b'-- Installing: /home/vfran/billeagle_ws/microros_ws/install/micro_ros_msgs/local/lib/python3.10/dist-packages/micro_ros_msgs/msg/_node_s.c\n'}
[4.481696] (micro_ros_msgs) StdoutLine: {'line': b'-- Installing: /home/vfran/billeagle_ws/microros_ws/install/micro_ros_msgs/local/lib/python3.10/dist-packages/micro_ros_msgs/msg/_node.py\n'}
[4.481895] (micro_ros_msgs) StdoutLine: {'line': b'-- Installing: /home/vfran/billeagle_ws/microros_ws/install/micro_ros_msgs/local/lib/python3.10/dist-packages/micro_ros_msgs/msg/_graph_s.c\n'}
[4.482046] (micro_ros_msgs) StdoutLine: {'line': b'-- Installing: /home/vfran/billeagle_ws/microros_ws/install/micro_ros_msgs/local/lib/python3.10/dist-packages/micro_ros_msgs/msg/_graph.py\n'}
[4.482232] (micro_ros_msgs) StdoutLine: {'line': b'-- Installing: /home/vfran/billeagle_ws/microros_ws/install/micro_ros_msgs/local/lib/python3.10/dist-packages/micro_ros_msgs/_micro_ros_msgs_s.ep.rosidl_typesupport_c.c\n'}
[4.482421] (micro_ros_msgs) StdoutLine: {'line': b'-- Installing: /home/vfran/billeagle_ws/microros_ws/install/micro_ros_msgs/local/lib/python3.10/dist-packages/micro_ros_msgs/micro_ros_msgs_s__rosidl_typesupport_c.cpython-310-x86_64-linux-gnu.so\n'}
[4.511750] (-) TimerEvent: {}
[4.523480] (micro_ros_msgs) StdoutLine: {'line': b"Listing '/home/vfran/billeagle_ws/microros_ws/install/micro_ros_msgs/local/lib/python3.10/dist-packages/micro_ros_msgs'...\n"}
[4.523828] (micro_ros_msgs) StdoutLine: {'line': b"Compiling '/home/vfran/billeagle_ws/microros_ws/install/micro_ros_msgs/local/lib/python3.10/dist-packages/micro_ros_msgs/__init__.py'...\n"}
[4.524000] (micro_ros_msgs) StdoutLine: {'line': b"Listing '/home/vfran/billeagle_ws/microros_ws/install/micro_ros_msgs/local/lib/python3.10/dist-packages/micro_ros_msgs/msg'...\n"}
[4.524145] (micro_ros_msgs) StdoutLine: {'line': b"Compiling '/home/vfran/billeagle_ws/microros_ws/install/micro_ros_msgs/local/lib/python3.10/dist-packages/micro_ros_msgs/msg/__init__.py'...\n"}
[4.524287] (micro_ros_msgs) StdoutLine: {'line': b"Compiling '/home/vfran/billeagle_ws/microros_ws/install/micro_ros_msgs/local/lib/python3.10/dist-packages/micro_ros_msgs/msg/_entity.py'...\n"}
[4.524426] (micro_ros_msgs) StdoutLine: {'line': b"Compiling '/home/vfran/billeagle_ws/microros_ws/install/micro_ros_msgs/local/lib/python3.10/dist-packages/micro_ros_msgs/msg/_graph.py'...\n"}
[4.524566] (micro_ros_msgs) StdoutLine: {'line': b"Compiling '/home/vfran/billeagle_ws/microros_ws/install/micro_ros_msgs/local/lib/python3.10/dist-packages/micro_ros_msgs/msg/_node.py'...\n"}
[4.529814] (micro_ros_msgs) StdoutLine: {'line': b'-- Installing: /home/vfran/billeagle_ws/microros_ws/install/micro_ros_msgs/local/lib/python3.10/dist-packages/micro_ros_msgs/micro_ros_msgs_s__rosidl_typesupport_fastrtps_c.cpython-310-x86_64-linux-gnu.so\n'}
[4.530206] (micro_ros_msgs) StdoutLine: {'line': b'-- Set runtime path of "/home/vfran/billeagle_ws/microros_ws/install/micro_ros_msgs/local/lib/python3.10/dist-packages/micro_ros_msgs/micro_ros_msgs_s__rosidl_typesupport_fastrtps_c.cpython-310-x86_64-linux-gnu.so" to ""\n'}
[4.530528] (micro_ros_msgs) StdoutLine: {'line': b'-- Installing: /home/vfran/billeagle_ws/microros_ws/install/micro_ros_msgs/local/lib/python3.10/dist-packages/micro_ros_msgs/micro_ros_msgs_s__rosidl_typesupport_introspection_c.cpython-310-x86_64-linux-gnu.so\n'}
[4.531064] (micro_ros_msgs) StdoutLine: {'line': b'-- Set runtime path of "/home/vfran/billeagle_ws/microros_ws/install/micro_ros_msgs/local/lib/python3.10/dist-packages/micro_ros_msgs/micro_ros_msgs_s__rosidl_typesupport_introspection_c.cpython-310-x86_64-linux-gnu.so" to ""\n'}
[4.531499] (micro_ros_msgs) StdoutLine: {'line': b'-- Installing: /home/vfran/billeagle_ws/microros_ws/install/micro_ros_msgs/local/lib/python3.10/dist-packages/micro_ros_msgs/micro_ros_msgs_s__rosidl_typesupport_c.cpython-310-x86_64-linux-gnu.so\n'}
[4.531825] (micro_ros_msgs) StdoutLine: {'line': b'-- Set runtime path of "/home/vfran/billeagle_ws/microros_ws/install/micro_ros_msgs/local/lib/python3.10/dist-packages/micro_ros_msgs/micro_ros_msgs_s__rosidl_typesupport_c.cpython-310-x86_64-linux-gnu.so" to ""\n'}
[4.531984] (micro_ros_msgs) StdoutLine: {'line': b'-- Installing: /home/vfran/billeagle_ws/microros_ws/install/micro_ros_msgs/lib/libmicro_ros_msgs__rosidl_generator_py.so\n'}
[4.532573] (micro_ros_msgs) StdoutLine: {'line': b'-- Set runtime path of "/home/vfran/billeagle_ws/microros_ws/install/micro_ros_msgs/lib/libmicro_ros_msgs__rosidl_generator_py.so" to ""\n'}
[4.532751] (micro_ros_msgs) StdoutLine: {'line': b'-- Installing: /home/vfran/billeagle_ws/microros_ws/install/micro_ros_msgs/share/micro_ros_msgs/msg/Graph.idl\n'}
[4.532981] (micro_ros_msgs) StdoutLine: {'line': b'-- Installing: /home/vfran/billeagle_ws/microros_ws/install/micro_ros_msgs/share/micro_ros_msgs/msg/Node.idl\n'}
[4.533210] (micro_ros_msgs) StdoutLine: {'line': b'-- Installing: /home/vfran/billeagle_ws/microros_ws/install/micro_ros_msgs/share/micro_ros_msgs/msg/Entity.idl\n'}
[4.533427] (micro_ros_msgs) StdoutLine: {'line': b'-- Installing: /home/vfran/billeagle_ws/microros_ws/install/micro_ros_msgs/share/micro_ros_msgs/msg/Graph.msg\n'}
[4.533648] (micro_ros_msgs) StdoutLine: {'line': b'-- Installing: /home/vfran/billeagle_ws/microros_ws/install/micro_ros_msgs/share/micro_ros_msgs/msg/Node.msg\n'}
[4.533889] (micro_ros_msgs) StdoutLine: {'line': b'-- Installing: /home/vfran/billeagle_ws/microros_ws/install/micro_ros_msgs/share/micro_ros_msgs/msg/Entity.msg\n'}
[4.534161] (micro_ros_msgs) StdoutLine: {'line': b'-- Installing: /home/vfran/billeagle_ws/microros_ws/install/micro_ros_msgs/share/ament_index/resource_index/package_run_dependencies/micro_ros_msgs\n'}
[4.534452] (micro_ros_msgs) StdoutLine: {'line': b'-- Installing: /home/vfran/billeagle_ws/microros_ws/install/micro_ros_msgs/share/ament_index/resource_index/parent_prefix_path/micro_ros_msgs\n'}
[4.534728] (micro_ros_msgs) StdoutLine: {'line': b'-- Installing: /home/vfran/billeagle_ws/microros_ws/install/micro_ros_msgs/share/micro_ros_msgs/environment/ament_prefix_path.sh\n'}
[4.534963] (micro_ros_msgs) StdoutLine: {'line': b'-- Installing: /home/vfran/billeagle_ws/microros_ws/install/micro_ros_msgs/share/micro_ros_msgs/environment/ament_prefix_path.dsv\n'}
[4.535197] (micro_ros_msgs) StdoutLine: {'line': b'-- Installing: /home/vfran/billeagle_ws/microros_ws/install/micro_ros_msgs/share/micro_ros_msgs/environment/path.sh\n'}
[4.535425] (micro_ros_msgs) StdoutLine: {'line': b'-- Installing: /home/vfran/billeagle_ws/microros_ws/install/micro_ros_msgs/share/micro_ros_msgs/environment/path.dsv\n'}
[4.535678] (micro_ros_msgs) StdoutLine: {'line': b'-- Installing: /home/vfran/billeagle_ws/microros_ws/install/micro_ros_msgs/share/micro_ros_msgs/local_setup.bash\n'}
[4.535878] (micro_ros_msgs) StdoutLine: {'line': b'-- Installing: /home/vfran/billeagle_ws/microros_ws/install/micro_ros_msgs/share/micro_ros_msgs/local_setup.sh\n'}
[4.536104] (micro_ros_msgs) StdoutLine: {'line': b'-- Installing: /home/vfran/billeagle_ws/microros_ws/install/micro_ros_msgs/share/micro_ros_msgs/local_setup.zsh\n'}
[4.536319] (micro_ros_msgs) StdoutLine: {'line': b'-- Installing: /home/vfran/billeagle_ws/microros_ws/install/micro_ros_msgs/share/micro_ros_msgs/local_setup.dsv\n'}
[4.536547] (micro_ros_msgs) StdoutLine: {'line': b'-- Installing: /home/vfran/billeagle_ws/microros_ws/install/micro_ros_msgs/share/micro_ros_msgs/package.dsv\n'}
[4.536861] (micro_ros_msgs) StdoutLine: {'line': b'-- Installing: /home/vfran/billeagle_ws/microros_ws/install/micro_ros_msgs/share/ament_index/resource_index/packages/micro_ros_msgs\n'}
[4.537164] (micro_ros_msgs) StdoutLine: {'line': b'-- Installing: /home/vfran/billeagle_ws/microros_ws/install/micro_ros_msgs/share/micro_ros_msgs/cmake/export_micro_ros_msgs__rosidl_generator_cExport.cmake\n'}
[4.537410] (micro_ros_msgs) StdoutLine: {'line': b'-- Installing: /home/vfran/billeagle_ws/microros_ws/install/micro_ros_msgs/share/micro_ros_msgs/cmake/export_micro_ros_msgs__rosidl_generator_cExport-noconfig.cmake\n'}
[4.537650] (micro_ros_msgs) StdoutLine: {'line': b'-- Installing: /home/vfran/billeagle_ws/microros_ws/install/micro_ros_msgs/share/micro_ros_msgs/cmake/export_micro_ros_msgs__rosidl_typesupport_fastrtps_cExport.cmake\n'}
[4.537909] (micro_ros_msgs) StdoutLine: {'line': b'-- Installing: /home/vfran/billeagle_ws/microros_ws/install/micro_ros_msgs/share/micro_ros_msgs/cmake/export_micro_ros_msgs__rosidl_typesupport_fastrtps_cExport-noconfig.cmake\n'}
[4.538151] (micro_ros_msgs) StdoutLine: {'line': b'-- Installing: /home/vfran/billeagle_ws/microros_ws/install/micro_ros_msgs/share/micro_ros_msgs/cmake/micro_ros_msgs__rosidl_typesupport_introspection_cExport.cmake\n'}
[4.538389] (micro_ros_msgs) StdoutLine: {'line': b'-- Installing: /home/vfran/billeagle_ws/microros_ws/install/micro_ros_msgs/share/micro_ros_msgs/cmake/micro_ros_msgs__rosidl_typesupport_introspection_cExport-noconfig.cmake\n'}
[4.538639] (micro_ros_msgs) StdoutLine: {'line': b'-- Installing: /home/vfran/billeagle_ws/microros_ws/install/micro_ros_msgs/share/micro_ros_msgs/cmake/micro_ros_msgs__rosidl_typesupport_cExport.cmake\n'}
[4.538902] (micro_ros_msgs) StdoutLine: {'line': b'-- Installing: /home/vfran/billeagle_ws/microros_ws/install/micro_ros_msgs/share/micro_ros_msgs/cmake/micro_ros_msgs__rosidl_typesupport_cExport-noconfig.cmake\n'}
[4.539132] (micro_ros_msgs) StdoutLine: {'line': b'-- Installing: /home/vfran/billeagle_ws/microros_ws/install/micro_ros_msgs/share/micro_ros_msgs/cmake/export_micro_ros_msgs__rosidl_generator_cppExport.cmake\n'}
[4.539385] (micro_ros_msgs) StdoutLine: {'line': b'-- Installing: /home/vfran/billeagle_ws/microros_ws/install/micro_ros_msgs/share/micro_ros_msgs/cmake/export_micro_ros_msgs__rosidl_typesupport_fastrtps_cppExport.cmake\n'}
[4.539636] (micro_ros_msgs) StdoutLine: {'line': b'-- Installing: /home/vfran/billeagle_ws/microros_ws/install/micro_ros_msgs/share/micro_ros_msgs/cmake/export_micro_ros_msgs__rosidl_typesupport_fastrtps_cppExport-noconfig.cmake\n'}
[4.539892] (micro_ros_msgs) StdoutLine: {'line': b'-- Installing: /home/vfran/billeagle_ws/microros_ws/install/micro_ros_msgs/share/micro_ros_msgs/cmake/micro_ros_msgs__rosidl_typesupport_introspection_cppExport.cmake\n'}
[4.540161] (micro_ros_msgs) StdoutLine: {'line': b'-- Installing: /home/vfran/billeagle_ws/microros_ws/install/micro_ros_msgs/share/micro_ros_msgs/cmake/micro_ros_msgs__rosidl_typesupport_introspection_cppExport-noconfig.cmake\n'}
[4.540410] (micro_ros_msgs) StdoutLine: {'line': b'-- Installing: /home/vfran/billeagle_ws/microros_ws/install/micro_ros_msgs/share/micro_ros_msgs/cmake/micro_ros_msgs__rosidl_typesupport_cppExport.cmake\n'}
[4.540654] (micro_ros_msgs) StdoutLine: {'line': b'-- Installing: /home/vfran/billeagle_ws/microros_ws/install/micro_ros_msgs/share/micro_ros_msgs/cmake/micro_ros_msgs__rosidl_typesupport_cppExport-noconfig.cmake\n'}
[4.540922] (micro_ros_msgs) StdoutLine: {'line': b'-- Installing: /home/vfran/billeagle_ws/microros_ws/install/micro_ros_msgs/share/micro_ros_msgs/cmake/export_micro_ros_msgs__rosidl_generator_pyExport.cmake\n'}
[4.541155] (micro_ros_msgs) StdoutLine: {'line': b'-- Installing: /home/vfran/billeagle_ws/microros_ws/install/micro_ros_msgs/share/micro_ros_msgs/cmake/export_micro_ros_msgs__rosidl_generator_pyExport-noconfig.cmake\n'}
[4.541382] (micro_ros_msgs) StdoutLine: {'line': b'-- Installing: /home/vfran/billeagle_ws/microros_ws/install/micro_ros_msgs/share/micro_ros_msgs/cmake/rosidl_cmake-extras.cmake\n'}
[4.541619] (micro_ros_msgs) StdoutLine: {'line': b'-- Installing: /home/vfran/billeagle_ws/microros_ws/install/micro_ros_msgs/share/micro_ros_msgs/cmake/ament_cmake_export_include_directories-extras.cmake\n'}
[4.541850] (micro_ros_msgs) StdoutLine: {'line': b'-- Installing: /home/vfran/billeagle_ws/microros_ws/install/micro_ros_msgs/share/micro_ros_msgs/cmake/ament_cmake_export_libraries-extras.cmake\n'}
[4.542060] (micro_ros_msgs) StdoutLine: {'line': b'-- Installing: /home/vfran/billeagle_ws/microros_ws/install/micro_ros_msgs/share/micro_ros_msgs/cmake/ament_cmake_export_targets-extras.cmake\n'}
[4.542293] (micro_ros_msgs) StdoutLine: {'line': b'-- Installing: /home/vfran/billeagle_ws/microros_ws/install/micro_ros_msgs/share/micro_ros_msgs/cmake/rosidl_cmake_export_typesupport_targets-extras.cmake\n'}
[4.542521] (micro_ros_msgs) StdoutLine: {'line': b'-- Installing: /home/vfran/billeagle_ws/microros_ws/install/micro_ros_msgs/share/micro_ros_msgs/cmake/ament_cmake_export_dependencies-extras.cmake\n'}
[4.542819] (micro_ros_msgs) StdoutLine: {'line': b'-- Installing: /home/vfran/billeagle_ws/microros_ws/install/micro_ros_msgs/share/micro_ros_msgs/cmake/rosidl_cmake_export_typesupport_libraries-extras.cmake\n'}
[4.543064] (micro_ros_msgs) StdoutLine: {'line': b'-- Installing: /home/vfran/billeagle_ws/microros_ws/install/micro_ros_msgs/share/micro_ros_msgs/cmake/micro_ros_msgsConfig.cmake\n'}
[4.543261] (micro_ros_msgs) StdoutLine: {'line': b'-- Installing: /home/vfran/billeagle_ws/microros_ws/install/micro_ros_msgs/share/micro_ros_msgs/cmake/micro_ros_msgsConfig-version.cmake\n'}
[4.543485] (micro_ros_msgs) StdoutLine: {'line': b'-- Installing: /home/vfran/billeagle_ws/microros_ws/install/micro_ros_msgs/share/micro_ros_msgs/package.xml\n'}
[4.546397] (micro_ros_msgs) CommandEnded: {'returncode': 0}
[4.562157] (micro_ros_msgs) JobEnded: {'identifier': 'micro_ros_msgs', 'rc': 0}
[4.564194] (micro_ros_agent) JobStarted: {'identifier': 'micro_ros_agent'}
[4.576642] (micro_ros_agent) JobProgress: {'identifier': 'micro_ros_agent', 'progress': 'cmake'}
[4.578457] (micro_ros_agent) Command: {'cmd': ['/usr/local/bin/cmake', '/home/vfran/billeagle_ws/microros_ws/src/uros/micro-ROS-Agent/micro_ros_agent', '-DCMAKE_INSTALL_PREFIX=/home/vfran/billeagle_ws/microros_ws/install/micro_ros_agent'], 'cwd': '/home/vfran/billeagle_ws/microros_ws/build/micro_ros_agent', 'env': OrderedDict([('LESSOPEN', '| /usr/bin/lesspipe %s'), ('LANGUAGE', 'pt_BR:ko:en'), ('USER', 'vfran'), ('LC_TIME', 'pt_BR.UTF-8'), ('XDG_SESSION_TYPE', 'x11'), ('SHLVL', '1'), ('LD_LIBRARY_PATH', '/home/vfran/billeagle_ws/microros_ws/install/micro_ros_msgs/lib:/usr/lib/x86_64-linux-gnu/gazebo-11/plugins:/opt/ros/humble/opt/rviz_ogre_vendor/lib:/opt/ros/humble/lib/x86_64-linux-gnu:/opt/ros/humble/lib'), ('HOME', '/home/vfran'), ('OLDPWD', '/home/vfran/billeagle_ws/bill_ws'), ('DESKTOP_SESSION', 'ubuntu'), ('ROS_PYTHON_VERSION', '3'), ('GNOME_SHELL_SESSION_MODE', 'ubuntu'), ('GTK_MODULES', 'gail:atk-bridge'), ('LC_MONETARY', 'pt_BR.UTF-8'), ('MANAGERPID', '1935'), ('SYSTEMD_EXEC_PID', '2555'), ('DBUS_SESSION_BUS_ADDRESS', 'unix:path=/run/user/1000/bus'), ('COLORTERM', 'truecolor'), ('TERMINATOR_DBUS_NAME', 'net.tenshu.Terminator23558193cd9818af7fe4d2c2f5bd9d00f'), ('GIO_LAUNCHED_DESKTOP_FILE_PID', '3241'), ('ROS_DISTRO', 'humble'), ('LOGNAME', 'vfran'), ('JOURNAL_STREAM', '8:16935'), ('_', '/usr/bin/colcon'), ('ROS_VERSION', '2'), ('XDG_SESSION_CLASS', 'user'), ('USERNAME', 'vfran'), ('TERM', 'xterm-256color'), ('GNOME_DESKTOP_SESSION_ID', 'this-is-deprecated'), ('ROS_LOCALHOST_ONLY', '0'), ('WINDOWPATH', '2'), ('PATH', '/opt/ros/humble/bin:/home/vfran/.local/bin:/usr/local/sbin:/usr/local/bin:/usr/sbin:/usr/bin:/sbin:/bin:/usr/games:/usr/local/games:/snap/bin:/snap/bin:/home/vfran/.dotnet/tools'), ('SESSION_MANAGER', 'local/vfran-ideapad-3:@/tmp/.ICE-unix/2203,unix/vfran-ideapad-3:/tmp/.ICE-unix/2203'), ('INVOCATION_ID', '7d6d9773d6fb4dcca3c488061a12552f'), ('PAPERSIZE', 'a4'), ('XDG_MENU_PREFIX', 'gnome-'), ('LC_ADDRESS', 'pt_BR.UTF-8'), ('XDG_RUNTIME_DIR', '/run/user/1000'), ('DISPLAY', ':1'), ('TERMINATOR_DBUS_PATH', '/net/tenshu/Terminator2'), ('LANG', 'pt_BR.UTF-8'), ('XDG_CURRENT_DESKTOP', 'ubuntu:GNOME'), ('DOTNET_BUNDLE_EXTRACT_BASE_DIR', '/home/vfran/.cache/dotnet_bundle_extract'), ('IBUS_DISABLE_SNOOPER', '1'), ('LC_TELEPHONE', 'pt_BR.UTF-8'), ('XMODIFIERS', '@im=ibus'), ('XDG_SESSION_DESKTOP', 'ubuntu'), ('XAUTHORITY', '/run/user/1000/gdm/Xauthority'), ('LS_COLORS', 'rs=0:di=01;34:ln=01;36:mh=00:pi=40;33:so=01;35:do=01;35:bd=40;33;01:cd=40;33;01:or=40;31;01:mi=00:su=37;41:sg=30;43:ca=30;41:tw=30;42:ow=34;42:st=37;44:ex=01;32:*.tar=01;31:*.tgz=01;31:*.arc=01;31:*.arj=01;31:*.taz=01;31:*.lha=01;31:*.lz4=01;31:*.lzh=01;31:*.lzma=01;31:*.tlz=01;31:*.txz=01;31:*.tzo=01;31:*.t7z=01;31:*.zip=01;31:*.z=01;31:*.dz=01;31:*.gz=01;31:*.lrz=01;31:*.lz=01;31:*.lzo=01;31:*.xz=01;31:*.zst=01;31:*.tzst=01;31:*.bz2=01;31:*.bz=01;31:*.tbz=01;31:*.tbz2=01;31:*.tz=01;31:*.deb=01;31:*.rpm=01;31:*.jar=01;31:*.war=01;31:*.ear=01;31:*.sar=01;31:*.rar=01;31:*.alz=01;31:*.ace=01;31:*.zoo=01;31:*.cpio=01;31:*.7z=01;31:*.rz=01;31:*.cab=01;31:*.wim=01;31:*.swm=01;31:*.dwm=01;31:*.esd=01;31:*.jpg=01;35:*.jpeg=01;35:*.mjpg=01;35:*.mjpeg=01;35:*.gif=01;35:*.bmp=01;35:*.pbm=01;35:*.pgm=01;35:*.ppm=01;35:*.tga=01;35:*.xbm=01;35:*.xpm=01;35:*.tif=01;35:*.tiff=01;35:*.png=01;35:*.svg=01;35:*.svgz=01;35:*.mng=01;35:*.pcx=01;35:*.mov=01;35:*.mpg=01;35:*.mpeg=01;35:*.m2v=01;35:*.mkv=01;35:*.webm=01;35:*.webp=01;35:*.ogm=01;35:*.mp4=01;35:*.m4v=01;35:*.mp4v=01;35:*.vob=01;35:*.qt=01;35:*.nuv=01;35:*.wmv=01;35:*.asf=01;35:*.rm=01;35:*.rmvb=01;35:*.flc=01;35:*.avi=01;35:*.fli=01;35:*.flv=01;35:*.gl=01;35:*.dl=01;35:*.xcf=01;35:*.xwd=01;35:*.yuv=01;35:*.cgm=01;35:*.emf=01;35:*.ogv=01;35:*.ogx=01;35:*.aac=00;36:*.au=00;36:*.flac=00;36:*.m4a=00;36:*.mid=00;36:*.midi=00;36:*.mka=00;36:*.mp3=00;36:*.mpc=00;36:*.ogg=00;36:*.ra=00;36:*.wav=00;36:*.oga=00;36:*.opus=00;36:*.spx=00;36:*.xspf=00;36:'), ('SSH_AGENT_LAUNCHER', 'gnome-keyring'), ('SSH_AUTH_SOCK', '/run/user/1000/keyring/ssh'), ('AMENT_PREFIX_PATH', '/home/vfran/billeagle_ws/microros_ws/install/micro_ros_msgs:/opt/ros/humble'), ('SHELL', '/bin/bash'), ('LC_NAME', 'pt_BR.UTF-8'), ('TERMINATOR_UUID', 'urn:uuid:3290220c-5a3b-4ced-af1d-12b5ff00b1b2'), ('QT_ACCESSIBILITY', '1'), ('GDMSESSION', 'ubuntu'), ('LESSCLOSE', '/usr/bin/lesspipe %s %s'), ('LC_MEASUREMENT', 'pt_BR.UTF-8'), ('GPG_AGENT_INFO', '/run/user/1000/gnupg/S.gpg-agent:0:1'), ('LC_IDENTIFICATION', 'pt_BR.UTF-8'), ('QT_IM_MODULE', 'ibus'), ('PWD', '/home/vfran/billeagle_ws/microros_ws/build/micro_ros_agent'), ('LC_ALL', 'en_US.UTF-8'), ('XDG_CONFIG_DIRS', '/etc/xdg/xdg-ubuntu:/etc/xdg'), ('XDG_DATA_DIRS', '/usr/share/ubuntu:/usr/share/gnome:/home/vfran/.local/share/flatpak/exports/share:/var/lib/flatpak/exports/share:/usr/local/share/:/usr/share/:/var/lib/snapd/desktop'), ('PYTHONPATH', '/home/vfran/billeagle_ws/microros_ws/install/micro_ros_msgs/local/lib/python3.10/dist-packages:/opt/ros/humble/lib/python3.10/site-packages:/opt/ros/humble/local/lib/python3.10/dist-packages'), ('LC_NUMERIC', 'pt_BR.UTF-8'), ('LC_PAPER', 'pt_BR.UTF-8'), ('COLCON', '1'), ('VTE_VERSION', '6800'), ('CMAKE_PREFIX_PATH', '/home/vfran/billeagle_ws/microros_ws/install/micro_ros_msgs:/opt/ros/humble')]), 'shell': False}
[4.612101] (-) TimerEvent: {}
[4.657677] (micro_ros_agent) StdoutLine: {'line': b'-- The C compiler identification is GNU 11.4.0\n'}
[4.668822] (micro_ros_agent) StdoutLine: {'line': b'-- Detecting C compiler ABI info\n'}
[4.712350] (-) TimerEvent: {}
[4.751350] (micro_ros_agent) StdoutLine: {'line': b'-- Detecting C compiler ABI info - done\n'}
[4.761548] (micro_ros_agent) StdoutLine: {'line': b'-- Check for working C compiler: /usr/bin/cc - skipped\n'}
[4.762059] (micro_ros_agent) StdoutLine: {'line': b'-- Detecting C compile features\n'}
[4.762457] (micro_ros_agent) StdoutLine: {'line': b'-- Detecting C compile features - done\n'}
[4.812528] (-) TimerEvent: {}
[4.833708] (micro_ros_agent) StdoutLine: {'line': b'-- The CXX compiler identification is GNU 11.4.0\n'}
[4.845472] (micro_ros_agent) StdoutLine: {'line': b'-- Detecting CXX compiler ABI info\n'}
[4.912754] (-) TimerEvent: {}
[4.942449] (micro_ros_agent) StdoutLine: {'line': b'-- Detecting CXX compiler ABI info - done\n'}
[4.953310] (micro_ros_agent) StdoutLine: {'line': b'-- Check for working CXX compiler: /usr/bin/c++ - skipped\n'}
[4.953778] (micro_ros_agent) StdoutLine: {'line': b'-- Detecting CXX compile features\n'}
[4.954212] (micro_ros_agent) StdoutLine: {'line': b'-- Detecting CXX compile features - done\n'}
[5.006893] (micro_ros_agent) StdoutLine: {'line': b'-- Configuring done\n'}
[5.011376] (micro_ros_agent) StdoutLine: {'line': b'-- Generating done\n'}
[5.012884] (-) TimerEvent: {}
[5.013294] (micro_ros_agent) StdoutLine: {'line': b'-- Build files have been written to: /home/vfran/billeagle_ws/microros_ws/build/micro_ros_agent\n'}
[5.017824] (micro_ros_agent) CommandEnded: {'returncode': 0}
[5.018908] (micro_ros_agent) JobProgress: {'identifier': 'micro_ros_agent', 'progress': 'build'}
[5.020218] (micro_ros_agent) Command: {'cmd': ['/usr/local/bin/cmake', '--build', '/home/vfran/billeagle_ws/microros_ws/build/micro_ros_agent', '--', '-j16', '-l16'], 'cwd': '/home/vfran/billeagle_ws/microros_ws/build/micro_ros_agent', 'env': OrderedDict([('LESSOPEN', '| /usr/bin/lesspipe %s'), ('LANGUAGE', 'pt_BR:ko:en'), ('USER', 'vfran'), ('LC_TIME', 'pt_BR.UTF-8'), ('XDG_SESSION_TYPE', 'x11'), ('SHLVL', '1'), ('LD_LIBRARY_PATH', '/home/vfran/billeagle_ws/microros_ws/install/micro_ros_msgs/lib:/usr/lib/x86_64-linux-gnu/gazebo-11/plugins:/opt/ros/humble/opt/rviz_ogre_vendor/lib:/opt/ros/humble/lib/x86_64-linux-gnu:/opt/ros/humble/lib'), ('HOME', '/home/vfran'), ('OLDPWD', '/home/vfran/billeagle_ws/bill_ws'), ('DESKTOP_SESSION', 'ubuntu'), ('ROS_PYTHON_VERSION', '3'), ('GNOME_SHELL_SESSION_MODE', 'ubuntu'), ('GTK_MODULES', 'gail:atk-bridge'), ('LC_MONETARY', 'pt_BR.UTF-8'), ('MANAGERPID', '1935'), ('SYSTEMD_EXEC_PID', '2555'), ('DBUS_SESSION_BUS_ADDRESS', 'unix:path=/run/user/1000/bus'), ('COLORTERM', 'truecolor'), ('TERMINATOR_DBUS_NAME', 'net.tenshu.Terminator23558193cd9818af7fe4d2c2f5bd9d00f'), ('GIO_LAUNCHED_DESKTOP_FILE_PID', '3241'), ('ROS_DISTRO', 'humble'), ('LOGNAME', 'vfran'), ('JOURNAL_STREAM', '8:16935'), ('_', '/usr/bin/colcon'), ('ROS_VERSION', '2'), ('XDG_SESSION_CLASS', 'user'), ('USERNAME', 'vfran'), ('TERM', 'xterm-256color'), ('GNOME_DESKTOP_SESSION_ID', 'this-is-deprecated'), ('ROS_LOCALHOST_ONLY', '0'), ('WINDOWPATH', '2'), ('PATH', '/opt/ros/humble/bin:/home/vfran/.local/bin:/usr/local/sbin:/usr/local/bin:/usr/sbin:/usr/bin:/sbin:/bin:/usr/games:/usr/local/games:/snap/bin:/snap/bin:/home/vfran/.dotnet/tools'), ('SESSION_MANAGER', 'local/vfran-ideapad-3:@/tmp/.ICE-unix/2203,unix/vfran-ideapad-3:/tmp/.ICE-unix/2203'), ('INVOCATION_ID', '7d6d9773d6fb4dcca3c488061a12552f'), ('PAPERSIZE', 'a4'), ('XDG_MENU_PREFIX', 'gnome-'), ('LC_ADDRESS', 'pt_BR.UTF-8'), ('XDG_RUNTIME_DIR', '/run/user/1000'), ('DISPLAY', ':1'), ('TERMINATOR_DBUS_PATH', '/net/tenshu/Terminator2'), ('LANG', 'pt_BR.UTF-8'), ('XDG_CURRENT_DESKTOP', 'ubuntu:GNOME'), ('DOTNET_BUNDLE_EXTRACT_BASE_DIR', '/home/vfran/.cache/dotnet_bundle_extract'), ('IBUS_DISABLE_SNOOPER', '1'), ('LC_TELEPHONE', 'pt_BR.UTF-8'), ('XMODIFIERS', '@im=ibus'), ('XDG_SESSION_DESKTOP', 'ubuntu'), ('XAUTHORITY', '/run/user/1000/gdm/Xauthority'), ('LS_COLORS', 'rs=0:di=01;34:ln=01;36:mh=00:pi=40;33:so=01;35:do=01;35:bd=40;33;01:cd=40;33;01:or=40;31;01:mi=00:su=37;41:sg=30;43:ca=30;41:tw=30;42:ow=34;42:st=37;44:ex=01;32:*.tar=01;31:*.tgz=01;31:*.arc=01;31:*.arj=01;31:*.taz=01;31:*.lha=01;31:*.lz4=01;31:*.lzh=01;31:*.lzma=01;31:*.tlz=01;31:*.txz=01;31:*.tzo=01;31:*.t7z=01;31:*.zip=01;31:*.z=01;31:*.dz=01;31:*.gz=01;31:*.lrz=01;31:*.lz=01;31:*.lzo=01;31:*.xz=01;31:*.zst=01;31:*.tzst=01;31:*.bz2=01;31:*.bz=01;31:*.tbz=01;31:*.tbz2=01;31:*.tz=01;31:*.deb=01;31:*.rpm=01;31:*.jar=01;31:*.war=01;31:*.ear=01;31:*.sar=01;31:*.rar=01;31:*.alz=01;31:*.ace=01;31:*.zoo=01;31:*.cpio=01;31:*.7z=01;31:*.rz=01;31:*.cab=01;31:*.wim=01;31:*.swm=01;31:*.dwm=01;31:*.esd=01;31:*.jpg=01;35:*.jpeg=01;35:*.mjpg=01;35:*.mjpeg=01;35:*.gif=01;35:*.bmp=01;35:*.pbm=01;35:*.pgm=01;35:*.ppm=01;35:*.tga=01;35:*.xbm=01;35:*.xpm=01;35:*.tif=01;35:*.tiff=01;35:*.png=01;35:*.svg=01;35:*.svgz=01;35:*.mng=01;35:*.pcx=01;35:*.mov=01;35:*.mpg=01;35:*.mpeg=01;35:*.m2v=01;35:*.mkv=01;35:*.webm=01;35:*.webp=01;35:*.ogm=01;35:*.mp4=01;35:*.m4v=01;35:*.mp4v=01;35:*.vob=01;35:*.qt=01;35:*.nuv=01;35:*.wmv=01;35:*.asf=01;35:*.rm=01;35:*.rmvb=01;35:*.flc=01;35:*.avi=01;35:*.fli=01;35:*.flv=01;35:*.gl=01;35:*.dl=01;35:*.xcf=01;35:*.xwd=01;35:*.yuv=01;35:*.cgm=01;35:*.emf=01;35:*.ogv=01;35:*.ogx=01;35:*.aac=00;36:*.au=00;36:*.flac=00;36:*.m4a=00;36:*.mid=00;36:*.midi=00;36:*.mka=00;36:*.mp3=00;36:*.mpc=00;36:*.ogg=00;36:*.ra=00;36:*.wav=00;36:*.oga=00;36:*.opus=00;36:*.spx=00;36:*.xspf=00;36:'), ('SSH_AGENT_LAUNCHER', 'gnome-keyring'), ('SSH_AUTH_SOCK', '/run/user/1000/keyring/ssh'), ('AMENT_PREFIX_PATH', '/home/vfran/billeagle_ws/microros_ws/install/micro_ros_msgs:/opt/ros/humble'), ('SHELL', '/bin/bash'), ('LC_NAME', 'pt_BR.UTF-8'), ('TERMINATOR_UUID', 'urn:uuid:3290220c-5a3b-4ced-af1d-12b5ff00b1b2'), ('QT_ACCESSIBILITY', '1'), ('GDMSESSION', 'ubuntu'), ('LESSCLOSE', '/usr/bin/lesspipe %s %s'), ('LC_MEASUREMENT', 'pt_BR.UTF-8'), ('GPG_AGENT_INFO', '/run/user/1000/gnupg/S.gpg-agent:0:1'), ('LC_IDENTIFICATION', 'pt_BR.UTF-8'), ('QT_IM_MODULE', 'ibus'), ('PWD', '/home/vfran/billeagle_ws/microros_ws/build/micro_ros_agent'), ('LC_ALL', 'en_US.UTF-8'), ('XDG_CONFIG_DIRS', '/etc/xdg/xdg-ubuntu:/etc/xdg'), ('XDG_DATA_DIRS', '/usr/share/ubuntu:/usr/share/gnome:/home/vfran/.local/share/flatpak/exports/share:/var/lib/flatpak/exports/share:/usr/local/share/:/usr/share/:/var/lib/snapd/desktop'), ('PYTHONPATH', '/home/vfran/billeagle_ws/microros_ws/install/micro_ros_msgs/local/lib/python3.10/dist-packages:/opt/ros/humble/lib/python3.10/site-packages:/opt/ros/humble/local/lib/python3.10/dist-packages'), ('LC_NUMERIC', 'pt_BR.UTF-8'), ('LC_PAPER', 'pt_BR.UTF-8'), ('COLCON', '1'), ('VTE_VERSION', '6800'), ('CMAKE_PREFIX_PATH', '/home/vfran/billeagle_ws/microros_ws/install/micro_ros_msgs:/opt/ros/humble')]), 'shell': False}
[5.062319] (micro_ros_agent) StdoutLine: {'line': b"[  6%] \x1b[34m\x1b[1mCreating directories for 'xrceagent'\x1b[0m\n"}
[5.105057] (micro_ros_agent) StdoutLine: {'line': b"[ 12%] \x1b[34m\x1b[1mPerforming download step (git clone) for 'xrceagent'\x1b[0m\n"}
[5.113079] (-) TimerEvent: {}
[5.119903] (micro_ros_agent) StderrLine: {'line': b"Cloning into 'xrceagent'...\n"}
[5.213310] (-) TimerEvent: {}
[5.314124] (-) TimerEvent: {}
[5.414952] (-) TimerEvent: {}
[5.515807] (-) TimerEvent: {}
[5.616781] (-) TimerEvent: {}
[5.717799] (-) TimerEvent: {}
[5.818691] (-) TimerEvent: {}
[5.919359] (-) TimerEvent: {}
[6.020243] (-) TimerEvent: {}
[6.121123] (-) TimerEvent: {}
[6.222006] (-) TimerEvent: {}
[6.323018] (-) TimerEvent: {}
[6.423904] (-) TimerEvent: {}
[6.524766] (-) TimerEvent: {}
[6.625702] (-) TimerEvent: {}
[6.726290] (-) TimerEvent: {}
[6.826999] (-) TimerEvent: {}
[6.927881] (-) TimerEvent: {}
[7.028774] (-) TimerEvent: {}
[7.129778] (-) TimerEvent: {}
[7.230715] (-) TimerEvent: {}
[7.331587] (-) TimerEvent: {}
[7.432495] (-) TimerEvent: {}
[7.533095] (-) TimerEvent: {}
[7.633875] (-) TimerEvent: {}
[7.734708] (-) TimerEvent: {}
[7.835436] (-) TimerEvent: {}
[7.935882] (-) TimerEvent: {}
[8.036551] (-) TimerEvent: {}
[8.137501] (-) TimerEvent: {}
[8.238580] (-) TimerEvent: {}
[8.339497] (-) TimerEvent: {}
[8.440222] (-) TimerEvent: {}
[8.541051] (-) TimerEvent: {}
[8.641726] (-) TimerEvent: {}
[8.742672] (-) TimerEvent: {}
[8.843535] (-) TimerEvent: {}
[8.944397] (-) TimerEvent: {}
[9.045293] (-) TimerEvent: {}
[9.146205] (-) TimerEvent: {}
[9.247171] (-) TimerEvent: {}
[9.348077] (-) TimerEvent: {}
[9.448938] (-) TimerEvent: {}
[9.549781] (-) TimerEvent: {}
[9.650401] (-) TimerEvent: {}
[9.751281] (-) TimerEvent: {}
[9.852180] (-) TimerEvent: {}
[9.953016] (-) TimerEvent: {}
[10.053644] (-) TimerEvent: {}
[10.154086] (-) TimerEvent: {}
[10.254630] (-) TimerEvent: {}
[10.263622] (micro_ros_agent) StderrLine: {'line': b'HEAD is now at 57d0862 Release v2.4.2\n'}
[10.352812] (micro_ros_agent) StdoutLine: {'line': b"[ 18%] \x1b[34m\x1b[1mPerforming update step for 'xrceagent'\x1b[0m\n"}
[10.354711] (-) TimerEvent: {}
[10.383811] (micro_ros_agent) StdoutLine: {'line': b"[ 25%] \x1b[34m\x1b[1mNo patch step for 'xrceagent'\x1b[0m\n"}
[10.401876] (micro_ros_agent) StdoutLine: {'line': b"[ 31%] \x1b[34m\x1b[1mPerforming configure step for 'xrceagent'\x1b[0m\n"}
[10.410630] (micro_ros_agent) StdoutLine: {'line': b'loading initial cache file /home/vfran/billeagle_ws/microros_ws/build/micro_ros_agent/agent/tmp/xrceagent-cache-.cmake\n'}
[10.454958] (-) TimerEvent: {}
[10.488995] (micro_ros_agent) StdoutLine: {'line': b'-- The C compiler identification is GNU 11.4.0\n'}
[10.500242] (micro_ros_agent) StdoutLine: {'line': b'-- Detecting C compiler ABI info\n'}
[10.555208] (-) TimerEvent: {}
[10.586767] (micro_ros_agent) StdoutLine: {'line': b'-- Detecting C compiler ABI info - done\n'}
[10.597052] (micro_ros_agent) StdoutLine: {'line': b'-- Check for working C compiler: /usr/bin/cc - skipped\n'}
[10.597483] (micro_ros_agent) StdoutLine: {'line': b'-- Detecting C compile features\n'}
[10.597719] (micro_ros_agent) StdoutLine: {'line': b'-- Detecting C compile features - done\n'}
[10.655444] (-) TimerEvent: {}
[10.673108] (micro_ros_agent) StdoutLine: {'line': b'-- The CXX compiler identification is GNU 11.4.0\n'}
[10.684038] (micro_ros_agent) StdoutLine: {'line': b'-- Detecting CXX compiler ABI info\n'}
[10.755698] (-) TimerEvent: {}
[10.786661] (micro_ros_agent) StdoutLine: {'line': b'-- Detecting CXX compiler ABI info - done\n'}
[10.797357] (micro_ros_agent) StdoutLine: {'line': b'-- Check for working CXX compiler: /usr/bin/c++ - skipped\n'}
[10.797934] (micro_ros_agent) StdoutLine: {'line': b'-- Detecting CXX compile features\n'}
[10.798254] (micro_ros_agent) StdoutLine: {'line': b'-- Detecting CXX compile features - done\n'}
[10.806562] (micro_ros_agent) StdoutLine: {'line': b'-- Looking for pthread.h\n'}
[10.855928] (-) TimerEvent: {}
[10.898304] (micro_ros_agent) StdoutLine: {'line': b'-- Looking for pthread.h - found\n'}
[10.898703] (micro_ros_agent) StdoutLine: {'line': b'-- Performing Test CMAKE_HAVE_LIBC_PTHREAD\n'}
[10.956139] (-) TimerEvent: {}
[10.992321] (micro_ros_agent) StdoutLine: {'line': b'-- Performing Test CMAKE_HAVE_LIBC_PTHREAD - Success\n'}
[10.993422] (micro_ros_agent) StdoutLine: {'line': b'-- Found Threads: TRUE  \n'}
[11.010287] (micro_ros_agent) StdoutLine: {'line': b'-- Configuring done\n'}
[11.013649] (micro_ros_agent) StdoutLine: {'line': b'-- Generating done\n'}
[11.014620] (micro_ros_agent) StdoutLine: {'line': b'-- Build files have been written to: /home/vfran/billeagle_ws/microros_ws/build/micro_ros_agent/agent/src/xrceagent-build\n'}
[11.034206] (micro_ros_agent) StdoutLine: {'line': b"[ 37%] \x1b[34m\x1b[1mPerforming build step for 'xrceagent'\x1b[0m\n"}
[11.056353] (-) TimerEvent: {}
[11.073115] (micro_ros_agent) StdoutLine: {'line': b"[ 12%] \x1b[34m\x1b[1mCreating directories for 'uagent'\x1b[0m\n"}
[11.119222] (micro_ros_agent) StdoutLine: {'line': b"[ 25%] \x1b[34m\x1b[1mNo download step for 'uagent'\x1b[0m\n"}
[11.137364] (micro_ros_agent) StdoutLine: {'line': b"[ 37%] \x1b[34m\x1b[1mNo update step for 'uagent'\x1b[0m\n"}
[11.156581] (-) TimerEvent: {}
[11.157589] (micro_ros_agent) StdoutLine: {'line': b"[ 50%] \x1b[34m\x1b[1mNo patch step for 'uagent'\x1b[0m\n"}
[11.175402] (micro_ros_agent) StdoutLine: {'line': b"[ 62%] \x1b[34m\x1b[1mPerforming configure step for 'uagent'\x1b[0m\n"}
[11.183739] (micro_ros_agent) StdoutLine: {'line': b'loading initial cache file /home/vfran/billeagle_ws/microros_ws/build/micro_ros_agent/agent/src/xrceagent-build/uagent-prefix/tmp/uagent-cache-.cmake\n'}
[11.190405] (micro_ros_agent) StdoutLine: {'line': b"-- Setting build type to 'Release' as none was specified.\n"}
[11.234488] (micro_ros_agent) StderrLine: {'line': b'\x1b[33mCMake Warning (dev) at /usr/local/share/cmake-3.22/Modules/FindPackageHandleStandardArgs.cmake:438 (message):\n'}
[11.234918] (micro_ros_agent) StderrLine: {'line': b'  The package name passed to `find_package_handle_standard_args` (tinyxml2)\n'}
[11.235273] (micro_ros_agent) StderrLine: {'line': b'  does not match the name of the calling package (TinyXML2).  This can lead\n'}
[11.235450] (micro_ros_agent) StderrLine: {'line': b'  to problems in calling code that expects `find_package` result variables\n'}
[11.235595] (micro_ros_agent) StderrLine: {'line': b'  (e.g., `_FOUND`) to follow a certain pattern.\n'}
[11.235783] (micro_ros_agent) StderrLine: {'line': b'Call Stack (most recent call first):\n'}
[11.235921] (micro_ros_agent) StderrLine: {'line': b'  cmake/modules/FindTinyXML2.cmake:40 (find_package_handle_standard_args)\n'}
[11.236060] (micro_ros_agent) StderrLine: {'line': b'  /opt/ros/humble/share/fastrtps/cmake/fastrtps-config.cmake:51 (find_package)\n'}
[11.236200] (micro_ros_agent) StderrLine: {'line': b'  CMakeLists.txt:153 (find_package)\n'}
[11.236337] (micro_ros_agent) StderrLine: {'line': b'This warning is for project developers.  Use -Wno-dev to suppress it.\n'}
[11.236475] (micro_ros_agent) StderrLine: {'line': b'\x1b[0m\n'}
[11.236623] (micro_ros_agent) StdoutLine: {'line': b'-- Found tinyxml2: /usr/lib/x86_64-linux-gnu/libtinyxml2.so  \n'}
[11.256775] (-) TimerEvent: {}
[11.334989] (micro_ros_agent) StdoutLine: {'line': b'-- Found OpenSSL: /usr/lib/x86_64-linux-gnu/libcrypto.so (found version "3.0.2")  \n'}
[11.346123] (micro_ros_agent) StdoutLine: {'line': b'-- Configuring done\n'}
[11.357332] (-) TimerEvent: {}
[11.363155] (micro_ros_agent) StdoutLine: {'line': b'-- Generating done\n'}
[11.364219] (micro_ros_agent) StdoutLine: {'line': b'-- Build files have been written to: /home/vfran/billeagle_ws/microros_ws/build/micro_ros_agent/agent/src/xrceagent-build\n'}
[11.382731] (micro_ros_agent) StdoutLine: {'line': b"[ 75%] \x1b[34m\x1b[1mPerforming build step for 'uagent'\x1b[0m\n"}
[11.427808] (micro_ros_agent) StdoutLine: {'line': b'[  9%] \x1b[32mBuilding CXX object CMakeFiles/microxrcedds_agent.dir/src/cpp/AgentInstance.cpp.o\x1b[0m\n'}
[11.428179] (micro_ros_agent) StdoutLine: {'line': b'[  9%] \x1b[32mBuilding CXX object CMakeFiles/microxrcedds_agent.dir/src/cpp/client/ProxyClient.cpp.o\x1b[0m\n'}
[11.428276] (micro_ros_agent) StdoutLine: {'line': b'[  9%] \x1b[32mBuilding CXX object CMakeFiles/microxrcedds_agent.dir/src/cpp/Agent.cpp.o\x1b[0m\n'}
[11.428365] (micro_ros_agent) StdoutLine: {'line': b'[  9%] \x1b[32mBuilding CXX object CMakeFiles/microxrcedds_agent.dir/src/cpp/Root.cpp.o\x1b[0m\n'}
[11.429487] (micro_ros_agent) StdoutLine: {'line': b'[ 14%] \x1b[32mBuilding CXX object CMakeFiles/microxrcedds_agent.dir/src/cpp/publisher/Publisher.cpp.o\x1b[0m\n'}
[11.429952] (micro_ros_agent) StdoutLine: {'line': b'[ 14%] \x1b[32mBuilding CXX object CMakeFiles/microxrcedds_agent.dir/src/cpp/participant/Participant.cpp.o\x1b[0m\n'}
[11.430111] (micro_ros_agent) StdoutLine: {'line': b'[ 16%] \x1b[32mBuilding CXX object CMakeFiles/microxrcedds_agent.dir/src/cpp/processor/Processor.cpp.o\x1b[0m\n'}
[11.431047] (micro_ros_agent) StdoutLine: {'line': b'[ 21%] \x1b[32mBuilding CXX object CMakeFiles/microxrcedds_agent.dir/src/cpp/topic/Topic.cpp.o\x1b[0m\n'}
[11.431397] (micro_ros_agent) StdoutLine: {'line': b'[ 21%] \x1b[32mBuilding CXX object CMakeFiles/microxrcedds_agent.dir/src/cpp/subscriber/Subscriber.cpp.o\x1b[0m\n'}
[11.431825] (micro_ros_agent) StdoutLine: {'line': b'[ 23%] \x1b[32mBuilding CXX object CMakeFiles/microxrcedds_agent.dir/src/cpp/datawriter/DataWriter.cpp.o\x1b[0m\n'}
[11.432102] (micro_ros_agent) StdoutLine: {'line': b'[ 28%] \x1b[32mBuilding CXX object CMakeFiles/microxrcedds_agent.dir/src/cpp/requester/Requester.cpp.o\x1b[0m\n'}
[11.432200] (micro_ros_agent) StdoutLine: {'line': b'[ 28%] \x1b[32mBuilding CXX object CMakeFiles/microxrcedds_agent.dir/src/cpp/datareader/DataReader.cpp.o\x1b[0m\n'}
[11.432733] (micro_ros_agent) StdoutLine: {'line': b'[ 33%] \x1b[32mBuilding CXX object CMakeFiles/microxrcedds_agent.dir/src/cpp/replier/Replier.cpp.o\x1b[0m\n'}
[11.432932] (micro_ros_agent) StdoutLine: {'line': b'[ 33%] \x1b[32mBuilding CXX object CMakeFiles/microxrcedds_agent.dir/src/cpp/object/XRCEObject.cpp.o\x1b[0m\n'}
[11.435200] (micro_ros_agent) StdoutLine: {'line': b'[ 35%] \x1b[32mBuilding CXX object CMakeFiles/microxrcedds_agent.dir/src/cpp/types/XRCETypes.cpp.o\x1b[0m\n'}
[11.438067] (micro_ros_agent) StdoutLine: {'line': b'[ 38%] \x1b[32mBuilding CXX object CMakeFiles/microxrcedds_agent.dir/src/cpp/types/MessageHeader.cpp.o\x1b[0m\n'}
[11.457553] (-) TimerEvent: {}
[11.561550] (-) TimerEvent: {}
[11.662276] (-) TimerEvent: {}
[11.763321] (-) TimerEvent: {}
[11.866782] (-) TimerEvent: {}
[11.967499] (-) TimerEvent: {}
[12.068223] (-) TimerEvent: {}
[12.168930] (-) TimerEvent: {}
[12.270738] (-) TimerEvent: {}
[12.371249] (-) TimerEvent: {}
[12.421178] (micro_ros_agent) StdoutLine: {'line': b'[ 40%] \x1b[32mBuilding CXX object CMakeFiles/microxrcedds_agent.dir/src/cpp/types/SubMessageHeader.cpp.o\x1b[0m\n'}
[12.474742] (-) TimerEvent: {}
[12.503875] (micro_ros_agent) StdoutLine: {'line': b'[ 42%] \x1b[32mBuilding CXX object CMakeFiles/microxrcedds_agent.dir/src/cpp/message/InputMessage.cpp.o\x1b[0m\n'}
[12.574917] (-) TimerEvent: {}
[12.675419] (-) TimerEvent: {}
[12.776007] (-) TimerEvent: {}
[12.876533] (-) TimerEvent: {}
[12.977092] (-) TimerEvent: {}
[13.081048] (-) TimerEvent: {}
[13.181589] (-) TimerEvent: {}
[13.282160] (-) TimerEvent: {}
[13.314761] (micro_ros_agent) StdoutLine: {'line': b'[ 45%] \x1b[32mBuilding CXX object CMakeFiles/microxrcedds_agent.dir/src/cpp/message/OutputMessage.cpp.o\x1b[0m\n'}
[13.382343] (-) TimerEvent: {}
[13.482933] (-) TimerEvent: {}
[13.569762] (micro_ros_agent) StdoutLine: {'line': b'[ 47%] \x1b[32mBuilding CXX object CMakeFiles/microxrcedds_agent.dir/src/cpp/utils/ArgumentParser.cpp.o\x1b[0m\n'}
[13.583097] (-) TimerEvent: {}
[13.588199] (micro_ros_agent) StdoutLine: {'line': b'[ 50%] \x1b[32mBuilding CXX object CMakeFiles/microxrcedds_agent.dir/src/cpp/transport/Server.cpp.o\x1b[0m\n'}
[13.589393] (micro_ros_agent) StdoutLine: {'line': b'[ 52%] \x1b[32mBuilding CXX object CMakeFiles/microxrcedds_agent.dir/src/cpp/transport/stream_framing/StreamFramingProtocol.cpp.o\x1b[0m\n'}
[13.594727] (micro_ros_agent) StdoutLine: {'line': b'[ 54%] \x1b[32mBuilding CXX object CMakeFiles/microxrcedds_agent.dir/src/cpp/transport/custom/CustomAgent.cpp.o\x1b[0m\n'}
[13.683277] (-) TimerEvent: {}
[13.783821] (-) TimerEvent: {}
[13.884326] (-) TimerEvent: {}
[13.984899] (-) TimerEvent: {}
[14.004557] (micro_ros_agent) StdoutLine: {'line': b'[ 57%] \x1b[32mBuilding CXX object CMakeFiles/microxrcedds_agent.dir/src/cpp/transport/udp/UDPv4AgentLinux.cpp.o\x1b[0m\n'}
[14.087754] (-) TimerEvent: {}
[14.188339] (-) TimerEvent: {}
[14.288911] (-) TimerEvent: {}
[14.389473] (-) TimerEvent: {}
[14.490052] (-) TimerEvent: {}
[14.590574] (-) TimerEvent: {}
[14.693751] (-) TimerEvent: {}
[14.794302] (-) TimerEvent: {}
[14.894902] (-) TimerEvent: {}
[14.995455] (-) TimerEvent: {}
[15.095993] (-) TimerEvent: {}
[15.199774] (-) TimerEvent: {}
[15.300301] (-) TimerEvent: {}
[15.400857] (-) TimerEvent: {}
[15.501339] (-) TimerEvent: {}
[15.601871] (-) TimerEvent: {}
[15.702384] (-) TimerEvent: {}
[15.802946] (-) TimerEvent: {}
[15.904761] (-) TimerEvent: {}
[16.005254] (-) TimerEvent: {}
[16.105808] (-) TimerEvent: {}
[16.209748] (-) TimerEvent: {}
[16.310281] (-) TimerEvent: {}
[16.410864] (-) TimerEvent: {}
[16.511401] (-) TimerEvent: {}
[16.602277] (micro_ros_agent) StdoutLine: {'line': b'[ 59%] \x1b[32mBuilding CXX object CMakeFiles/microxrcedds_agent.dir/src/cpp/transport/udp/UDPv6AgentLinux.cpp.o\x1b[0m\n'}
[16.611588] (-) TimerEvent: {}
[16.714758] (-) TimerEvent: {}
[16.815303] (-) TimerEvent: {}
[16.915866] (-) TimerEvent: {}
[17.016446] (-) TimerEvent: {}
[17.117051] (-) TimerEvent: {}
[17.218762] (-) TimerEvent: {}
[17.319310] (-) TimerEvent: {}
[17.419863] (-) TimerEvent: {}
[17.521761] (-) TimerEvent: {}
[17.622361] (-) TimerEvent: {}
[17.725753] (-) TimerEvent: {}
[17.826338] (-) TimerEvent: {}
[17.926962] (-) TimerEvent: {}
[18.027536] (-) TimerEvent: {}
[18.128101] (-) TimerEvent: {}
[18.180770] (micro_ros_agent) StdoutLine: {'line': b'[ 61%] \x1b[32mBuilding CXX object CMakeFiles/microxrcedds_agent.dir/src/cpp/transport/tcp/TCPv4AgentLinux.cpp.o\x1b[0m\n'}
[18.228280] (-) TimerEvent: {}
[18.328748] (-) TimerEvent: {}
[18.361510] (micro_ros_agent) StdoutLine: {'line': b'[ 64%] \x1b[32mBuilding CXX object CMakeFiles/microxrcedds_agent.dir/src/cpp/transport/tcp/TCPv6AgentLinux.cpp.o\x1b[0m\n'}
[18.400748] (micro_ros_agent) StdoutLine: {'line': b'[ 66%] \x1b[32mBuilding CXX object CMakeFiles/microxrcedds_agent.dir/src/cpp/transport/serial/SerialAgentLinux.cpp.o\x1b[0m\n'}
[18.428947] (-) TimerEvent: {}
[18.441704] (micro_ros_agent) StdoutLine: {'line': b'[ 69%] \x1b[32mBuilding CXX object CMakeFiles/microxrcedds_agent.dir/src/cpp/transport/serial/TermiosAgentLinux.cpp.o\x1b[0m\n'}
[18.529129] (-) TimerEvent: {}
[18.629705] (-) TimerEvent: {}
[18.667463] (micro_ros_agent) StdoutLine: {'line': b'[ 71%] \x1b[32mBuilding CXX object CMakeFiles/microxrcedds_agent.dir/src/cpp/transport/serial/MultiSerialAgentLinux.cpp.o\x1b[0m\n'}
[18.733754] (-) TimerEvent: {}
[18.834341] (-) TimerEvent: {}
[18.934948] (-) TimerEvent: {}
[19.035543] (-) TimerEvent: {}
[19.084365] (micro_ros_agent) StdoutLine: {'line': b'[ 73%] \x1b[32mBuilding CXX object CMakeFiles/microxrcedds_agent.dir/src/cpp/transport/serial/MultiTermiosAgentLinux.cpp.o\x1b[0m\n'}
[19.135742] (-) TimerEvent: {}
[19.236345] (-) TimerEvent: {}
[19.336961] (-) TimerEvent: {}
[19.440036] (-) TimerEvent: {}
[19.540680] (-) TimerEvent: {}
[19.577861] (micro_ros_agent) StdoutLine: {'line': b'[ 76%] \x1b[32mBuilding CXX object CMakeFiles/microxrcedds_agent.dir/src/cpp/transport/serial/PseudoTerminalAgentLinux.cpp.o\x1b[0m\n'}
[19.640854] (-) TimerEvent: {}
[19.743076] (-) TimerEvent: {}
[19.815128] (micro_ros_agent) StdoutLine: {'line': b'[ 78%] \x1b[32mBuilding CXX object CMakeFiles/microxrcedds_agent.dir/src/cpp/transport/can/CanAgentLinux.cpp.o\x1b[0m\n'}
[19.844765] (-) TimerEvent: {}
[19.945370] (-) TimerEvent: {}
[20.045901] (-) TimerEvent: {}
[20.148742] (-) TimerEvent: {}
[20.249332] (-) TimerEvent: {}
[20.349928] (-) TimerEvent: {}
[20.450459] (-) TimerEvent: {}
[20.551088] (-) TimerEvent: {}
[20.652736] (-) TimerEvent: {}
[20.753243] (-) TimerEvent: {}
[20.795744] (micro_ros_agent) StdoutLine: {'line': b'[ 80%] \x1b[32mBuilding CXX object CMakeFiles/microxrcedds_agent.dir/src/cpp/transport/discovery/DiscoveryServerLinux.cpp.o\x1b[0m\n'}
[20.853434] (-) TimerEvent: {}
[20.955767] (-) TimerEvent: {}
[21.056314] (-) TimerEvent: {}
[21.156910] (-) TimerEvent: {}
[21.257516] (-) TimerEvent: {}
[21.359098] (-) TimerEvent: {}
[21.460760] (-) TimerEvent: {}
[21.493824] (micro_ros_agent) StdoutLine: {'line': b'[ 83%] \x1b[32mBuilding CXX object CMakeFiles/microxrcedds_agent.dir/src/cpp/transport/discovery/DiscoveryServer.cpp.o\x1b[0m\n'}
[21.560953] (-) TimerEvent: {}
[21.662766] (-) TimerEvent: {}
[21.763348] (-) TimerEvent: {}
[21.868225] (-) TimerEvent: {}
[21.968848] (-) TimerEvent: {}
[22.069468] (-) TimerEvent: {}
[22.170080] (-) TimerEvent: {}
[22.270663] (-) TimerEvent: {}
[22.371178] (-) TimerEvent: {}
[22.389673] (micro_ros_agent) StdoutLine: {'line': b'[ 85%] \x1b[32mBuilding CXX object CMakeFiles/microxrcedds_agent.dir/src/cpp/types/TopicPubSubType.cpp.o\x1b[0m\n'}
[22.474760] (-) TimerEvent: {}
[22.575322] (-) TimerEvent: {}
[22.675900] (-) TimerEvent: {}
[22.776474] (-) TimerEvent: {}
[22.860935] (micro_ros_agent) StdoutLine: {'line': b'[ 88%] \x1b[32mBuilding CXX object CMakeFiles/microxrcedds_agent.dir/src/cpp/xmlobjects/xmlobjects.cpp.o\x1b[0m\n'}
[22.876670] (-) TimerEvent: {}
[22.977209] (-) TimerEvent: {}
[23.078759] (-) TimerEvent: {}
[23.179329] (-) TimerEvent: {}
[23.283771] (-) TimerEvent: {}
[23.384368] (-) TimerEvent: {}
[23.485004] (-) TimerEvent: {}
[23.585529] (-) TimerEvent: {}
[23.686123] (-) TimerEvent: {}
[23.786710] (-) TimerEvent: {}
[23.887212] (-) TimerEvent: {}
[23.942963] (micro_ros_agent) StdoutLine: {'line': b'[ 90%] \x1b[32mBuilding CXX object CMakeFiles/microxrcedds_agent.dir/src/cpp/middleware/fast/FastEntities.cpp.o\x1b[0m\n'}
[23.989746] (-) TimerEvent: {}
[24.024334] (micro_ros_agent) StdoutLine: {'line': b'[ 92%] \x1b[32mBuilding CXX object CMakeFiles/microxrcedds_agent.dir/src/cpp/middleware/fast/FastMiddleware.cpp.o\x1b[0m\n'}
[24.089927] (-) TimerEvent: {}
[24.102778] (micro_ros_agent) StdoutLine: {'line': b'[ 95%] \x1b[32mBuilding CXX object CMakeFiles/microxrcedds_agent.dir/src/cpp/middleware/fastdds/FastDDSEntities.cpp.o\x1b[0m\n'}
[24.190127] (-) TimerEvent: {}
[24.291760] (-) TimerEvent: {}
[24.392288] (-) TimerEvent: {}
[24.431520] (micro_ros_agent) StdoutLine: {'line': b'[ 97%] \x1b[32mBuilding CXX object CMakeFiles/microxrcedds_agent.dir/src/cpp/middleware/fastdds/FastDDSMiddleware.cpp.o\x1b[0m\n'}
[24.494766] (-) TimerEvent: {}
[24.595333] (-) TimerEvent: {}
[24.695877] (-) TimerEvent: {}
[24.796387] (-) TimerEvent: {}
[24.896907] (-) TimerEvent: {}
[25.000754] (-) TimerEvent: {}
[25.101268] (-) TimerEvent: {}
[25.201813] (-) TimerEvent: {}
[25.302339] (-) TimerEvent: {}
[25.402888] (-) TimerEvent: {}
[25.503421] (-) TimerEvent: {}
[25.603964] (-) TimerEvent: {}
[25.704515] (-) TimerEvent: {}
[25.805088] (-) TimerEvent: {}
[25.905638] (-) TimerEvent: {}
[26.006121] (-) TimerEvent: {}
[26.106686] (-) TimerEvent: {}
[26.207286] (-) TimerEvent: {}
[26.307768] (-) TimerEvent: {}
[26.408264] (-) TimerEvent: {}
[26.508748] (-) TimerEvent: {}
[26.609192] (-) TimerEvent: {}
[26.709712] (-) TimerEvent: {}
[26.810193] (-) TimerEvent: {}
[26.910722] (-) TimerEvent: {}
[27.011242] (-) TimerEvent: {}
[27.111757] (-) TimerEvent: {}
[27.212253] (-) TimerEvent: {}
[27.312761] (-) TimerEvent: {}
[27.413272] (-) TimerEvent: {}
[27.513777] (-) TimerEvent: {}
[27.614257] (-) TimerEvent: {}
[27.714716] (-) TimerEvent: {}
[27.815206] (-) TimerEvent: {}
[27.915696] (-) TimerEvent: {}
[28.016183] (-) TimerEvent: {}
[28.116716] (-) TimerEvent: {}
[28.217178] (-) TimerEvent: {}
[28.317650] (-) TimerEvent: {}
[28.418101] (-) TimerEvent: {}
[28.518544] (-) TimerEvent: {}
[28.619022] (-) TimerEvent: {}
[28.719472] (-) TimerEvent: {}
[28.819936] (-) TimerEvent: {}
[28.920379] (-) TimerEvent: {}
[29.020845] (-) TimerEvent: {}
[29.121295] (-) TimerEvent: {}
[29.221739] (-) TimerEvent: {}
[29.322172] (-) TimerEvent: {}
[29.422647] (-) TimerEvent: {}
[29.523104] (-) TimerEvent: {}
[29.623552] (-) TimerEvent: {}
[29.724001] (-) TimerEvent: {}
[29.824424] (-) TimerEvent: {}
[29.924851] (-) TimerEvent: {}
[30.025178] (-) TimerEvent: {}
[30.125499] (-) TimerEvent: {}
[30.225841] (-) TimerEvent: {}
[30.326156] (-) TimerEvent: {}
[30.426479] (-) TimerEvent: {}
[30.526828] (-) TimerEvent: {}
[30.627160] (-) TimerEvent: {}
[30.727491] (-) TimerEvent: {}
[30.827836] (-) TimerEvent: {}
[30.928150] (-) TimerEvent: {}
[31.028488] (-) TimerEvent: {}
[31.128851] (-) TimerEvent: {}
[31.229186] (-) TimerEvent: {}
[31.329516] (-) TimerEvent: {}
[31.429857] (-) TimerEvent: {}
[31.504132] (micro_ros_agent) StdoutLine: {'line': b'[100%] \x1b[32m\x1b[1mLinking CXX shared library libmicroxrcedds_agent.so\x1b[0m\n'}
[31.530049] (-) TimerEvent: {}
[31.630386] (-) TimerEvent: {}
[31.730717] (-) TimerEvent: {}
[31.823068] (micro_ros_agent) StdoutLine: {'line': b'[100%] Built target microxrcedds_agent\n'}
[31.830868] (-) TimerEvent: {}
[31.837566] (micro_ros_agent) StdoutLine: {'line': b"\x1b[34m\x1b[1mNo install step for 'uagent'\x1b[0m\n"}
[31.850488] (micro_ros_agent) StdoutLine: {'line': b"\x1b[34m\x1b[1mCompleted 'uagent'\x1b[0m\n"}
[31.868235] (micro_ros_agent) StdoutLine: {'line': b'Built target uagent\n'}
[31.883475] (micro_ros_agent) StdoutLine: {'line': b"[ 43%] \x1b[34m\x1b[1mPerforming install step for 'xrceagent'\x1b[0m\n"}
[31.914551] (micro_ros_agent) StdoutLine: {'line': b'\x1b[35m\x1b[1mConsolidate compiler generated dependencies of target microxrcedds_agent\x1b[0m\n'}
[31.931006] (-) TimerEvent: {}
[31.961005] (micro_ros_agent) StdoutLine: {'line': b'[100%] Built target microxrcedds_agent\n'}
[31.971205] (micro_ros_agent) StdoutLine: {'line': b'\x1b[36mInstall the project...\x1b[0m\n'}
[31.976228] (micro_ros_agent) StdoutLine: {'line': b'-- Install configuration: "Release"\n'}
[31.976502] (micro_ros_agent) StdoutLine: {'line': b'-- Installing: /home/vfran/billeagle_ws/microros_ws/install/micro_ros_agent/lib/libmicroxrcedds_agent.so.2.4.2\n'}
[31.981006] (micro_ros_agent) StdoutLine: {'line': b'-- Installing: /home/vfran/billeagle_ws/microros_ws/install/micro_ros_agent/lib/libmicroxrcedds_agent.so.2.4\n'}
[31.981339] (micro_ros_agent) StdoutLine: {'line': b'-- Set runtime path of "/home/vfran/billeagle_ws/microros_ws/install/micro_ros_agent/lib/libmicroxrcedds_agent.so.2.4.2" to ""\n'}
[31.981591] (micro_ros_agent) StdoutLine: {'line': b'-- Installing: /home/vfran/billeagle_ws/microros_ws/install/micro_ros_agent/lib/libmicroxrcedds_agent.so\n'}
[31.981743] (micro_ros_agent) StdoutLine: {'line': b'-- Installing: /home/vfran/billeagle_ws/microros_ws/install/micro_ros_agent/include/uxr/agent\n'}
[31.981896] (micro_ros_agent) StdoutLine: {'line': b'-- Installing: /home/vfran/billeagle_ws/microros_ws/install/micro_ros_agent/include/uxr/agent/requester\n'}
[31.982051] (micro_ros_agent) StdoutLine: {'line': b'-- Installing: /home/vfran/billeagle_ws/microros_ws/install/micro_ros_agent/include/uxr/agent/requester/Requester.hpp\n'}
[31.982156] (micro_ros_agent) StdoutLine: {'line': b'-- Installing: /home/vfran/billeagle_ws/microros_ws/install/micro_ros_agent/include/uxr/agent/scheduler\n'}
[31.982287] (micro_ros_agent) StdoutLine: {'line': b'-- Installing: /home/vfran/billeagle_ws/microros_ws/install/micro_ros_agent/include/uxr/agent/scheduler/Scheduler.hpp\n'}
[31.982382] (micro_ros_agent) StdoutLine: {'line': b'-- Installing: /home/vfran/billeagle_ws/microros_ws/install/micro_ros_agent/include/uxr/agent/scheduler/PacketScheduler.hpp\n'}
[31.982522] (micro_ros_agent) StdoutLine: {'line': b'-- Installing: /home/vfran/billeagle_ws/microros_ws/install/micro_ros_agent/include/uxr/agent/transport\n'}
[31.982642] (micro_ros_agent) StdoutLine: {'line': b'-- Installing: /home/vfran/billeagle_ws/microros_ws/install/micro_ros_agent/include/uxr/agent/transport/can\n'}
[31.982711] (micro_ros_agent) StdoutLine: {'line': b'-- Installing: /home/vfran/billeagle_ws/microros_ws/install/micro_ros_agent/include/uxr/agent/transport/can/CanAgentLinux.hpp\n'}
[31.982771] (micro_ros_agent) StdoutLine: {'line': b'-- Installing: /home/vfran/billeagle_ws/microros_ws/install/micro_ros_agent/include/uxr/agent/transport/serial\n'}
[31.982828] (micro_ros_agent) StdoutLine: {'line': b'-- Installing: /home/vfran/billeagle_ws/microros_ws/install/micro_ros_agent/include/uxr/agent/transport/serial/MultiSerialAgentLinux.hpp\n'}
[31.982875] (micro_ros_agent) StdoutLine: {'line': b'-- Installing: /home/vfran/billeagle_ws/microros_ws/install/micro_ros_agent/include/uxr/agent/transport/serial/MultiTermiosAgentLinux.hpp\n'}
[31.982920] (micro_ros_agent) StdoutLine: {'line': b'-- Installing: /home/vfran/billeagle_ws/microros_ws/install/micro_ros_agent/include/uxr/agent/transport/serial/PseudoTerminalAgentLinux.hpp\n'}
[31.982988] (micro_ros_agent) StdoutLine: {'line': b'-- Installing: /home/vfran/billeagle_ws/microros_ws/install/micro_ros_agent/include/uxr/agent/transport/serial/baud_rate_table_linux.h\n'}
[31.983033] (micro_ros_agent) StdoutLine: {'line': b'-- Installing: /home/vfran/billeagle_ws/microros_ws/install/micro_ros_agent/include/uxr/agent/transport/serial/TermiosAgentLinux.hpp\n'}
[31.983091] (micro_ros_agent) StdoutLine: {'line': b'-- Installing: /home/vfran/billeagle_ws/microros_ws/install/micro_ros_agent/include/uxr/agent/transport/serial/SerialAgentLinux.hpp\n'}
[31.983198] (micro_ros_agent) StdoutLine: {'line': b'-- Installing: /home/vfran/billeagle_ws/microros_ws/install/micro_ros_agent/include/uxr/agent/transport/TransportRc.hpp\n'}
[31.983330] (micro_ros_agent) StdoutLine: {'line': b'-- Installing: /home/vfran/billeagle_ws/microros_ws/install/micro_ros_agent/include/uxr/agent/transport/discovery\n'}
[31.983434] (micro_ros_agent) StdoutLine: {'line': b'-- Installing: /home/vfran/billeagle_ws/microros_ws/install/micro_ros_agent/include/uxr/agent/transport/discovery/DiscoveryServer.hpp\n'}
[31.983523] (micro_ros_agent) StdoutLine: {'line': b'-- Installing: /home/vfran/billeagle_ws/microros_ws/install/micro_ros_agent/include/uxr/agent/transport/discovery/DiscoveryServerLinux.hpp\n'}
[31.983632] (micro_ros_agent) StdoutLine: {'line': b'-- Installing: /home/vfran/billeagle_ws/microros_ws/install/micro_ros_agent/include/uxr/agent/transport/discovery/DiscoveryServerWindows.hpp\n'}
[31.983775] (micro_ros_agent) StdoutLine: {'line': b'-- Installing: /home/vfran/billeagle_ws/microros_ws/install/micro_ros_agent/include/uxr/agent/transport/SessionManager.hpp\n'}
[31.983893] (micro_ros_agent) StdoutLine: {'line': b'-- Installing: /home/vfran/billeagle_ws/microros_ws/install/micro_ros_agent/include/uxr/agent/transport/Server.hpp\n'}
[31.984004] (micro_ros_agent) StdoutLine: {'line': b'-- Installing: /home/vfran/billeagle_ws/microros_ws/install/micro_ros_agent/include/uxr/agent/transport/stream_framing\n'}
[31.984087] (micro_ros_agent) StdoutLine: {'line': b'-- Installing: /home/vfran/billeagle_ws/microros_ws/install/micro_ros_agent/include/uxr/agent/transport/stream_framing/StreamFramingProtocol.hpp\n'}
[31.984215] (micro_ros_agent) StdoutLine: {'line': b'-- Installing: /home/vfran/billeagle_ws/microros_ws/install/micro_ros_agent/include/uxr/agent/transport/custom\n'}
[31.984307] (micro_ros_agent) StdoutLine: {'line': b'-- Installing: /home/vfran/billeagle_ws/microros_ws/install/micro_ros_agent/include/uxr/agent/transport/custom/CustomAgent.hpp\n'}
[31.984444] (micro_ros_agent) StdoutLine: {'line': b'-- Installing: /home/vfran/billeagle_ws/microros_ws/install/micro_ros_agent/include/uxr/agent/transport/tcp\n'}
[31.984538] (micro_ros_agent) StdoutLine: {'line': b'-- Installing: /home/vfran/billeagle_ws/microros_ws/install/micro_ros_agent/include/uxr/agent/transport/tcp/TCPServerBase.hpp\n'}
[31.984643] (micro_ros_agent) StdoutLine: {'line': b'-- Installing: /home/vfran/billeagle_ws/microros_ws/install/micro_ros_agent/include/uxr/agent/transport/tcp/TCPv6AgentWindows.hpp\n'}
[31.984774] (micro_ros_agent) StdoutLine: {'line': b'-- Installing: /home/vfran/billeagle_ws/microros_ws/install/micro_ros_agent/include/uxr/agent/transport/tcp/TCPv4AgentLinux.hpp\n'}
[31.984892] (micro_ros_agent) StdoutLine: {'line': b'-- Installing: /home/vfran/billeagle_ws/microros_ws/install/micro_ros_agent/include/uxr/agent/transport/tcp/TCPConnection.hpp\n'}
[31.985025] (micro_ros_agent) StdoutLine: {'line': b'-- Installing: /home/vfran/billeagle_ws/microros_ws/install/micro_ros_agent/include/uxr/agent/transport/tcp/TCPv4AgentWindows.hpp\n'}
[31.985159] (micro_ros_agent) StdoutLine: {'line': b'-- Installing: /home/vfran/billeagle_ws/microros_ws/install/micro_ros_agent/include/uxr/agent/transport/tcp/TCPv6AgentLinux.hpp\n'}
[31.985261] (micro_ros_agent) StdoutLine: {'line': b'-- Installing: /home/vfran/billeagle_ws/microros_ws/install/micro_ros_agent/include/uxr/agent/transport/endpoint\n'}
[31.985346] (micro_ros_agent) StdoutLine: {'line': b'-- Installing: /home/vfran/billeagle_ws/microros_ws/install/micro_ros_agent/include/uxr/agent/transport/endpoint/CustomEndPoint.hpp\n'}
[31.985498] (micro_ros_agent) StdoutLine: {'line': b'-- Installing: /home/vfran/billeagle_ws/microros_ws/install/micro_ros_agent/include/uxr/agent/transport/endpoint/SerialEndPoint.hpp\n'}
[31.985609] (micro_ros_agent) StdoutLine: {'line': b'-- Installing: /home/vfran/billeagle_ws/microros_ws/install/micro_ros_agent/include/uxr/agent/transport/endpoint/IPv6EndPoint.hpp\n'}
[31.985739] (micro_ros_agent) StdoutLine: {'line': b'-- Installing: /home/vfran/billeagle_ws/microros_ws/install/micro_ros_agent/include/uxr/agent/transport/endpoint/MultiSerialEndPoint.hpp\n'}
[31.985858] (micro_ros_agent) StdoutLine: {'line': b'-- Installing: /home/vfran/billeagle_ws/microros_ws/install/micro_ros_agent/include/uxr/agent/transport/endpoint/CanEndPoint.hpp\n'}
[31.985978] (micro_ros_agent) StdoutLine: {'line': b'-- Installing: /home/vfran/billeagle_ws/microros_ws/install/micro_ros_agent/include/uxr/agent/transport/endpoint/IPv4EndPoint.hpp\n'}
[31.986097] (micro_ros_agent) StdoutLine: {'line': b'-- Installing: /home/vfran/billeagle_ws/microros_ws/install/micro_ros_agent/include/uxr/agent/transport/udp\n'}
[31.986182] (micro_ros_agent) StdoutLine: {'line': b'-- Installing: /home/vfran/billeagle_ws/microros_ws/install/micro_ros_agent/include/uxr/agent/transport/udp/UDPv4AgentLinux.hpp\n'}
[31.986304] (micro_ros_agent) StdoutLine: {'line': b'-- Installing: /home/vfran/billeagle_ws/microros_ws/install/micro_ros_agent/include/uxr/agent/transport/udp/UDPv6AgentLinux.hpp\n'}
[31.986439] (micro_ros_agent) StdoutLine: {'line': b'-- Installing: /home/vfran/billeagle_ws/microros_ws/install/micro_ros_agent/include/uxr/agent/transport/udp/UDPv4AgentWindows.hpp\n'}
[31.986562] (micro_ros_agent) StdoutLine: {'line': b'-- Installing: /home/vfran/billeagle_ws/microros_ws/install/micro_ros_agent/include/uxr/agent/transport/udp/UDPv6AgentWindows.hpp\n'}
[31.986682] (micro_ros_agent) StdoutLine: {'line': b'-- Installing: /home/vfran/billeagle_ws/microros_ws/install/micro_ros_agent/include/uxr/agent/transport/p2p\n'}
[31.986775] (micro_ros_agent) StdoutLine: {'line': b'-- Installing: /home/vfran/billeagle_ws/microros_ws/install/micro_ros_agent/include/uxr/agent/transport/p2p/AgentDiscoverer.hpp\n'}
[31.986895] (micro_ros_agent) StdoutLine: {'line': b'-- Installing: /home/vfran/billeagle_ws/microros_ws/install/micro_ros_agent/include/uxr/agent/transport/p2p/AgentDiscovererLinux.hpp\n'}
[31.987013] (micro_ros_agent) StdoutLine: {'line': b'-- Installing: /home/vfran/billeagle_ws/microros_ws/install/micro_ros_agent/include/uxr/agent/transport/util\n'}
[31.987100] (micro_ros_agent) StdoutLine: {'line': b'-- Installing: /home/vfran/billeagle_ws/microros_ws/install/micro_ros_agent/include/uxr/agent/transport/util/InterfaceWindows.hpp\n'}
[31.987228] (micro_ros_agent) StdoutLine: {'line': b'-- Installing: /home/vfran/billeagle_ws/microros_ws/install/micro_ros_agent/include/uxr/agent/transport/util/InterfaceLinux.hpp\n'}
[31.987350] (micro_ros_agent) StdoutLine: {'line': b'-- Installing: /home/vfran/billeagle_ws/microros_ws/install/micro_ros_agent/include/uxr/agent/processor\n'}
[31.987427] (micro_ros_agent) StdoutLine: {'line': b'-- Installing: /home/vfran/billeagle_ws/microros_ws/install/micro_ros_agent/include/uxr/agent/processor/Processor.hpp\n'}
[31.987546] (micro_ros_agent) StdoutLine: {'line': b'-- Installing: /home/vfran/billeagle_ws/microros_ws/install/micro_ros_agent/include/uxr/agent/datareader\n'}
[31.987632] (micro_ros_agent) StdoutLine: {'line': b'-- Installing: /home/vfran/billeagle_ws/microros_ws/install/micro_ros_agent/include/uxr/agent/datareader/DataReader.hpp\n'}
[31.987773] (micro_ros_agent) StdoutLine: {'line': b'-- Installing: /home/vfran/billeagle_ws/microros_ws/install/micro_ros_agent/include/uxr/agent/topic\n'}
[31.987874] (micro_ros_agent) StdoutLine: {'line': b'-- Installing: /home/vfran/billeagle_ws/microros_ws/install/micro_ros_agent/include/uxr/agent/topic/Topic.hpp\n'}
[31.987953] (micro_ros_agent) StdoutLine: {'line': b'-- Installing: /home/vfran/billeagle_ws/microros_ws/install/micro_ros_agent/include/uxr/agent/types\n'}
[31.988031] (micro_ros_agent) StdoutLine: {'line': b'-- Installing: /home/vfran/billeagle_ws/microros_ws/install/micro_ros_agent/include/uxr/agent/types/XRCETypes.hpp\n'}
[31.988525] (micro_ros_agent) StdoutLine: {'line': b'-- Installing: /home/vfran/billeagle_ws/microros_ws/install/micro_ros_agent/include/uxr/agent/types/SubMessageHeader.hpp\n'}
[31.988664] (micro_ros_agent) StdoutLine: {'line': b'-- Installing: /home/vfran/billeagle_ws/microros_ws/install/micro_ros_agent/include/uxr/agent/types/TopicPubSubType.hpp\n'}
[31.988786] (micro_ros_agent) StdoutLine: {'line': b'-- Installing: /home/vfran/billeagle_ws/microros_ws/install/micro_ros_agent/include/uxr/agent/types/Optional.hpp\n'}
[31.988885] (micro_ros_agent) StdoutLine: {'line': b'-- Installing: /home/vfran/billeagle_ws/microros_ws/install/micro_ros_agent/include/uxr/agent/types/MessageHeader.hpp\n'}
[31.989005] (micro_ros_agent) StdoutLine: {'line': b'-- Installing: /home/vfran/billeagle_ws/microros_ws/install/micro_ros_agent/include/uxr/agent/utils\n'}
[31.989108] (micro_ros_agent) StdoutLine: {'line': b'-- Installing: /home/vfran/billeagle_ws/microros_ws/install/micro_ros_agent/include/uxr/agent/utils/ArgumentParser.hpp\n'}
[31.989276] (micro_ros_agent) StdoutLine: {'line': b'-- Installing: /home/vfran/billeagle_ws/microros_ws/install/micro_ros_agent/include/uxr/agent/utils/Color.hpp\n'}
[31.989382] (micro_ros_agent) StdoutLine: {'line': b'-- Installing: /home/vfran/billeagle_ws/microros_ws/install/micro_ros_agent/include/uxr/agent/utils/SharedMutexPriority.hpp\n'}
[31.989509] (micro_ros_agent) StdoutLine: {'line': b'-- Installing: /home/vfran/billeagle_ws/microros_ws/install/micro_ros_agent/include/uxr/agent/utils/Time.hpp\n'}
[31.989620] (micro_ros_agent) StdoutLine: {'line': b'-- Installing: /home/vfran/billeagle_ws/microros_ws/install/micro_ros_agent/include/uxr/agent/utils/SeqNum.hpp\n'}
[31.989770] (micro_ros_agent) StdoutLine: {'line': b'-- Installing: /home/vfran/billeagle_ws/microros_ws/install/micro_ros_agent/include/uxr/agent/utils/TokenBucket.hpp\n'}
[31.989904] (micro_ros_agent) StdoutLine: {'line': b'-- Installing: /home/vfran/billeagle_ws/microros_ws/install/micro_ros_agent/include/uxr/agent/utils/Functions.hpp\n'}
[31.990011] (micro_ros_agent) StdoutLine: {'line': b'-- Installing: /home/vfran/billeagle_ws/microros_ws/install/micro_ros_agent/include/uxr/agent/utils/Conversion.hpp\n'}
[31.990137] (micro_ros_agent) StdoutLine: {'line': b'-- Installing: /home/vfran/billeagle_ws/microros_ws/install/micro_ros_agent/include/uxr/agent/utils/SharedMutex.hpp\n'}
[31.990233] (micro_ros_agent) StdoutLine: {'line': b'-- Installing: /home/vfran/billeagle_ws/microros_ws/install/micro_ros_agent/include/uxr/agent/reader\n'}
[31.990313] (micro_ros_agent) StdoutLine: {'line': b'-- Installing: /home/vfran/billeagle_ws/microros_ws/install/micro_ros_agent/include/uxr/agent/reader/Reader.hpp\n'}
[31.990432] (micro_ros_agent) StdoutLine: {'line': b'-- Installing: /home/vfran/billeagle_ws/microros_ws/install/micro_ros_agent/include/uxr/agent/object\n'}
[31.990516] (micro_ros_agent) StdoutLine: {'line': b'-- Installing: /home/vfran/billeagle_ws/microros_ws/install/micro_ros_agent/include/uxr/agent/object/XRCEObject.hpp\n'}
[31.990636] (micro_ros_agent) StdoutLine: {'line': b'-- Installing: /home/vfran/billeagle_ws/microros_ws/install/micro_ros_agent/include/uxr/agent/publisher\n'}
[31.990752] (micro_ros_agent) StdoutLine: {'line': b'-- Installing: /home/vfran/billeagle_ws/microros_ws/install/micro_ros_agent/include/uxr/agent/publisher/Publisher.hpp\n'}
[31.990871] (micro_ros_agent) StdoutLine: {'line': b'-- Installing: /home/vfran/billeagle_ws/microros_ws/install/micro_ros_agent/include/uxr/agent/message\n'}
[31.990951] (micro_ros_agent) StdoutLine: {'line': b'-- Installing: /home/vfran/billeagle_ws/microros_ws/install/micro_ros_agent/include/uxr/agent/message/InputMessage.hpp\n'}
[31.991040] (micro_ros_agent) StdoutLine: {'line': b'-- Installing: /home/vfran/billeagle_ws/microros_ws/install/micro_ros_agent/include/uxr/agent/message/OutputMessage.hpp\n'}
[31.991199] (micro_ros_agent) StdoutLine: {'line': b'-- Installing: /home/vfran/billeagle_ws/microros_ws/install/micro_ros_agent/include/uxr/agent/message/Packet.hpp\n'}
[31.991312] (micro_ros_agent) StdoutLine: {'line': b'-- Installing: /home/vfran/billeagle_ws/microros_ws/install/micro_ros_agent/include/uxr/agent/Root.hpp\n'}
[31.991429] (micro_ros_agent) StdoutLine: {'line': b'-- Installing: /home/vfran/billeagle_ws/microros_ws/install/micro_ros_agent/include/uxr/agent/Agent.hpp\n'}
[31.991566] (micro_ros_agent) StdoutLine: {'line': b'-- Installing: /home/vfran/billeagle_ws/microros_ws/install/micro_ros_agent/include/uxr/agent/client\n'}
[31.991660] (micro_ros_agent) StdoutLine: {'line': b'-- Installing: /home/vfran/billeagle_ws/microros_ws/install/micro_ros_agent/include/uxr/agent/client/ProxyClient.hpp\n'}
[31.991761] (micro_ros_agent) StdoutLine: {'line': b'-- Installing: /home/vfran/billeagle_ws/microros_ws/install/micro_ros_agent/include/uxr/agent/client/session\n'}
[31.991841] (micro_ros_agent) StdoutLine: {'line': b'-- Installing: /home/vfran/billeagle_ws/microros_ws/install/micro_ros_agent/include/uxr/agent/client/session/SessionInfo.hpp\n'}
[31.991945] (micro_ros_agent) StdoutLine: {'line': b'-- Installing: /home/vfran/billeagle_ws/microros_ws/install/micro_ros_agent/include/uxr/agent/client/session/Session.hpp\n'}
[31.992067] (micro_ros_agent) StdoutLine: {'line': b'-- Installing: /home/vfran/billeagle_ws/microros_ws/install/micro_ros_agent/include/uxr/agent/client/session/stream\n'}
[31.992170] (micro_ros_agent) StdoutLine: {'line': b'-- Installing: /home/vfran/billeagle_ws/microros_ws/install/micro_ros_agent/include/uxr/agent/client/session/stream/InputStream.hpp\n'}
[31.992307] (micro_ros_agent) StdoutLine: {'line': b'-- Installing: /home/vfran/billeagle_ws/microros_ws/install/micro_ros_agent/include/uxr/agent/client/session/stream/OutputStream.hpp\n'}
[31.992436] (micro_ros_agent) StdoutLine: {'line': b'-- Installing: /home/vfran/billeagle_ws/microros_ws/install/micro_ros_agent/include/uxr/agent/participant\n'}
[31.992522] (micro_ros_agent) StdoutLine: {'line': b'-- Installing: /home/vfran/billeagle_ws/microros_ws/install/micro_ros_agent/include/uxr/agent/participant/Participant.hpp\n'}
[31.992659] (micro_ros_agent) StdoutLine: {'line': b'-- Installing: /home/vfran/billeagle_ws/microros_ws/install/micro_ros_agent/include/uxr/agent/subscriber\n'}
[31.992769] (micro_ros_agent) StdoutLine: {'line': b'-- Installing: /home/vfran/billeagle_ws/microros_ws/install/micro_ros_agent/include/uxr/agent/subscriber/Subscriber.hpp\n'}
[31.992869] (micro_ros_agent) StdoutLine: {'line': b'-- Installing: /home/vfran/billeagle_ws/microros_ws/install/micro_ros_agent/include/uxr/agent/replier\n'}
[31.992956] (micro_ros_agent) StdoutLine: {'line': b'-- Installing: /home/vfran/billeagle_ws/microros_ws/install/micro_ros_agent/include/uxr/agent/replier/Replier.hpp\n'}
[31.993031] (micro_ros_agent) StdoutLine: {'line': b'-- Installing: /home/vfran/billeagle_ws/microros_ws/install/micro_ros_agent/include/uxr/agent/visibility.hpp\n'}
[31.993138] (micro_ros_agent) StdoutLine: {'line': b'-- Installing: /home/vfran/billeagle_ws/microros_ws/install/micro_ros_agent/include/uxr/agent/datawriter\n'}
[31.993217] (micro_ros_agent) StdoutLine: {'line': b'-- Installing: /home/vfran/billeagle_ws/microros_ws/install/micro_ros_agent/include/uxr/agent/datawriter/DataWriter.hpp\n'}
[31.993331] (micro_ros_agent) StdoutLine: {'line': b'-- Installing: /home/vfran/billeagle_ws/microros_ws/install/micro_ros_agent/include/uxr/agent/p2p\n'}
[31.993429] (micro_ros_agent) StdoutLine: {'line': b'-- Installing: /home/vfran/billeagle_ws/microros_ws/install/micro_ros_agent/include/uxr/agent/p2p/InternalClient.hpp\n'}
[31.993549] (micro_ros_agent) StdoutLine: {'line': b'-- Installing: /home/vfran/billeagle_ws/microros_ws/install/micro_ros_agent/include/uxr/agent/p2p/InternalClientManager.hpp\n'}
[31.993679] (micro_ros_agent) StdoutLine: {'line': b'-- Installing: /home/vfran/billeagle_ws/microros_ws/install/micro_ros_agent/include/uxr/agent/AgentInstance.hpp\n'}
[31.993804] (micro_ros_agent) StdoutLine: {'line': b'-- Installing: /home/vfran/billeagle_ws/microros_ws/install/micro_ros_agent/include/uxr/agent/logger\n'}
[31.993879] (micro_ros_agent) StdoutLine: {'line': b'-- Installing: /home/vfran/billeagle_ws/microros_ws/install/micro_ros_agent/include/uxr/agent/logger/Logger.hpp\n'}
[31.994020] (micro_ros_agent) StdoutLine: {'line': b'-- Installing: /home/vfran/billeagle_ws/microros_ws/install/micro_ros_agent/include/uxr/agent/middleware\n'}
[31.994119] (micro_ros_agent) StdoutLine: {'line': b'-- Installing: /home/vfran/billeagle_ws/microros_ws/install/micro_ros_agent/include/uxr/agent/middleware/utils\n'}
[31.994182] (micro_ros_agent) StdoutLine: {'line': b'-- Installing: /home/vfran/billeagle_ws/microros_ws/install/micro_ros_agent/include/uxr/agent/middleware/utils/Callbacks.hpp\n'}
[31.994332] (micro_ros_agent) StdoutLine: {'line': b'-- Installing: /home/vfran/billeagle_ws/microros_ws/install/micro_ros_agent/include/uxr/agent/middleware/ced\n'}
[31.994431] (micro_ros_agent) StdoutLine: {'line': b'-- Installing: /home/vfran/billeagle_ws/microros_ws/install/micro_ros_agent/include/uxr/agent/middleware/ced/CedEntities.hpp\n'}
[31.994541] (micro_ros_agent) StdoutLine: {'line': b'-- Installing: /home/vfran/billeagle_ws/microros_ws/install/micro_ros_agent/include/uxr/agent/middleware/ced/CedMiddleware.hpp\n'}
[31.994729] (micro_ros_agent) StdoutLine: {'line': b'-- Installing: /home/vfran/billeagle_ws/microros_ws/install/micro_ros_agent/include/uxr/agent/middleware/Middleware.hpp\n'}
[31.994853] (micro_ros_agent) StdoutLine: {'line': b'-- Installing: /home/vfran/billeagle_ws/microros_ws/install/micro_ros_agent/include/uxr/agent/middleware/fast\n'}
[31.994936] (micro_ros_agent) StdoutLine: {'line': b'-- Installing: /home/vfran/billeagle_ws/microros_ws/install/micro_ros_agent/include/uxr/agent/middleware/fast/FastMiddleware.hpp\n'}
[31.995066] (micro_ros_agent) StdoutLine: {'line': b'-- Installing: /home/vfran/billeagle_ws/microros_ws/install/micro_ros_agent/include/uxr/agent/middleware/fast/FastEntities.hpp\n'}
[31.995193] (micro_ros_agent) StdoutLine: {'line': b'-- Installing: /home/vfran/billeagle_ws/microros_ws/install/micro_ros_agent/include/uxr/agent/middleware/fastdds\n'}
[31.995272] (micro_ros_agent) StdoutLine: {'line': b'-- Installing: /home/vfran/billeagle_ws/microros_ws/install/micro_ros_agent/include/uxr/agent/middleware/fastdds/FastDDSEntities.hpp\n'}
[31.995422] (micro_ros_agent) StdoutLine: {'line': b'-- Installing: /home/vfran/billeagle_ws/microros_ws/install/micro_ros_agent/include/uxr/agent/middleware/fastdds/FastDDSMiddleware.hpp\n'}
[31.995718] (micro_ros_agent) StdoutLine: {'line': b'-- Installing: /home/vfran/billeagle_ws/microros_ws/install/micro_ros_agent/share/microxrcedds_agent/cmake/microxrcedds_agentTargets.cmake\n'}
[31.995874] (micro_ros_agent) StdoutLine: {'line': b'-- Installing: /home/vfran/billeagle_ws/microros_ws/install/micro_ros_agent/share/microxrcedds_agent/cmake/microxrcedds_agentTargets-release.cmake\n'}
[31.996022] (micro_ros_agent) StdoutLine: {'line': b'-- Installing: /home/vfran/billeagle_ws/microros_ws/install/micro_ros_agent/include/uxr/agent/config.hpp\n'}
[31.996164] (micro_ros_agent) StdoutLine: {'line': b'-- Installing: /home/vfran/billeagle_ws/microros_ws/install/micro_ros_agent/share/microxrcedds_agent/LICENSE\n'}
[31.996322] (micro_ros_agent) StdoutLine: {'line': b'-- Installing: /home/vfran/billeagle_ws/microros_ws/install/micro_ros_agent/share/microxrcedds_agent/cmake/microxrcedds_agentConfig.cmake\n'}
[31.996425] (micro_ros_agent) StdoutLine: {'line': b'-- Installing: /home/vfran/billeagle_ws/microros_ws/install/micro_ros_agent/share/microxrcedds_agent/cmake/microxrcedds_agentConfigVersion.cmake\n'}
[32.008700] (micro_ros_agent) StdoutLine: {'line': b"[ 50%] \x1b[34m\x1b[1mCompleted 'xrceagent'\x1b[0m\n"}
[32.025167] (micro_ros_agent) StdoutLine: {'line': b'[ 50%] Built target xrceagent\n'}
[32.031138] (-) TimerEvent: {}
[32.041375] (micro_ros_agent) StdoutLine: {'line': b"[ 56%] \x1b[34m\x1b[1mCreating directories for 'micro_ros_agent'\x1b[0m\n"}
[32.071728] (micro_ros_agent) StdoutLine: {'line': b"[ 62%] \x1b[34m\x1b[1mNo download step for 'micro_ros_agent'\x1b[0m\n"}
[32.083905] (micro_ros_agent) StdoutLine: {'line': b"[ 68%] \x1b[34m\x1b[1mNo update step for 'micro_ros_agent'\x1b[0m\n"}
[32.095302] (micro_ros_agent) StdoutLine: {'line': b"[ 75%] \x1b[34m\x1b[1mNo patch step for 'micro_ros_agent'\x1b[0m\n"}
[32.107666] (micro_ros_agent) StdoutLine: {'line': b"[ 81%] \x1b[34m\x1b[1mPerforming configure step for 'micro_ros_agent'\x1b[0m\n"}
[32.112519] (micro_ros_agent) StdoutLine: {'line': b'loading initial cache file /home/vfran/billeagle_ws/microros_ws/build/micro_ros_agent/micro_ros_agent-prefix/tmp/micro_ros_agent-cache-.cmake\n'}
[32.117400] (micro_ros_agent) StdoutLine: {'line': b'-- Found ament_cmake: 1.3.11 (/opt/ros/humble/share/ament_cmake/cmake)\n'}
[32.131280] (-) TimerEvent: {}
[32.218844] (micro_ros_agent) StdoutLine: {'line': b'-- Found Python3: /usr/bin/python3 (found version "3.10.12") found components: Interpreter \n'}
[32.231390] (-) TimerEvent: {}
[32.331849] (-) TimerEvent: {}
[32.427753] (micro_ros_agent) StdoutLine: {'line': b'-- Found OpenSSL: /usr/lib/x86_64-linux-gnu/libcrypto.so (found version "3.0.2")  \n'}
[32.431971] (-) TimerEvent: {}
[32.432698] (micro_ros_agent) StdoutLine: {'line': b'-- Looking for C++ include pthread.h\n'}
[32.516577] (micro_ros_agent) StdoutLine: {'line': b'-- Looking for C++ include pthread.h - found\n'}
[32.516986] (micro_ros_agent) StdoutLine: {'line': b'-- Performing Test CMAKE_HAVE_LIBC_PTHREAD\n'}
[32.532114] (-) TimerEvent: {}
[32.595444] (micro_ros_agent) StdoutLine: {'line': b'-- Performing Test CMAKE_HAVE_LIBC_PTHREAD - Success\n'}
[32.596222] (micro_ros_agent) StdoutLine: {'line': b'-- Found Threads: TRUE  \n'}
[32.601243] (micro_ros_agent) StdoutLine: {'line': b'-- Found rosidl_cmake: 3.1.6 (/opt/ros/humble/share/rosidl_cmake/cmake)\n'}
[32.602951] (micro_ros_agent) StdoutLine: {'line': b'-- Found rosidl_adapter: 3.1.6 (/opt/ros/humble/share/rosidl_adapter/cmake)\n'}
[32.626976] (micro_ros_agent) StdoutLine: {'line': b'-- Found fastrtps_cmake_module: 2.2.2 (/opt/ros/humble/share/fastrtps_cmake_module/cmake)\n'}
[32.629431] (micro_ros_agent) StdoutLine: {'line': b'-- Found rmw_dds_common: 1.6.0 (/opt/ros/humble/share/rmw_dds_common/cmake)\n'}
[32.632226] (-) TimerEvent: {}
[32.658790] (micro_ros_agent) StdoutLine: {'line': b'-- Found rosidl_generator_c: 3.1.6 (/opt/ros/humble/share/rosidl_generator_c/cmake)\n'}
[32.667908] (micro_ros_agent) StdoutLine: {'line': b'-- Found rosidl_generator_cpp: 3.1.6 (/opt/ros/humble/share/rosidl_generator_cpp/cmake)\n'}
[32.675493] (micro_ros_agent) StdoutLine: {'line': b'-- Using all available rosidl_typesupport_c: rosidl_typesupport_fastrtps_c;rosidl_typesupport_introspection_c\n'}
[32.687279] (micro_ros_agent) StdoutLine: {'line': b'-- Using all available rosidl_typesupport_cpp: rosidl_typesupport_fastrtps_cpp;rosidl_typesupport_introspection_cpp\n'}
[32.706706] (micro_ros_agent) StdoutLine: {'line': b'-- Found rmw_fastrtps_shared_cpp: 6.2.7 (/opt/ros/humble/share/rmw_fastrtps_shared_cpp/cmake)\n'}
[32.732366] (-) TimerEvent: {}
[32.766171] (micro_ros_agent) StdoutLine: {'line': b'-- Found FastRTPS: /opt/ros/humble/include  \n'}
[32.767644] (micro_ros_agent) StdoutLine: {'line': b'-- Found ament_lint_auto: 0.12.11 (/opt/ros/humble/share/ament_lint_auto/cmake)\n'}
[32.770046] (micro_ros_agent) StdoutLine: {'line': b'-- Found ament_cmake_gtest: 1.3.11 (/opt/ros/humble/share/ament_cmake_gtest/cmake)\n'}
[32.770767] (micro_ros_agent) StdoutLine: {'line': b'-- Found micro_ros_msgs: 3.0.1 (/home/vfran/billeagle_ws/microros_ws/install/micro_ros_msgs/share/micro_ros_msgs/cmake)\n'}
[32.832504] (-) TimerEvent: {}
[32.834562] (micro_ros_agent) StdoutLine: {'line': b'-- Configuring done\n'}
[32.843126] (micro_ros_agent) StdoutLine: {'line': b'-- Generating done\n'}
[32.846068] (micro_ros_agent) StdoutLine: {'line': b'-- Build files have been written to: /home/vfran/billeagle_ws/microros_ws/build/micro_ros_agent\n'}
[32.861461] (micro_ros_agent) StdoutLine: {'line': b"[ 87%] \x1b[34m\x1b[1mPerforming build step for 'micro_ros_agent'\x1b[0m\n"}
[32.886497] (micro_ros_agent) StdoutLine: {'line': b'[ 16%] \x1b[32mBuilding CXX object CMakeFiles/micro_ros_agent.dir/src/main.cpp.o\x1b[0m\n'}
[32.888713] (micro_ros_agent) StdoutLine: {'line': b'[ 83%] \x1b[32mBuilding CXX object CMakeFiles/micro_ros_agent.dir/src/agent/utils/demangle.cpp.o\x1b[0m\n'}
[32.888949] (micro_ros_agent) StdoutLine: {'line': b'[ 83%] \x1b[32mBuilding CXX object CMakeFiles/micro_ros_agent.dir/src/agent/graph_manager/graph_manager.cpp.o\x1b[0m\n'}
[32.889085] (micro_ros_agent) StdoutLine: {'line': b'[ 83%] \x1b[32mBuilding CXX object CMakeFiles/micro_ros_agent.dir/src/agent/graph_manager/graph_typesupport.cpp.o\x1b[0m\n'}
[32.889174] (micro_ros_agent) StdoutLine: {'line': b'[ 83%] \x1b[32mBuilding CXX object CMakeFiles/micro_ros_agent.dir/src/agent/Agent.cpp.o\x1b[0m\n'}
[32.932680] (-) TimerEvent: {}
[33.033012] (-) TimerEvent: {}
[33.133390] (-) TimerEvent: {}
[33.233778] (-) TimerEvent: {}
[33.334178] (-) TimerEvent: {}
[33.434594] (-) TimerEvent: {}
[33.535024] (-) TimerEvent: {}
[33.635432] (-) TimerEvent: {}
[33.735819] (-) TimerEvent: {}
[33.836244] (-) TimerEvent: {}
[33.936684] (-) TimerEvent: {}
[34.037024] (-) TimerEvent: {}
[34.137442] (-) TimerEvent: {}
[34.237889] (-) TimerEvent: {}
[34.338307] (-) TimerEvent: {}
[34.438737] (-) TimerEvent: {}
[34.539160] (-) TimerEvent: {}
[34.639579] (-) TimerEvent: {}
[34.740006] (-) TimerEvent: {}
[34.840415] (-) TimerEvent: {}
[34.940853] (-) TimerEvent: {}
[35.041274] (-) TimerEvent: {}
[35.141710] (-) TimerEvent: {}
[35.242093] (-) TimerEvent: {}
[35.342488] (-) TimerEvent: {}
[35.442909] (-) TimerEvent: {}
[35.543303] (-) TimerEvent: {}
[35.643697] (-) TimerEvent: {}
[35.744358] (-) TimerEvent: {}
[35.844940] (-) TimerEvent: {}
[35.945311] (-) TimerEvent: {}
[36.045702] (-) TimerEvent: {}
[36.109747] (micro_ros_agent) StdoutLine: {'line': b'[100%] \x1b[32m\x1b[1mLinking CXX executable micro_ros_agent\x1b[0m\n'}
[36.145861] (-) TimerEvent: {}
[36.246291] (-) TimerEvent: {}
[36.346728] (-) TimerEvent: {}
[36.447138] (-) TimerEvent: {}
[36.529018] (micro_ros_agent) StdoutLine: {'line': b'[100%] Built target micro_ros_agent\n'}
[36.543414] (micro_ros_agent) StdoutLine: {'line': b"\x1b[34m\x1b[1mNo install step for 'micro_ros_agent'\x1b[0m\n"}
[36.547267] (-) TimerEvent: {}
[36.556426] (micro_ros_agent) StdoutLine: {'line': b"\x1b[34m\x1b[1mCompleted 'micro_ros_agent'\x1b[0m\n"}
[36.572032] (micro_ros_agent) StdoutLine: {'line': b'Built target micro_ros_agent\n'}
[36.580969] (micro_ros_agent) CommandEnded: {'returncode': 0}
[36.581912] (micro_ros_agent) JobProgress: {'identifier': 'micro_ros_agent', 'progress': 'install'}
[36.583103] (micro_ros_agent) Command: {'cmd': ['/usr/local/bin/cmake', '--install', '/home/vfran/billeagle_ws/microros_ws/build/micro_ros_agent'], 'cwd': '/home/vfran/billeagle_ws/microros_ws/build/micro_ros_agent', 'env': OrderedDict([('LESSOPEN', '| /usr/bin/lesspipe %s'), ('LANGUAGE', 'pt_BR:ko:en'), ('USER', 'vfran'), ('LC_TIME', 'pt_BR.UTF-8'), ('XDG_SESSION_TYPE', 'x11'), ('SHLVL', '1'), ('LD_LIBRARY_PATH', '/home/vfran/billeagle_ws/microros_ws/install/micro_ros_msgs/lib:/usr/lib/x86_64-linux-gnu/gazebo-11/plugins:/opt/ros/humble/opt/rviz_ogre_vendor/lib:/opt/ros/humble/lib/x86_64-linux-gnu:/opt/ros/humble/lib'), ('HOME', '/home/vfran'), ('OLDPWD', '/home/vfran/billeagle_ws/bill_ws'), ('DESKTOP_SESSION', 'ubuntu'), ('ROS_PYTHON_VERSION', '3'), ('GNOME_SHELL_SESSION_MODE', 'ubuntu'), ('GTK_MODULES', 'gail:atk-bridge'), ('LC_MONETARY', 'pt_BR.UTF-8'), ('MANAGERPID', '1935'), ('SYSTEMD_EXEC_PID', '2555'), ('DBUS_SESSION_BUS_ADDRESS', 'unix:path=/run/user/1000/bus'), ('COLORTERM', 'truecolor'), ('TERMINATOR_DBUS_NAME', 'net.tenshu.Terminator23558193cd9818af7fe4d2c2f5bd9d00f'), ('GIO_LAUNCHED_DESKTOP_FILE_PID', '3241'), ('ROS_DISTRO', 'humble'), ('LOGNAME', 'vfran'), ('JOURNAL_STREAM', '8:16935'), ('_', '/usr/bin/colcon'), ('ROS_VERSION', '2'), ('XDG_SESSION_CLASS', 'user'), ('USERNAME', 'vfran'), ('TERM', 'xterm-256color'), ('GNOME_DESKTOP_SESSION_ID', 'this-is-deprecated'), ('ROS_LOCALHOST_ONLY', '0'), ('WINDOWPATH', '2'), ('PATH', '/opt/ros/humble/bin:/home/vfran/.local/bin:/usr/local/sbin:/usr/local/bin:/usr/sbin:/usr/bin:/sbin:/bin:/usr/games:/usr/local/games:/snap/bin:/snap/bin:/home/vfran/.dotnet/tools'), ('SESSION_MANAGER', 'local/vfran-ideapad-3:@/tmp/.ICE-unix/2203,unix/vfran-ideapad-3:/tmp/.ICE-unix/2203'), ('INVOCATION_ID', '7d6d9773d6fb4dcca3c488061a12552f'), ('PAPERSIZE', 'a4'), ('XDG_MENU_PREFIX', 'gnome-'), ('LC_ADDRESS', 'pt_BR.UTF-8'), ('XDG_RUNTIME_DIR', '/run/user/1000'), ('DISPLAY', ':1'), ('TERMINATOR_DBUS_PATH', '/net/tenshu/Terminator2'), ('LANG', 'pt_BR.UTF-8'), ('XDG_CURRENT_DESKTOP', 'ubuntu:GNOME'), ('DOTNET_BUNDLE_EXTRACT_BASE_DIR', '/home/vfran/.cache/dotnet_bundle_extract'), ('IBUS_DISABLE_SNOOPER', '1'), ('LC_TELEPHONE', 'pt_BR.UTF-8'), ('XMODIFIERS', '@im=ibus'), ('XDG_SESSION_DESKTOP', 'ubuntu'), ('XAUTHORITY', '/run/user/1000/gdm/Xauthority'), ('LS_COLORS', 'rs=0:di=01;34:ln=01;36:mh=00:pi=40;33:so=01;35:do=01;35:bd=40;33;01:cd=40;33;01:or=40;31;01:mi=00:su=37;41:sg=30;43:ca=30;41:tw=30;42:ow=34;42:st=37;44:ex=01;32:*.tar=01;31:*.tgz=01;31:*.arc=01;31:*.arj=01;31:*.taz=01;31:*.lha=01;31:*.lz4=01;31:*.lzh=01;31:*.lzma=01;31:*.tlz=01;31:*.txz=01;31:*.tzo=01;31:*.t7z=01;31:*.zip=01;31:*.z=01;31:*.dz=01;31:*.gz=01;31:*.lrz=01;31:*.lz=01;31:*.lzo=01;31:*.xz=01;31:*.zst=01;31:*.tzst=01;31:*.bz2=01;31:*.bz=01;31:*.tbz=01;31:*.tbz2=01;31:*.tz=01;31:*.deb=01;31:*.rpm=01;31:*.jar=01;31:*.war=01;31:*.ear=01;31:*.sar=01;31:*.rar=01;31:*.alz=01;31:*.ace=01;31:*.zoo=01;31:*.cpio=01;31:*.7z=01;31:*.rz=01;31:*.cab=01;31:*.wim=01;31:*.swm=01;31:*.dwm=01;31:*.esd=01;31:*.jpg=01;35:*.jpeg=01;35:*.mjpg=01;35:*.mjpeg=01;35:*.gif=01;35:*.bmp=01;35:*.pbm=01;35:*.pgm=01;35:*.ppm=01;35:*.tga=01;35:*.xbm=01;35:*.xpm=01;35:*.tif=01;35:*.tiff=01;35:*.png=01;35:*.svg=01;35:*.svgz=01;35:*.mng=01;35:*.pcx=01;35:*.mov=01;35:*.mpg=01;35:*.mpeg=01;35:*.m2v=01;35:*.mkv=01;35:*.webm=01;35:*.webp=01;35:*.ogm=01;35:*.mp4=01;35:*.m4v=01;35:*.mp4v=01;35:*.vob=01;35:*.qt=01;35:*.nuv=01;35:*.wmv=01;35:*.asf=01;35:*.rm=01;35:*.rmvb=01;35:*.flc=01;35:*.avi=01;35:*.fli=01;35:*.flv=01;35:*.gl=01;35:*.dl=01;35:*.xcf=01;35:*.xwd=01;35:*.yuv=01;35:*.cgm=01;35:*.emf=01;35:*.ogv=01;35:*.ogx=01;35:*.aac=00;36:*.au=00;36:*.flac=00;36:*.m4a=00;36:*.mid=00;36:*.midi=00;36:*.mka=00;36:*.mp3=00;36:*.mpc=00;36:*.ogg=00;36:*.ra=00;36:*.wav=00;36:*.oga=00;36:*.opus=00;36:*.spx=00;36:*.xspf=00;36:'), ('SSH_AGENT_LAUNCHER', 'gnome-keyring'), ('SSH_AUTH_SOCK', '/run/user/1000/keyring/ssh'), ('AMENT_PREFIX_PATH', '/home/vfran/billeagle_ws/microros_ws/install/micro_ros_msgs:/opt/ros/humble'), ('SHELL', '/bin/bash'), ('LC_NAME', 'pt_BR.UTF-8'), ('TERMINATOR_UUID', 'urn:uuid:3290220c-5a3b-4ced-af1d-12b5ff00b1b2'), ('QT_ACCESSIBILITY', '1'), ('GDMSESSION', 'ubuntu'), ('LESSCLOSE', '/usr/bin/lesspipe %s %s'), ('LC_MEASUREMENT', 'pt_BR.UTF-8'), ('GPG_AGENT_INFO', '/run/user/1000/gnupg/S.gpg-agent:0:1'), ('LC_IDENTIFICATION', 'pt_BR.UTF-8'), ('QT_IM_MODULE', 'ibus'), ('PWD', '/home/vfran/billeagle_ws/microros_ws/build/micro_ros_agent'), ('LC_ALL', 'en_US.UTF-8'), ('XDG_CONFIG_DIRS', '/etc/xdg/xdg-ubuntu:/etc/xdg'), ('XDG_DATA_DIRS', '/usr/share/ubuntu:/usr/share/gnome:/home/vfran/.local/share/flatpak/exports/share:/var/lib/flatpak/exports/share:/usr/local/share/:/usr/share/:/var/lib/snapd/desktop'), ('PYTHONPATH', '/home/vfran/billeagle_ws/microros_ws/install/micro_ros_msgs/local/lib/python3.10/dist-packages:/opt/ros/humble/lib/python3.10/site-packages:/opt/ros/humble/local/lib/python3.10/dist-packages'), ('LC_NUMERIC', 'pt_BR.UTF-8'), ('LC_PAPER', 'pt_BR.UTF-8'), ('COLCON', '1'), ('VTE_VERSION', '6800'), ('CMAKE_PREFIX_PATH', '/home/vfran/billeagle_ws/microros_ws/install/micro_ros_msgs:/opt/ros/humble')]), 'shell': False}
[36.586442] (micro_ros_agent) StdoutLine: {'line': b'-- Install configuration: ""\n'}
[36.586846] (micro_ros_agent) StdoutLine: {'line': b'-- Installing: /home/vfran/billeagle_ws/microros_ws/install/micro_ros_agent/share/ament_index/resource_index/package_run_dependencies/micro_ros_agent\n'}
[36.587035] (micro_ros_agent) StdoutLine: {'line': b'-- Installing: /home/vfran/billeagle_ws/microros_ws/install/micro_ros_agent/share/ament_index/resource_index/parent_prefix_path/micro_ros_agent\n'}
[36.587314] (micro_ros_agent) StdoutLine: {'line': b'-- Installing: /home/vfran/billeagle_ws/microros_ws/install/micro_ros_agent/share/micro_ros_agent/environment/ament_prefix_path.sh\n'}
[36.587478] (micro_ros_agent) StdoutLine: {'line': b'-- Installing: /home/vfran/billeagle_ws/microros_ws/install/micro_ros_agent/share/micro_ros_agent/environment/ament_prefix_path.dsv\n'}
[36.587772] (micro_ros_agent) StdoutLine: {'line': b'-- Installing: /home/vfran/billeagle_ws/microros_ws/install/micro_ros_agent/share/micro_ros_agent/environment/path.sh\n'}
[36.587839] (micro_ros_agent) StdoutLine: {'line': b'-- Installing: /home/vfran/billeagle_ws/microros_ws/install/micro_ros_agent/share/micro_ros_agent/environment/path.dsv\n'}
[36.587887] (micro_ros_agent) StdoutLine: {'line': b'-- Installing: /home/vfran/billeagle_ws/microros_ws/install/micro_ros_agent/share/micro_ros_agent/local_setup.bash\n'}
[36.587953] (micro_ros_agent) StdoutLine: {'line': b'-- Installing: /home/vfran/billeagle_ws/microros_ws/install/micro_ros_agent/share/micro_ros_agent/local_setup.sh\n'}
[36.588001] (micro_ros_agent) StdoutLine: {'line': b'-- Installing: /home/vfran/billeagle_ws/microros_ws/install/micro_ros_agent/share/micro_ros_agent/local_setup.zsh\n'}
[36.588070] (micro_ros_agent) StdoutLine: {'line': b'-- Installing: /home/vfran/billeagle_ws/microros_ws/install/micro_ros_agent/share/micro_ros_agent/local_setup.dsv\n'}
[36.588221] (micro_ros_agent) StdoutLine: {'line': b'-- Installing: /home/vfran/billeagle_ws/microros_ws/install/micro_ros_agent/share/micro_ros_agent/package.dsv\n'}
[36.588441] (micro_ros_agent) StdoutLine: {'line': b'-- Installing: /home/vfran/billeagle_ws/microros_ws/install/micro_ros_agent/share/ament_index/resource_index/packages/micro_ros_agent\n'}
[36.588694] (micro_ros_agent) StdoutLine: {'line': b'-- Installing: /home/vfran/billeagle_ws/microros_ws/install/micro_ros_agent/share/micro_ros_agent/cmake/ament_cmake_export_dependencies-extras.cmake\n'}
[36.588813] (micro_ros_agent) StdoutLine: {'line': b'-- Installing: /home/vfran/billeagle_ws/microros_ws/install/micro_ros_agent/share/micro_ros_agent/cmake/micro_ros_agentConfig.cmake\n'}
[36.588928] (micro_ros_agent) StdoutLine: {'line': b'-- Installing: /home/vfran/billeagle_ws/microros_ws/install/micro_ros_agent/share/micro_ros_agent/cmake/micro_ros_agentConfig-version.cmake\n'}
[36.589044] (micro_ros_agent) StdoutLine: {'line': b'-- Installing: /home/vfran/billeagle_ws/microros_ws/install/micro_ros_agent/share/micro_ros_agent/package.xml\n'}
[36.589186] (micro_ros_agent) StdoutLine: {'line': b'-- Installing: /home/vfran/billeagle_ws/microros_ws/install/micro_ros_agent/lib/micro_ros_agent/micro_ros_agent\n'}
[36.590541] (micro_ros_agent) StdoutLine: {'line': b'-- Set runtime path of "/home/vfran/billeagle_ws/microros_ws/install/micro_ros_agent/lib/micro_ros_agent/micro_ros_agent" to ""\n'}
[36.590620] (micro_ros_agent) StdoutLine: {'line': b'-- Installing: /home/vfran/billeagle_ws/microros_ws/install/micro_ros_agent/share/micro_ros_agent/launch\n'}
[36.590724] (micro_ros_agent) StdoutLine: {'line': b'-- Installing: /home/vfran/billeagle_ws/microros_ws/install/micro_ros_agent/share/micro_ros_agent/launch/micro_ros_agent_launch.py\n'}
[36.593036] (micro_ros_agent) CommandEnded: {'returncode': 0}
[36.604370] (micro_ros_agent) JobEnded: {'identifier': 'micro_ros_agent', 'rc': 0}
[36.605236] (-) EventReactorShutdown: {}
